{"type":"FeatureCollection","features":[{"type":"Feature","geometry":{"type":"Polygon","coordinates":[[[-67.01960662318197,10.584416598455032],[-67.0195352666171,10.583689735624889],[-67.01937473709363,10.582757763056302],[-67.01916512157936,10.582378774794881],[-67.01888424050955,10.58179909716252],[-67.01862563002965,10.581237185399587],[-67.01870589471476,10.581107902099284],[-67.01874598161022,10.581049960126196],[-67.01884406270736,10.580818081997785],[-67.01900459212777,10.580100173349626],[-67.01900459212777,10.57995744212965],[-67.0188753323089,10.579306465590543],[-67.0188976028107,10.579208307392486],[-67.0188976028107,10.579016609835184],[-67.01888424050955,10.578798121746663],[-67.01884406270736,10.578490403587441],[-67.018728165212,10.578017788175636],[-67.01846510068282,10.577576298363244],[-67.01831793365898,10.57738899625786],[-67.01817522075787,10.57723743614965],[-67.01796560554779,10.577059002805989],[-67.01753755800085,10.576746897521703],[-67.0171675047578,10.576537324606342],[-67.01708724022217,10.576510552488674],[-67.01707378705049,10.576198469485178],[-67.01704706250739,10.576078023767444],[-67.01701588387486,10.575837231663101],[-67.01690434982588,10.575418110368382],[-67.01682408531583,10.575199572273998],[-67.01663683178936,10.574847305876398],[-67.01655656730534,10.574740345152007],[-67.01653429686665,10.574597606722904],[-67.01646739465446,10.574379130638643],[-67.01645403239262,10.574316701961322],[-67.0163648597528,10.574058073842558],[-67.01632468207318,10.573986690656893],[-67.01590554354566,10.572956643011409],[-67.0157672851451,10.572689128067772],[-67.0152054345132,10.57181963422486],[-67.01515643962914,10.571748221391609],[-67.01511626200839,10.57169923538367],[-67.0145856812592,10.570999101175302],[-67.01393465905582,10.570209899829482],[-67.01361805629085,10.569808520414757],[-67.01338617188533,10.56948746654219],[-67.01327463832743,10.569277875419804],[-67.01314537940634,10.568930080817664],[-67.0131274722297,10.568849812713266],[-67.01302493774358,10.568649179145657],[-67.01287777169051,10.568377150438064],[-67.01258798462898,10.567989232431195],[-67.01241409426117,10.567837642034474],[-67.01223565896642,10.56770833819742],[-67.01214648678317,10.567659220439204],[-67.01204395241928,10.567578982829833],[-67.01152673583177,10.56726685942454],[-67.01131712231266,10.567168721396278],[-67.01034504713407,10.566736255409973],[-67.01036731740535,10.566606894949285],[-67.01036731740535,10.56648650590325],[-67.01039413263076,10.565719515400932],[-67.01038513362282,10.565657108370527],[-67.01037622551404,10.564640440535737],[-67.01037622551404,10.564497742706589],[-67.01033613902572,10.564109844038835],[-67.01030486974821,10.56398939506311],[-67.0102870535325,10.563819974987467],[-67.01021569777443,10.563547986868308],[-67.01035395524251,10.563467707730618],[-67.01063492430424,10.563280443182899],[-67.01086671703506,10.563088696012105],[-67.01092471067754,10.563017367931918],[-67.0112145880522,10.562696273988164],[-67.01153564395301,10.562196827038075],[-67.01167381074394,10.561626097950413],[-67.0117139881967,10.561077656155815],[-67.01170508007353,10.561019673307385],[-67.01172735038166,10.560948343766553],[-67.01169617195043,10.56063617799343],[-67.01163372419234,10.560306214694968],[-67.01161590794781,10.560217055054826],[-67.01160699982569,10.56013676228627],[-67.01150437462988,10.559797872012027],[-67.01145537996605,10.559646220290107],[-67.0114374728262,10.559588273075295],[-67.01144647184567,10.559530295717352],[-67.01146428808653,10.559467856068304],[-67.01156682237816,10.559026436015282],[-67.01160699982569,10.558647423608305],[-67.01159354674348,10.558558198077964],[-67.01158463862161,10.558237150384613],[-67.01152673583177,10.557978567652665],[-67.01149546650896,10.557760060331711],[-67.0113438466699,10.557358773732881],[-67.01132603043165,10.557287353125542],[-67.01115659438925,10.55703766592019],[-67.01093361879228,10.556698823451272],[-67.01041640290337,10.556177081246096],[-67.00987682618249,10.555637505841654],[-67.00975647589755,10.555499270336854],[-67.0097252066421,10.555436855231369],[-67.009644942832,10.55523620044091],[-67.0099348197551,10.555057807729293],[-67.01023360488765,10.55467883263343],[-67.01039413263076,10.554406778054053],[-67.01049666678888,10.55420612741838],[-67.01063492430424,10.553506098108745],[-67.01058583879316,10.553078002785512],[-67.01054566139554,10.552917489892863],[-67.01046539750526,10.552667730833244],[-67.01013543391639,10.552177261051733],[-67.01013543391639,10.55211932371545],[-67.01020678966748,10.551718009869186],[-67.01022460588148,10.551557435880918],[-67.01027369137097,10.550986711985034],[-67.0102647832634,10.550928737031263],[-67.01027369137097,10.55085735781429],[-67.01019788156063,10.55051847408086],[-67.01014434202256,10.550166206909696],[-67.01010425554556,10.550108258881833],[-67.01008643933419,10.550045832888223],[-67.0099170035474,10.54970694491594],[-67.00957358712972,10.549238742050647],[-67.0093060714756,10.549006874791269],[-67.00907418828632,10.548846336470307],[-67.00875758739319,10.54868574870724],[-67.00805748444512,10.548538644270113],[-67.00790586524086,10.548538620581123],[-67.00782560160872,10.548547576531963],[-67.0074466446566,10.548556510679889],[-67.00683571442457,10.548685822824256],[-67.00661719403557,10.548797278641628],[-67.00639431057071,10.548917628576788],[-67.00623378361034,10.548779390764123],[-67.00579674321177,10.548498471296023],[-67.00569420964122,10.548427170665864],[-67.00561394622572,10.54837811237397],[-67.00557376907166,10.548088267216155],[-67.00555595295873,10.54800803113035],[-67.0055470449024,10.547909940143],[-67.00550695865016,10.54772706253056],[-67.00539542616272,10.547446133497763],[-67.0050252874869,10.546879868264087],[-67.00443672006992,10.546487412647865],[-67.00429400957856,10.54642949554293],[-67.00400422554912,10.546335874950957],[-67.00349583116845,10.546197637769334],[-67.00338438985351,10.546157514211993],[-67.00275564660204,10.546019233342108],[-67.00237660109943,10.545979133713494],[-67.0020243707241,10.546019231269574],[-67.00207336482399,10.545907754222322],[-67.00237660109943,10.545247785451972],[-67.0024167780964,10.545158663112646],[-67.00267538347495,10.544587880126123],[-67.00277346265398,10.54431583122279],[-67.00289390281117,10.54385661848251],[-67.00295634990343,10.543419617495601],[-67.00292508090757,10.543098541841193],[-67.00284481776383,10.5426793728907],[-67.00274673857623,10.54230923243762],[-67.00258621233165,10.541916836193101],[-67.00235433104538,10.541176647005857],[-67.0020644568056,10.540347235756055],[-67.00204664076912,10.540267009275896],[-67.001926291635,10.54002619819775],[-67.00171668057216,10.539696259172976],[-67.0016542335747,10.539607091138482],[-67.00160523949995,10.53952681255665],[-67.00132427353634,10.53915669111113],[-67.0011459315546,10.538969383612425],[-67.00078470280788,10.53862603373561],[-67.00054391403158,10.538478889765392],[-67.00024513243629,10.538278220677208],[-66.99955403566413,10.538140031389677],[-66.9988539405968,10.538269353187967],[-66.99878703982725,10.53830949481319],[-66.99866669117414,10.538358473326976],[-66.99821629286048,10.537618262302605],[-66.99784615743984,10.537328475202468],[-66.99760536953184,10.537199145125607],[-66.99738685161282,10.537087640401603],[-66.99713715587617,10.53699846555493],[-66.99682501358873,10.536918242952497],[-66.99638361514792,10.536869149306604],[-66.99591540219548,10.536918208538845],[-66.99572360857701,10.536967267022266],[-66.99517513361647,10.536485694711144],[-66.99506369343938,10.53641878586504],[-66.99486308297965,10.53626717404663],[-66.99462674992348,10.536128960852869],[-66.99453303479602,10.535946119708473],[-66.99411390742812,10.535277244294269],[-66.99397565270945,10.535107852945861],[-66.99393556702618,10.535036444622646],[-66.99331573899214,10.534349775532636],[-66.99322656887396,10.534278392392585],[-66.99316412252793,10.534189234498555],[-66.99266473372688,10.533747774505025],[-66.9921563464264,10.533426762577426],[-66.99185311395982,10.533328615195293],[-66.99179521256946,10.533319703913072],[-66.99177285190807,10.532227267908208],[-66.99176394400246,10.532008716678947],[-66.99164359638955,10.531116903250352],[-66.99150534209194,10.529859474845258],[-66.99134481806524,10.528619860291004],[-66.99129573371462,10.52842809378307],[-66.99127346396394,10.528316581944823],[-66.99108621628847,10.527728048545208],[-66.99103267800474,10.52758976779345],[-66.99086324617602,10.527268745330687],[-66.990475298324,10.526706863323463],[-66.99021669682483,10.526336772668529],[-66.99003381244013,10.526118283778013],[-66.98977521108199,10.52590869901225],[-66.98946307162656,10.52568572706222],[-66.98913311653811,10.525507357681901],[-66.98865599990027,10.52537808185101],[-66.98801381534827,10.525297815872749],[-66.9877953909099,10.52528885483565],[-66.98770622139959,10.525297774078913],[-66.9875144297237,10.525297822535213],[-66.98712648347771,10.525137248439872],[-66.98617670677491,10.524735943845407],[-66.98562378436066,10.524499582986635],[-66.98522247727274,10.524285616556863],[-66.98465619377144,10.523946696821241],[-66.98443322543292,10.523839696804448],[-66.98424588844607,10.523777282653258],[-66.98377322860479,10.523639044636035],[-66.9835235370659,10.523598903320362],[-66.98338528415758,10.523567663863933],[-66.98269411086777,10.52352753019245],[-66.98261384972592,10.523518600215091],[-66.98242660405803,10.52352757540553],[-66.98169534651495,10.523598913802864],[-66.98163290106008,10.523616687380095],[-66.98152582574991,10.52362560216156],[-66.98070540028947,10.52377723614526],[-66.98028628009416,10.523786163328259],[-66.97985370756047,10.523746021098216],[-66.97923389033504,10.523509689818901],[-66.9784535521267,10.523219887416076],[-66.97813250930065,10.523117274482521],[-66.97757513853847,10.523019166493123],[-66.97746360989527,10.52300584456866],[-66.97666545793054,10.522916632111828],[-66.97653611393908,10.522876526613173],[-66.97618389481302,10.522729348578599],[-66.97602337383815,10.522666894124603],[-66.97546591364676,10.52248857690837],[-66.9753633839163,10.522457334723663],[-66.97465440209677,10.522279004556088],[-66.97427536976615,10.522176458018354],[-66.97403458888962,10.522149663542642],[-66.97394542090504,10.522127380733119],[-66.97312491230221,10.522087223687032],[-66.9730446521174,10.522069389840569],[-66.9725541834846,10.522069414007893],[-66.97237575696063,10.522056038250454],[-66.9718541118395,10.52204710555361],[-66.97122530222981,10.5221362560125],[-66.97091316997657,10.522247809029949],[-66.97031571973427,10.52235923856734],[-66.97015519993708,10.522399356438823],[-66.97008384771597,10.522408265971505],[-66.96932578756962,10.522649062950975],[-66.96909391583898,10.522698169091766],[-66.96881296119807,10.522675841416696],[-66.96847410694565,10.522586700230551],[-66.9676446963267,10.522247751967704],[-66.96739500981411,10.52216750264944],[-66.9666235907846,10.521966830352424],[-66.96618211801771,10.521917813073308],[-66.96603496048316,10.52191780704959],[-66.96556231139013,10.52195791207593],[-66.96502276461484,10.522078316940343],[-66.96472399619914,10.522238834802277],[-66.96439396039493,10.522439548618777],[-66.9640952831094,10.52267585674573],[-66.96404174662669,10.522738251322913],[-66.96388568189207,10.522867560042265],[-66.96377415516105,10.522956803189235],[-66.96367608073001,10.523077146733451],[-66.96344421064508,10.523108361923985],[-66.96319452545096,10.523059304255144],[-66.96313208144126,10.523028152092577],[-66.96307409122994,10.523005840714804],[-66.96292248047804,10.522979027388867],[-66.96285558269746,10.522930052667437],[-66.96278423113061,10.522916665296162],[-66.9625925363159,10.522858642886566],[-66.96247210218618,10.522836375293988],[-66.96231603776,10.522796230286254],[-66.96189247342659,10.522738306233892],[-66.96164269782693,10.522715945976469],[-66.96146436464123,10.522729354195858],[-66.96030501812477,10.522836337893802],[-66.95897170355738,10.522988008556407],[-66.95887362972015,10.522996878073835],[-66.95740216004747,10.523259959795041],[-66.95710339450274,10.523335777631146],[-66.95609557289559,10.523705871767616],[-66.95574336281551,10.523888751319918],[-66.95491396550531,10.524437181948644],[-66.95398204209305,10.524950027918635],[-66.9538527017903,10.525048085417392],[-66.95373226899058,10.525119397450426],[-66.95313474079046,10.525587617968865],[-66.95308574967882,10.525627740101342],[-66.95247486076696,10.5261360762718],[-66.9522741700925,10.52626989940961],[-66.95137342589229,10.526528492822727],[-66.95120400247667,10.526586515729157],[-66.95066446549039,10.526796044672702],[-66.95015165119757,10.526987806363206],[-66.94975481569449,10.527076962924609],[-66.94882280749202,10.527188484188846],[-66.94843488008128,10.527126033550564],[-66.94802468431843,10.527085938020164],[-66.94760549046514,10.526889662770188],[-66.94709267816737,10.526318957950405],[-66.94686526665294,10.525596542747616],[-66.94672256641573,10.525498469462525],[-66.94666457740955,10.525418177786067],[-66.94635245483856,10.525436019929753],[-66.94529120266913,10.525418171970953],[-66.9447114956413,10.525378029991565],[-66.94422549824851,10.525436064022207],[-66.9433336706394,10.525427149142743],[-66.94229469093757,10.525556451190296],[-66.94132260856193,10.525797190323942],[-66.9400026871431,10.526269850641299],[-66.93824140172617,10.526809461640266],[-66.93754126960837,10.527010111154283],[-66.93708199855003,10.527166151888867],[-66.93654247128767,10.52716618444887],[-66.93544105880731,10.526969925004128],[-66.93347455332037,10.52635011232089],[-66.93077238874905,10.525578694405857],[-66.92942130998857,10.525279942810085],[-66.9280121550719,10.52489648648763],[-66.92585398256958,10.524370339015482],[-66.923303356726,10.52387982853245],[-66.92301351134705,10.523737147379972],[-66.92283073339826,10.523527532906654],[-66.92226440378785,10.52269816223771],[-66.92191211807705,10.523317985476629],[-66.92145285627088,10.524076026373885],[-66.92105158183124,10.524397054664151],[-66.92062349539984,10.524499634454397],[-66.92016414347219,10.524499600509602],[-66.91973160398682,10.524307913176202],[-66.91947302565437,10.524196404937996],[-66.91860349416218,10.523746067256628],[-66.91812187575148,10.52337592775881],[-66.91783203232025,10.523268923958621],[-66.9175110142604,10.523206516312703],[-66.91713200953203,10.523206455342274],[-66.91668165763352,10.523389340546451],[-66.91606179934682,10.523777242416909],[-66.91545093949199,10.524018070957593],[-66.91510311041802,10.524018066028667],[-66.91470174840035,10.524009152772894],[-66.91433165208804,10.523928873233451],[-66.9136939816502,10.523719238926097],[-66.91313220315868,10.523549807706491],[-66.9127843751353,10.52357657775604],[-66.91249008021283,10.5237281831436],[-66.91203073314452,10.52433912362709],[-66.91176325040189,10.524999066898056],[-66.91141096950103,10.525436054105928],[-66.91090263462691,10.525676855752874],[-66.91055035412175,10.525676820603897],[-66.9101400875045,10.525538617858665],[-66.90946233916799,10.525106068693065],[-66.90901199177195,10.524579898394057],[-66.90851256545406,10.524209754428028],[-66.90814247213098,10.524178531850117],[-66.90773220680487,10.52451742323507],[-66.90728186042773,10.525048057858301],[-66.9068225164852,10.52522645609713],[-66.90631418466025,10.525168447986054],[-66.90568097436572,10.524927709850266],[-66.90498986960002,10.524397058422622],[-66.9041114476261,10.523897683621845],[-66.90084289061666,10.52194898783551],[-66.89850184061706,10.52048638908458],[-66.89742274969036,10.519478701044408],[-66.895902227473,10.518149864973745],[-66.89447086717463,10.517026198101552],[-66.89362363111917,10.51656688003693],[-66.89120235167096,10.515527922399752],[-66.89006074214078,10.514818926179604],[-66.88851351452784,10.513998411571507],[-66.88705090384208,10.513347412825766],[-66.88565073374093,10.512968416693525],[-66.88444233250607,10.51266966555931],[-66.88338107498952,10.51254920718867],[-66.88247141389819,10.51262950041315],[-66.87865882894374,10.512656239911191],[-66.87500240096428,10.512910385144625],[-66.869000488468,10.51284801132454],[-66.86480890287159,10.512999585963314],[-66.8634712103042,10.513057565737881],[-66.86227166046963,10.513338490668655],[-66.8620798998986,10.513347430563933],[-66.86099186408126,10.513409866887217],[-66.85965863159228,10.513396441147782],[-66.85635000788758,10.513329541812066],[-66.85542247625126,10.513267149444369],[-66.85453956827583,10.513048630883679],[-66.85339801481592,10.512897060090205],[-66.85288971918993,10.5128301921613],[-66.85053973120515,10.512549233587414],[-66.84877847202279,10.512286174997904],[-66.84802925654766,10.512250501884523],[-66.8472578671285,10.51232626797457],[-66.84621892827737,10.512446650953963],[-66.84560803437368,10.512518055699752],[-66.84490789714845,10.512598316819966],[-66.84360141233873,10.512647358209113],[-66.8418088164599,10.512428808040697],[-66.84174192931712,10.512419909823238],[-66.83983792029565,10.512067646262683],[-66.83949903247412,10.512009671642318],[-66.8378492172056,10.511470108931938],[-66.83595848660083,10.510538211619556],[-66.83542784696276,10.510359841826359],[-66.83487048945794,10.510328607464063],[-66.83302884079815,10.510208182921764],[-66.82915834939041,10.509967432430173],[-66.82622873100414,10.509820254423836],[-66.82532804635316,10.509628530478977],[-66.82448970451823,10.509329751158662],[-66.82438710426713,10.509298560749189],[-66.823281312582,10.50889721247199],[-66.82123013164652,10.507889493016132],[-66.81923684483435,10.506908428532466],[-66.81675764866054,10.505517253818022],[-66.81527718702675,10.5046075693815],[-66.81519694356686,10.504558551996745],[-66.81373884058098,10.503680080518436],[-66.81250811126992,10.503038002961173],[-66.8110187525996,10.502596518567021],[-66.80965871247551,10.502409192687908],[-66.80849042134908,10.502320050523837],[-66.80684058596735,10.502498387200875],[-66.80629660913135,10.50250731765847],[-66.8055563432898,10.50238695109677],[-66.8049365779771,10.502159533921553],[-66.80419631354414,10.50188754030195],[-66.80273823294677,10.501080399886186],[-66.80174824835439,10.499778348642819],[-66.80128006445443,10.499127351065678],[-66.80109722563907,10.49887759481898],[-66.80071828052995,10.499328018565874],[-66.80033033909098,10.500037016851786],[-66.79993785416302,10.500567617105606],[-66.79938052411944,10.500937700708276],[-66.79913970824012,10.501209708625472],[-66.79908618351425,10.501490656199632],[-66.79912634977676,10.501967747110529],[-66.79931809373083,10.502757006992391],[-66.79976846504121,10.503720172790173],[-66.80009842854477,10.504696771027895],[-66.80009842854477,10.506266323181974],[-66.80012959833559,10.506627568830808],[-66.79982644264382,10.506507111018415],[-66.79953655467794,10.506217300009594],[-66.79948748274556,10.505878391311642],[-66.79939833541036,10.505129260864296],[-66.79918878014855,10.504478218275194],[-66.79872950356759,10.503858457649624],[-66.79823006106876,10.503439304167348],[-66.79769054361046,10.503109346167136],[-66.79728915451877,10.50302900844769],[-66.79668720761642,10.503046917160484],[-66.79598711783852,10.50310037477847],[-66.79546986607288,10.503358986053172],[-66.79481884910138,10.50388965284221],[-66.79446653321423,10.504366780748219],[-66.79421690429197,10.504527331743194],[-66.79390920745944,10.504589707475317],[-66.79367729900756,10.504799276359728],[-66.79357924682833,10.505120374219302],[-66.79355689202383,10.505579690482325],[-66.79345883986124,10.505807077373552],[-66.79339640999275,10.505820460758558],[-66.79333843291458,10.505829380577289],[-66.79320912042031,10.505749116327484],[-66.79291923515336,10.505057952448519],[-66.79280782473433,10.504727966131794],[-66.79261608253701,10.504518357620483],[-66.79236636339282,10.504366767979713],[-66.79217016853737,10.504268710885595],[-66.79199623761784,10.504130475740638],[-66.79190709122265,10.503978813759243],[-66.79190709122265,10.503689033401121],[-66.79184911426624,10.503416984324874],[-66.79163947035846,10.503207446962998],[-66.79132741274498,10.503127159166455],[-66.79101971716631,10.502997869372036],[-66.7906362337911,10.502609903612502],[-66.79044894494801,10.502418186263409],[-66.79028837274788,10.502337848133596],[-66.79011898592769,10.502297759590085],[-66.7899985795485,10.502378048757777],[-66.78986926766369,10.502547436333963],[-66.78976667237623,10.502988947786697],[-66.78966862073808,10.503100428858804],[-66.78939654795973,10.503100421750828],[-66.78910675512549,10.503037942182376],[-66.78893727771549,10.502948748795951],[-66.78885703721865,10.50278824486406],[-66.78891946668709,10.502578718201947],[-66.78905768391412,10.502297728530262],[-66.7890398728827,10.502159563979868],[-66.78889720290223,10.502119365974977],[-66.78833979065567,10.502079249058667],[-66.78789833209983,10.502168419058133],[-66.78744796832406,10.502337874837659],[-66.78727849131164,10.502279917898743],[-66.78698869934543,10.501958828022318],[-66.78681922244317,10.50160662232183],[-66.78677905687765,10.50150846912865],[-66.78664974558154,10.501379197553492],[-66.78650707608345,10.501298955270045],[-66.78637776483714,10.50127660293181],[-66.78619938260157,10.501508525693083],[-66.78611914241554,10.501548649900489],[-66.78600764219483,10.501530789585333],[-66.78590959107805,10.501410408013811],[-66.78583825640015,10.500647929177202],[-66.78578918541572,10.500188618149995],[-66.78566877977393,10.499898738337059],[-66.78557963417616,10.499769434117725],[-66.7852897520349,10.499649050031918],[-66.78489736630416,10.499657977099114],[-66.78462983896486,10.499640139951026],[-66.78435776812667,10.499577665619219],[-66.78396983564011,10.499506366879269],[-66.78363987964529,10.499528659315835],[-66.78348830531002,10.49964907163983],[-66.78348830531,10.499867546515627],[-66.7835997142607,10.500139513363452],[-66.78368004503217,10.500317953947418],[-66.78365769054055,10.50054976893398],[-66.78349721075567,10.500656843553909],[-66.7832697584391,10.500616695998332],[-66.78287737383218,10.500429405526836],[-66.78253851291505,10.500366999737604],[-66.78231551362326,10.500358027474455],[-66.78203908183632,10.50017076106003],[-66.78176710286975,10.500068247775735],[-66.78160653264379,10.50010836128727],[-66.78162879619867,10.500340238746986],[-66.78158872180038,10.500527522259512],[-66.78144596245443,10.500647889145231],[-66.78123641250573,10.500737093579508],[-66.78109819681049,10.500737039831858],[-66.78090645779102,10.500866374532514],[-66.78084848173759,10.501227590464186],[-66.78078605298319,10.501499569355568],[-66.78066564819598,10.501597708512003],[-66.78035795726352,10.501718048041814],[-66.78035795726352,10.501428215711924],[-66.78021974174078,10.501107176424048],[-66.78004581376454,10.500799490498295],[-66.779925409104,10.500059298241823],[-66.77986752400282,10.499439480471368],[-66.77954638445428,10.499100546189982],[-66.77920752514058,10.498899917089467],[-66.77859659737783,10.498387115240675],[-66.77814623954552,10.49807941784871],[-66.77775831048191,10.498070500440939],[-66.7774685224315,10.498137435992772],[-66.77703597605,10.49818643001785],[-66.7765766229891,10.498177545696958],[-66.77623776510774,10.498110655399124],[-66.7760193113605,10.498008095525371],[-66.77536822145659,10.497909995237107],[-66.7747885565782,10.497910037611303],[-66.7743292958594,10.497927823608874],[-66.77396808488021,10.497927841555976],[-66.77357570546646,10.49787877632649],[-66.77321894753341,10.497829726687868],[-66.77205962181155,10.497718250964759],[-66.77094927708421,10.497740584161528],[-66.7697676010731,10.497820848354454],[-66.76966955222281,10.49782083615529],[-66.76941538858503,10.49778071214974],[-66.76932615417995,10.497727165299686],[-66.76913887101043,10.497687059145655],[-66.76901846822295,10.497646890831685],[-66.76871523503051,10.497727192622946],[-66.76848787837503,10.497807483089286],[-66.76817574016158,10.49784754103803],[-66.76804643229043,10.497678164425173],[-66.76777882050389,10.497236704075075],[-66.76771639291343,10.497169764526216],[-66.76737753932113,10.496960173692763],[-66.76621813241754,10.496866531436776],[-66.7650989826329,10.496688219582161],[-66.76417593076064,10.496469735832799],[-66.76365861151702,10.496260115051399],[-66.76299871881162,10.495818690143484],[-66.76240561556018,10.495448544971369],[-66.76184822436409,10.495230081473899],[-66.76101886271174,10.494900142417604],[-66.76035888164131,10.494690525502783],[-66.75973906521057,10.494677125884934],[-66.75921738756716,10.494467576437524],[-66.75875813709723,10.494097487083174],[-66.75856631333635,10.493896814913247],[-66.7585173351321,10.493580221557089],[-66.7585173351321,10.492969304495986],[-66.7585173351321,10.492469925132927],[-66.75828543837518,10.492206847892573],[-66.7578573564385,10.491930367212017],[-66.75737575321686,10.491729678024493],[-66.75687634011598,10.491587028444178],[-66.75644825904884,10.491506710542657],[-66.75604698440186,10.491529015271626],[-66.7553245815809,10.491618217084616],[-66.75451749041439,10.491899142261735],[-66.75406714812776,10.492068590116778],[-66.75383525285956,10.492108720875189],[-66.75358554754006,10.492028425935407],[-66.75339826860957,10.491890242463466],[-66.75304597354382,10.491827757616502],[-66.75259563221469,10.491769820815463],[-66.75215864874765,10.491809947611644],[-66.75171721303657,10.491818906663825],[-66.7511285719485,10.491916940336123],[-66.7508253465636,10.49193036405089],[-66.75066487432804,10.491908092082246],[-66.75045524276051,10.49177875790055],[-66.75002716566522,10.491649433290332],[-66.7495768263031,10.491609266370945],[-66.74909522884379,10.491506728150458],[-66.74878755185041,10.491448792971768],[-66.7484976849916,10.491488861561763],[-66.74810531995163,10.491707426660724],[-66.7477752900584,10.491667225187038],[-66.74756575023568,10.491537978550864],[-66.7473784729372,10.491319416173553],[-66.74729823721545,10.49115000037054],[-66.74726697890735,10.490860179780084],[-66.7471243174611,10.490668429782485],[-66.7468968770126,10.490628276108707],[-66.74666498415155,10.490628289908214],[-66.74645544466632,10.49058815211221],[-66.74627707263954,10.49047667750628],[-66.74608534320737,10.490226954659947],[-66.7457865725208,10.489919282179123],[-66.7454566346048,10.489758762264666],[-66.74514450675761,10.489776620824168],[-66.74450680319994,10.489807779418536],[-66.74388700097803,10.48999954757907],[-66.74326719931447,10.490298349981462],[-66.74281677350362,10.490507868629594],[-66.7425448098676,10.490548026402347],[-66.7425448098676,10.491118757449296],[-66.74244667400129,10.49178761769557],[-66.74237534377394,10.492327168441516],[-66.74212564260321,10.492808801550357],[-66.7418046113551,10.493477649411561],[-66.74175554347303,10.493807642667473],[-66.74174663856148,10.494119752653425],[-66.7417957064429,10.494338251889701],[-66.74196508152717,10.494476504436559],[-66.74220587772207,10.494650357983142],[-66.74244667400129,10.49467713947678],[-66.74285693653549,10.494677174621724],[-66.74319586900198,10.494779721909254],[-66.7433875976294,10.494877824038017],[-66.7435079959654,10.495118630926745],[-66.74352580583425,10.495497656155264],[-66.74354806817095,10.495809773065085],[-66.74344557056139,10.496188827533446],[-66.74317796827505,10.496857652847815],[-66.74177780575243,10.49675065637124],[-66.7415682677554,10.496737245851877],[-66.7356866913112,10.496237842814223],[-66.72655448281836,10.495488726762535],[-66.71802418408102,10.49477973598323],[-66.6963663594259,10.496737293803948],[-66.69627268240129,10.496750636191761],[-66.69535417578166,10.496888908367042],[-66.69446674457859,10.49683979886272],[-66.69365518264304,10.496830878405254],[-66.69260284305334,10.496639133824418],[-66.69170660211441,10.496398365287101],[-66.69084597934571,10.496188758900908],[-66.68954396242584,10.495970297600394],[-66.68826420856898,10.496059449196121],[-66.68749272306998,10.49609962597687],[-66.68679265367952,10.496367171322646],[-66.68600336153371,10.49663919052193],[-66.68534345332547,10.496839797931273],[-66.68481283781081,10.49696914847377],[-66.68371590060912,10.49730800359562],[-66.68303364347271,10.49749086815132],[-66.68233357878242,10.497918942129182],[-66.68163351483116,10.498449537653507],[-66.6806747782224,10.499087167913181],[-66.68027345759553,10.499287873981238],[-66.67955558763997,10.499559850572895],[-66.6787841122651,10.4999210837178],[-66.67827576218284,10.500197553153575],[-66.6777853114817,10.500420499355092],[-66.67677306526954,10.500719261418004],[-66.67547543712661,10.501031341464529],[-66.67493592548968,10.501388066428696],[-66.67441422233547,10.501900872920439],[-66.67406196845357,10.502079261111609],[-66.67381220175776,10.502030186199695],[-66.673584786038,10.501820608484376],[-66.6733752692677,10.501660115245029],[-66.67304527594654,10.501611083451204],[-66.67283566849045,10.501718057140316],[-66.67258599311606,10.5017894401413],[-66.67235412582245,10.501651149869968],[-66.67195281024877,10.501281113642099],[-66.67165398158207,10.50067906284158],[-66.67117243977735,10.500010238076833],[-66.67057487414415,10.49976942443967],[-66.6703341035922,10.499818524663802],[-66.66992388528853,10.499827399329957],[-66.66970537486787,10.499818516025757],[-66.6693620274553,10.499800625285165],[-66.66900532429975,10.499840764341927],[-66.66873329965952,10.499921059727418],[-66.66832308235365,10.500157377228671],[-66.66806441389828,10.500567628586259],[-66.66765419700963,10.500870849812781],[-66.66720382186315,10.501000180330566],[-66.666142529542,10.501049232539861],[-66.66534435816574,10.501089329264897],[-66.66400223313993,10.501058159782767],[-66.66288298001369,10.501089350525602],[-66.6619019201955,10.501107212055189],[-66.66120187794661,10.501098221121591],[-66.6602922329909,10.501298938296095],[-66.65878503439785,10.501918718455416],[-66.6578620371065,10.502377996393717],[-66.65751424399716,10.502480581227305],[-66.6571931624351,10.502489518816027],[-66.65661350794896,10.502498382842818],[-66.65564136129774,10.502650063218727],[-66.65471391657063,10.50261881533861],[-66.65406285261327,10.502440410582514],[-66.65373286900804,10.502208579048943],[-66.65368380758319,10.502159489657283],[-66.65348320090663,10.502650050791148],[-66.65342523576432,10.503497281199865],[-66.65369280217746,10.50417948213273],[-66.65422339260492,10.504580817046755],[-66.65472282032448,10.504870665753513],[-66.65495468138587,10.505160461487774],[-66.6549145236256,10.505419128071647],[-66.65472282032448,10.505450311627765],[-66.65445525348886,10.505410241608498],[-66.65416542739682,10.505307627572707],[-66.65376412295467,10.505120361297223],[-66.6530818968843,10.50475914688845],[-66.65263153176332,10.504068000237686],[-66.65250215519544,10.50351061191597],[-66.65226139128562,10.503341215847987],[-66.65199382546001,10.503301068183092],[-66.65164158362217,10.50343034429255],[-66.65106193406892,10.504041301918742],[-66.65075421123206,10.504268690653634],[-66.65056250915447,10.504420309663969],[-66.65017456246876,10.50456746541644],[-66.64962162527377,10.504719057218715],[-66.64888134795083,10.50487063288964],[-66.64866293541121,10.504857250393506],[-66.64859152433888,10.504687832333362],[-66.6486539408864,10.504540695540639],[-66.6488233832181,10.504339982415607],[-66.64931390311784,10.504290955784366],[-66.64981332707423,10.504197322697511],[-66.65046438678588,10.50380940556797],[-66.65075421123206,10.50353741959329],[-66.65100387828785,10.503309940837399],[-66.65107528962493,10.503020094870791],[-66.65086123734541,10.502649985834944],[-66.64961272158962,10.501998985503695],[-66.64903298298923,10.50187858945234],[-66.64869409826075,10.501718092047216],[-66.64840427473226,10.501530822695903],[-66.64792265917954,10.501330155319174],[-66.64749464761921,10.501218618462552],[-66.64715122101387,10.501218613588511],[-66.64676327636322,10.501281100792657],[-66.64633526556663,10.501499568180686],[-66.64561289009873,10.502168419246557],[-66.64533197157013,10.50248949051564],[-66.64508221583941,10.5025876331743],[-66.6449127744835,10.502547472794461],[-66.64460514541102,10.502378026879649],[-66.64400315226122,10.502257658598566],[-66.64358395603325,10.502257623903134],[-66.64310243490947,10.502377996147526],[-66.6426341786729,10.502578693410618],[-66.64229529728472,10.502779320514446],[-66.64191180732703,10.502859584601321],[-66.64128310596865,10.50302905347911],[-66.640654314368,10.503020149093402],[-66.64021286141873,10.503037988363827],[-66.63974469812403,10.50322075898488],[-66.63928098693926,10.503568632399581],[-66.63882163700247,10.503898597608012],[-66.63817513159206,10.50414829445316],[-66.63789412543694,10.504228561322869],[-66.63740370502956,10.504099206535624],[-66.63696225429946,10.503818327505204],[-66.63685077872547,10.50357748293077],[-66.63693100116186,10.503309952525262],[-66.63714504884385,10.502988929727012],[-66.63730113289435,10.50269910739927],[-66.63754189125342,10.502377992474672],[-66.63783170992538,10.502141652996542],[-66.63822410099274,10.502070327312122],[-66.6388038299308,10.501847386120305],[-66.63932105288077,10.501597679448535],[-66.63965102916475,10.501307872035687],[-66.63981156559504,10.501040317142987],[-66.63965102916475,10.500750472801686],[-66.63942362533648,10.500589882371242],[-66.63858087816674,10.500420473686392],[-66.63812161957962,10.50072819521855],[-66.63774258385598,10.5009778721129],[-66.63748392753462,10.501169572867656],[-66.63706473552871,10.501200816110487],[-66.63646274939182,10.501049234868622],[-66.63608380549356,10.501120559272032],[-66.6357047709657,10.501307818095736],[-66.63528112837118,10.501597642837622],[-66.63498240736085,10.501517384741183],[-66.63468359563699,10.501298933699697],[-66.63442494054112,10.500919882833367],[-66.6340147448431,10.500879724330398],[-66.63359110335846,10.501098250101515],[-66.63314075177877,10.501098268363645],[-66.63287319384786,10.500719251466611],[-66.63261463032985,10.500719235974069],[-66.63231136798028,10.500790571800206],[-66.63212412308378,10.50116958001906],[-66.63211067706712,10.501499555652066],[-66.63192343222896,10.501758224453827],[-66.63132145089101,10.501798345118003],[-66.63071056669182,10.501900905245591],[-66.63011303819592,10.501941046880997],[-66.62962253285579,10.501749276005386],[-66.62910077513182,10.501218633752666],[-66.62898039751748,10.500879742593888],[-66.62838287062883,10.500581034844037],[-66.62774082737954,10.500759346410959],[-66.62702283354493,10.500897608541463],[-66.62649226541653,10.500897563205339],[-66.62623361361287,10.500558690231879],[-66.62623361361288,10.500108314586528],[-66.62634063566722,10.49992994020365],[-66.62639414670109,10.49984967410828],[-66.62673301973552,10.499711496761044],[-66.62722352287076,10.499751640501158],[-66.62782104868155,10.499720380752587],[-66.62843193013654,10.499568777836453],[-66.62896259071758,10.499608906975764],[-66.62960472603811,10.499729356239241],[-66.6301620978356,10.499880927293388],[-66.63069275984402,10.499961220159417],[-66.63133480603987,10.499970124183712],[-66.63185211385513,10.499720371284512],[-66.63262353378025,10.499287858003207],[-66.63319426337829,10.498828603652028],[-66.63348408009799,10.498489704235405],[-66.63381405339953,10.4983291382217],[-66.63424214676706,10.49825777793458],[-66.63477281213598,10.498369261934009],[-66.6352409718283,10.498627931738774],[-66.6355531390465,10.49868145784657],[-66.6360034923104,10.498507480220349],[-66.63661438152465,10.498217664569284],[-66.63712269920991,10.497981358407605],[-66.63754189125342,10.497669182289583],[-66.63790311981246,10.497321394799512],[-66.63830441445197,10.497187620310015],[-66.63881273346658,10.497227752665932],[-66.63939246293236,10.497361504374169],[-66.6398428188719,10.49745964126281],[-66.64031098223758,10.497709342438757],[-66.64075243525377,10.497878803824994],[-66.64120279213967,10.497829713655884],[-66.6416041796786,10.497918940369916],[-66.64209460327002,10.498248861087543],[-66.64240232200426,10.498520879020095],[-66.64283487285472,10.498699255739313],[-66.64332084557866,10.498690366186079],[-66.64385151839714,10.498819682579313],[-66.64416368977008,10.498779500897186],[-66.6442528167234,10.49864132528004],[-66.64418149698913,10.49837823304471],[-66.64371333082632,10.498239992256584],[-66.64316485092931,10.498150829115138],[-66.6427947158428,10.498008090228216],[-66.64248254512906,10.497820786717574],[-66.64222397776581,10.497611226045152],[-66.64197422323218,10.497218874354898],[-66.64191180732703,10.496991445282529],[-66.64196086786333,10.496607971924702],[-66.64183158427292,10.49627799526182],[-66.64169330627996,10.495729528716197],[-66.64148370887912,10.495328213787262],[-66.641193888571,10.495109684978123],[-66.64088171862873,10.49493135460125],[-66.64076133881636,10.494730654798431],[-66.64063205546542,10.494547829665274],[-66.64059189859007,10.494329333087904],[-66.64067221234328,10.494070708496768],[-66.64078368857606,10.493870022194772],[-66.64078368857606,10.493620308697396],[-66.64061424834392,10.493317165914243],[-66.6404046512924,10.493089728718227],[-66.64020395786368,10.492911306964833],[-66.64006131929442,10.492719613740064],[-66.6398428188719,10.492349474641806],[-66.63962431852316,10.492180079494277],[-66.63909364916853,10.491921415796115],[-66.63838463706881,10.491720727487245],[-66.63751063808778,10.491720738063705],[-66.63668124867183,10.491787641210383],[-66.6354327602265,10.491997257447233],[-66.63392107671477,10.49205969487644],[-66.63279297191602,10.492019547952593],[-66.63170048284199,10.491689575381098],[-66.6314730818149,10.491578057849445],[-66.63038059498004,10.491029598152165],[-66.62981422873045,10.491060823945997],[-66.62913202788971,10.491430937777489],[-66.62878425019267,10.491738601213912],[-66.62833381112485,10.492139924073898],[-66.62807079773685,10.492447584951238],[-66.62761145578789,10.492478842159242],[-66.62728148566644,10.492367304393678],[-66.62713430741805,10.491881260161582],[-66.62747327169383,10.491439876578735],[-66.62793252269316,10.490989479532104],[-66.6282713965391,10.49061936992476],[-66.62869058282523,10.489798906045582],[-66.62919444255901,10.48913003614736],[-66.62957347325724,10.488728712201656],[-66.62946199896112,10.488019688975905],[-66.62901165026953,10.487600539316965],[-66.62860136716883,10.48711009343922],[-66.62864152329777,10.486811285552427],[-66.62883330973101,10.486521485449702],[-66.62887337502345,10.486178113301133],[-66.62880205698764,10.48599084342686],[-66.62857465698491,10.485687587489492],[-66.62850333898223,10.485210491047695],[-66.62869058282523,10.484867146095489],[-66.62896259071758,10.484421241174179],[-66.62893133796791,10.483707742834905],[-66.62870393791945,10.483449135408573],[-66.6281822717918,10.483190496181562],[-66.62772292976314,10.483328728654609],[-66.62731273833589,10.483400125148222],[-66.62697386499553,10.48317713754035],[-66.62682223513252,10.482731208006529],[-66.62686239115027,10.482089088358316],[-66.62675082647367,10.481607547067473],[-66.62638079165485,10.481157141898152],[-66.6257832671841,10.48105903283655],[-66.62525260922966,10.481018886749494],[-66.6248334251876,10.480827216897406],[-66.62446339147432,10.480599752515172],[-66.62416013297037,10.480711250043129],[-66.62374094964233,10.481148223145908],[-66.62324154584878,10.481937511002016],[-66.62304085776846,10.482940761166006],[-66.62274214244437,10.483801411748795],[-66.62247013718826,10.484060027826837],[-66.6222427394292,10.483979805832925],[-66.62198408933952,10.483681028232915],[-66.62187261636153,10.483230612583142],[-66.62176114340294,10.482370007242402],[-66.62177004670292,10.481741332251788],[-66.62193057867366,10.480987684802521],[-66.62216242797464,10.480510558972316],[-66.6222427394292,10.479979963911136],[-66.62216242797464,10.479609887687731],[-66.62186371306012,10.479311074644858],[-66.62141336970086,10.479159475364057],[-66.6209227801602,10.479297677485292],[-66.62031190585779,10.479600949633435],[-66.61963416675796,10.47981946151243],[-66.61786387200983,10.480247512692763],[-66.6171013730681,10.480577438290162],[-66.61634332664886,10.48072909432914],[-66.61547380926748,10.480978826322536],[-66.61517055502527,10.481197247968979],[-66.61513049059005,10.481540649901188],[-66.615353434214,10.481759141992391],[-66.61580377330408,10.482138162563842],[-66.61603116877332,10.48237003968363],[-66.61599110428405,10.482740164102555],[-66.61576361797994,10.4829987648721],[-66.61523296833417,10.483070095699102],[-66.61436345246592,10.483061216234562],[-66.6134226214608,10.483128082993236],[-66.61259326318357,10.483239564626112],[-66.61239257844773,10.483498151802909],[-66.61224095204145,10.483801408595296],[-66.61235242333842,10.484278521405404],[-66.61269128893312,10.484697645583063],[-66.6128027603089,10.485000869610547],[-66.6128027603089,10.485219399012161],[-66.61257091440498,10.485589483243224],[-66.61253075928443,10.486191495453228],[-66.61286081264679,10.486788969707884],[-66.61316397494174,10.4873910080204],[-66.61304360032429,10.487689736978837],[-66.61266012782667,10.48768085189614],[-66.61221424254043,10.487377568287261],[-66.61184412528438,10.487150222870362],[-66.6112020077865,10.486481319288703],[-66.61068026508428,10.485687601135949],[-66.61046177466653,10.48489832767263],[-66.6103101487201,10.484447943049473],[-66.61005150346529,10.483819228537431],[-66.60952985255472,10.482989880875254],[-66.60923105270481,10.482650978033925],[-66.60900365966289,10.482579631917307],[-66.60881187917818,10.482757953782766],[-66.60851317051379,10.483208347078474],[-66.60820991958632,10.483431311650744],[-66.60805384262254,10.483391157735992],[-66.6078710563784,10.483310943973375],[-66.6076035090135,10.483047804857478],[-66.60708176926406,10.482878331830465],[-66.60666259715528,10.483101358742624],[-66.60620336144999,10.483689929900436],[-66.60593136324827,10.484479199037489],[-66.60559241040852,10.484920632555687],[-66.60521339393908,10.485179237652053],[-66.60502170544657,10.485139122571733],[-66.60487008079849,10.484657554141762],[-66.60511082696124,10.483538337633632],[-66.60515098161312,10.482860548560485],[-66.60535166406302,10.482338837081011],[-66.60554335265522,10.481669984252155],[-66.6055121918991,10.481188402261402],[-66.60543188255215,10.480960958996741],[-66.60513317547759,10.480809313810527],[-66.60453112852572,10.480840544709963],[-66.60403173977961,10.481139335613205],[-66.60358140902457,10.481620918772457],[-66.60334057259513,10.482401210867017],[-66.60330041805788,10.483408995757713],[-66.60325145132927,10.484421228976506],[-66.60298390591225,10.485009831133445],[-66.60283228175155,10.485268437593573],[-66.60260034863882,10.485420046095257],[-66.602230236985,10.48526845396152],[-66.60186012554745,10.484519308055024],[-66.60179326204128,10.483471401472238],[-66.60156142015617,10.483208309385658],[-66.6013429328774,10.483168200390756],[-66.60111100031014,10.483511520840455],[-66.60088361017884,10.48387718816965],[-66.60069192299616,10.484100132997478],[-66.60008097726829,10.484278538104704],[-66.59982233618399,10.484577319132521],[-66.59966180978971,10.484987514360098],[-66.59962165548579,10.48529073746185],[-66.59962165548579,10.486039857014493],[-66.59954143773244,10.486450118175371],[-66.59980007870188,10.487337496760597],[-66.60008988026499,10.487979586001012],[-66.60008988026499,10.488318484423662],[-66.59986249050064,10.488429968081311],[-66.59967071278051,10.488429910481733],[-66.59907321335928,10.487939471337064],[-66.59831963993621,10.487261703513003],[-66.59787376472816,10.487181416833081],[-66.59761067306594,10.487221505751434],[-66.5972717246806,10.48751134521499],[-66.59685255906508,10.487881512179277],[-66.59639333047545,10.488099964774984],[-66.5962015538082,10.488398723801685],[-66.5961613997242,10.488657400284094],[-66.59680350198914,10.489107708686712],[-66.59763293047097,10.489459994804186],[-66.59812341119952,10.489678522187546],[-66.59823042853077,10.489950527556893],[-66.59815021095395,10.49009764638499],[-66.59736093595066,10.490128878644327],[-66.59674999344212,10.490271588390694],[-66.5963398219632,10.49041873471572],[-66.59607227946994,10.490490067369098],[-66.59588050290023,10.49049008438101],[-66.59555054922271,10.49029830714339],[-66.59532316109217,10.490298283964629],[-66.59524285303847,10.490490024420335],[-66.5953097158517,10.490820026814507],[-66.59497085954797,10.491190096790556],[-66.59448038126884,10.491408600269654],[-66.59402106355965,10.49163159666666],[-66.59345918109713,10.491778734222036],[-66.59297315544225,10.491921431155793],[-66.59240237102563,10.492028441993007],[-66.59198329949213,10.492478830514544],[-66.59198329949213,10.49259033054139],[-66.59231325130267,10.493187808566717],[-66.59228200035285,10.493379513292776],[-66.59201000813995,10.493557914346917],[-66.59147937837943,10.493370642376245],[-66.59081048209374,10.492839991784146],[-66.59006136997127,10.492278173346394],[-66.58945052538394,10.492269211100067],[-66.58914283217953,10.492389648466226],[-66.58891989778184,10.49271957640209],[-66.58850073772247,10.492929191057053],[-66.5880904807699,10.493120938366019],[-66.58784965025224,10.493499947668735],[-66.58760000785153,10.493740780260223],[-66.587470644434,10.49374962554017],[-66.58724325922184,10.493758548350474],[-66.58665912579409,10.493731808590033],[-66.58615075754867,10.493901304938852],[-66.58467925364398,10.494240135552786],[-66.58388109276505,10.494378430667174],[-66.58279304832328,10.494681637791611],[-66.58228023183933,10.49494027696013],[-66.5820528485088,10.49506956781131],[-66.58170945713931,10.495729507255668],[-66.58149987948335,10.49619771046514],[-66.58098261269512,10.496590132724148],[-66.58028256808788,10.497089547311516],[-66.57952011447748,10.497379355931074],[-66.57865055693712,10.49744177294466],[-66.57838302197811,10.497370462180388],[-66.57812884116221,10.49761124380278],[-66.57810204226162,10.497999165510905],[-66.57810204226162,10.498360374344731],[-66.57819125080971,10.498721549706813],[-66.57853909159394,10.499287886633027],[-66.57910986340198,10.499921044056242],[-66.57992137226668,10.50051858361078],[-66.58051894433927,10.500830684981928],[-66.58090239731824,10.500911000153886],[-66.58147317128255,10.500928825300734],[-66.58160244261875,10.501111634217203],[-66.58149987948335,10.501347959484555],[-66.58125914234049,10.501419341272412],[-66.58084889012467,10.501370299901524],[-66.58051894433927,10.501361326730523],[-66.57987231651228,10.501178513512775],[-66.57902955742136,10.50068804254298],[-66.57791036202315,10.500139565191887],[-66.57737075067233,10.499689192538078],[-66.57686248081112,10.499510805484682],[-66.57625155824567,10.49971149613746],[-66.5757699972515,10.49992102670009],[-66.57534185250304,10.500268836939949],[-66.5751590757553,10.500808383736539],[-66.5750698676404,10.501080446819802],[-66.5750698676404,10.501258814709935],[-66.57555142809433,10.50161998710319],[-66.57554252544533,10.50182958002665],[-66.57554252544533,10.502039144816699],[-66.57535974863879,10.502221960171713],[-66.57509221508957,10.502208545642153],[-66.57474882754427,10.502418162306027],[-66.5746329115796,10.502627764903265],[-66.57469086955922,10.502899741795684],[-66.57496285425665,10.503140507639467],[-66.57543996330423,10.503470472620307],[-66.57589036475436,10.503599834627016],[-66.57638082850222,10.50354185485173],[-66.57688918881497,10.503599807326928],[-66.57716117447032,10.50368899781909],[-66.57778990328725,10.504059136373343],[-66.5783919246676,10.504331135554922],[-66.57951112092799,10.505031172159242],[-66.58050104805578,10.505419129383771],[-66.58125023961018,10.505610891555103],[-66.58252106021911,10.505980985667499],[-66.58366261161805,10.506310965278377],[-66.58438936832678,10.506409070956838],[-66.58511176532998,10.506538355193815],[-66.58562013273381,10.506721177885833],[-66.58603929087083,10.506747961584397],[-66.58640939302165,10.506810374366554],[-66.5865610132343,10.506961980080344],[-66.58725216203722,10.507421225816538],[-66.58833122053467,10.507697717294977],[-66.58908932428307,10.507791373100316],[-66.58953964470155,10.507697695191366],[-66.59015058022091,10.507559525265892],[-66.59066340313346,10.507679894558358],[-66.59063215226554,10.507898347311015],[-66.59029329847753,10.508161480304373],[-66.58895996055898,10.508660920290687],[-66.58914283217953,10.50904879793496],[-66.58974032219184,10.509409990807116],[-66.59034235504681,10.509410014095717],[-66.59089078958256,10.50953931660679],[-66.59101115998938,10.509690904859692],[-66.59095320050005,10.509891608885821],[-66.59055184480974,10.510069970199197],[-66.58998115343378,10.510101179116342],[-66.58916063786427,10.509971865664724],[-66.58856314840281,10.509789068953632],[-66.58784074742837,10.509401133294428],[-66.58754195783152,10.509129133571431],[-66.5873904282271,10.508999768428502],[-66.58688205938964,10.508580619599982],[-66.5864629006899,10.508188240837564],[-66.58525003104842,10.50787166987849],[-66.5840995739882,10.507889449776059],[-66.58317205131596,10.508121327054434],[-66.58280195107551,10.508478086526308],[-66.58277079144325,10.508799092359533],[-66.58289116029363,10.509129068316685],[-66.58290896580101,10.509610674743762],[-66.58276179784706,10.509878195403688],[-66.58257901893013,10.51011903087585],[-66.58211970991903,10.510319666367376],[-66.58164259577289,10.510618434409473],[-66.58157128304617,10.51060057496258],[-66.58124124603582,10.51052925789484],[-66.58106291892646,10.510341970452652],[-66.58079983429754,10.509949547301236],[-66.58050104805578,10.509467957767509],[-66.58011314396572,10.508928412864146],[-66.57989911548876,10.508629644675215],[-66.57966273947156,10.508540488499214],[-66.57947996145954,10.508571728089848],[-66.57945316250104,10.508750034897371],[-66.5794130094874,10.509200408460458],[-66.57919898125002,10.50966863505816],[-66.57886013363861,10.509878218529995],[-66.57853018890235,10.510101212174268],[-66.57820015349648,10.510127968413245],[-66.57779889681198,10.510069995148703],[-66.5775625215889,10.509851482327969],[-66.57757142426671,10.509530434351383],[-66.57736184799738,10.509138018128795],[-66.57712111244753,10.508839256537726],[-66.576791077786,10.50843796722185],[-66.57639872466774,10.508107993004574],[-66.57622030809631,10.508139168649285],[-66.57634076652948,10.508589528350315],[-66.57633177302576,10.508950720050475],[-66.57630061371584,10.50931195098982],[-66.57614899598808,10.509570550946329],[-66.5759126213895,10.509659697503025],[-66.57554252544533,10.509601744004561],[-66.57521258246169,10.509508113184092],[-66.57478898025805,10.509499197446258],[-66.57455260617468,10.509740009527862],[-66.57432967697137,10.510127934597604],[-66.5739327832447,10.5109305498964],[-66.5734110714129,10.511679710120974],[-66.57238109380793,10.512740942647287],[-66.57204215905556,10.513249285241487],[-66.57195295138672,10.513851278894089],[-66.57205996425371,10.51439085469696],[-66.57230078869313,10.514899159648127],[-66.57275118787574,10.515741916176571],[-66.57300981780766,10.516308256478458],[-66.57328180177178,10.516959320190814],[-66.57319259392546,10.51728926289034],[-66.57305887302289,10.517369504517267],[-66.57298301912691,10.517409685924559],[-66.57251926586791,10.51735170277472],[-66.57243905157821,10.517159945844286],[-66.57234984385252,10.516928050517183],[-66.57220267838595,10.516482132181054],[-66.57193069489291,10.515911394115982],[-66.57154270528596,10.515429798430482],[-66.57123956302422,10.515131037468134],[-66.57097194040101,10.514711925361004],[-66.57056169494669,10.513721998304316],[-66.57032096202258,10.513030845225613],[-66.57020949816813,10.512428862689276],[-66.56990181442903,10.512428861889834],[-66.56962974109888,10.512598256000883],[-66.56921059397108,10.512959479842243],[-66.56880934307333,10.513048674696995],[-66.56812257510123,10.513039755615628],[-66.56763211785656,10.513360792327124],[-66.56632117541608,10.514520194214274],[-66.56496109032152,10.515291551434945],[-66.56429222242289,10.515639417010512],[-66.56377942116104,10.516000539258133],[-66.56338262501069,10.516112062633995],[-66.56314180402775,10.516018374872749],[-66.56309274959531,10.515889128669514],[-66.56299018950745,10.515661648243492],[-66.56339152748566,10.515251463203521],[-66.5639399383572,10.51492143078606],[-66.56463115294932,10.51439084077014],[-66.56512160782349,10.514239240466427],[-66.56566120855894,10.514132177027744],[-66.56596889019843,10.513980598864208],[-66.5665619067912,10.513409805355758],[-66.56709251540825,10.512749925347457],[-66.56757861180161,10.512080984951236],[-66.56792190455,10.511800103633325],[-66.56838120310958,10.511421050283637],[-66.56882269690252,10.51101973370221],[-66.5690902277588,10.510609533554902],[-66.56919278885444,10.510328576005712],[-66.56919278885444,10.51012795772651],[-66.56905007541242,10.509971841329897],[-66.56883159945548,10.509891587390413],[-66.56863983122555,10.509869322916705],[-66.56837230056307,10.509699826370554],[-66.56818053247486,10.509427832474024],[-66.56793980047249,10.509022051136773],[-66.56771233152651,10.508660897586838],[-66.56746269717205,10.508580624088875],[-66.56719961828115,10.508580654283966],[-66.566878491402,10.508571693143502],[-66.56672242470712,10.508571721333855],[-66.5664504436108,10.50851818647625],[-66.56614276173265,10.508379968830662],[-66.56584843377225,10.508210554388542],[-66.56555864804633,10.508107963197336],[-66.5651706624164,10.508058929768906],[-66.56485852992462,10.507992035646572],[-66.5645196901157,10.507720059146711],[-66.56431011824074,10.507407900175117],[-66.56409155310978,10.507019937313336],[-66.56389987718549,10.506881701851878],[-66.56376161620014,10.506850479550696],[-66.56356094705876,10.50698869487872],[-66.56339152748566,10.507278591989904],[-66.56295894002434,10.507470287167074],[-66.56253979740048,10.50748817767701],[-66.56237928056693,10.507488178085188],[-66.56211175260347,10.507341005790632],[-66.56187093211443,10.507220625295947],[-66.56172822035617,10.507077877047987],[-66.56166136113511,10.506761300318274],[-66.56171041545421,10.50655171527601],[-66.5620002902229,10.506030034993856],[-66.56241053002081,10.505717909350087],[-66.56250863878155,10.505428075205591],[-66.5624907430157,10.505218487652655],[-66.5623525731861,10.505049063089892],[-66.56215190450096,10.504982118964179],[-66.56180852410407,10.505138193426319],[-66.56167026358534,10.505329964742675],[-66.56146959512125,10.505521684616808],[-66.56117981144224,10.50579813856554],[-66.5608721321798,10.505989858541966],[-66.5603593337489,10.505972074894505],[-66.55994909531012,10.505749108600686],[-66.55964141665955,10.50566880528797],[-66.55927133040747,10.505668831912184],[-66.55886109269021,10.505717885115834],[-66.55828134622975,10.505972031014663],[-66.55779979916787,10.506110316527781],[-66.55750992636737,10.506079063758174],[-66.55738956242718,10.506012199829469],[-66.55724240050952,10.505771372860673],[-66.55725130289613,10.505490451467386],[-66.55734941083877,10.505031150192197],[-66.55763928356396,10.50461203046472],[-66.55774184276504,10.504250813725994],[-66.55771949594032,10.504081358851623],[-66.55757233394408,10.504027851197652],[-66.55721115131671,10.504219641769467],[-66.5565512850096,10.504429243711252],[-66.55574861818893,10.504710120647216],[-66.55507976024909,10.504870629375768],[-66.55388911678754,10.504661056542368],[-66.5532202608639,10.50454067498535],[-66.5528814274324,10.504629900105034],[-66.55248899859708,10.504888509650929],[-66.55219912829149,10.505321047294508],[-66.55186029542146,10.505410189673649],[-66.55174883489074,10.505370091412672],[-66.55158823002132,10.505312095714766],[-66.55146786723657,10.505138222140523],[-66.55131180443068,10.504518418822125],[-66.55092827889067,10.503920844322218],[-66.55075886278195,10.5036800600436],[-66.55029957730838,10.503292138175803],[-66.54987154099679,10.502979985920142],[-66.54931860064198,10.502899727758717],[-66.548908369545,10.502899742389275],[-66.54844908545287,10.502850676989343],[-66.5479898017038,10.502681250465164],[-66.54762862469282,10.50233791292975],[-66.54727180817612,10.5017581978302],[-66.54698203116763,10.50152190226412],[-66.54674121658523,10.501450557869601],[-66.54642909341183,10.501570959869698],[-66.54621062545266,10.50178053433344],[-66.54592075810578,10.501869717118636],[-66.54518941367807,10.502039091168335],[-66.54486838908588,10.502110494630122],[-66.54452946941709,10.502070305146988],[-66.54416829444142,10.501838453269137],[-66.54411924151847,10.50178945527577],[-66.54390077438148,10.501521838850733],[-66.54375806678433,10.501098254933954],[-66.5434414940346,10.500799502542622],[-66.54303126686372,10.500589912817269],[-66.54280825818694,10.50047844887671],[-66.54249168592767,10.500451674273233],[-66.5417604364274,10.500670225907951],[-66.54102909696167,10.500870853940064],[-66.54081953307504,10.500968912133002],[-66.54056981876714,10.501200833836405],[-66.54044046516061,10.501339036043362],[-66.5403602550377,10.50157094520993],[-66.54040930765976,10.502458261937571],[-66.54040930765974,10.502819486335412],[-66.54032900670275,10.503171747177419],[-66.54016849565849,10.503408050107467],[-66.53984747369628,10.50372911155714],[-66.53924994090549,10.504219632104252],[-66.53883081442237,10.504598635827891],[-66.5386792058888,10.50454957424176],[-66.53856765691384,10.504411343000513],[-66.53854985268194,10.504201794234811],[-66.53860780727544,10.504050200530013],[-66.53872825837607,10.503858445601976],[-66.53897788109452,10.503350061483012],[-66.53904037762804,10.503002256184997],[-66.53884861866246,10.502641072261254],[-66.53841159738856,10.50231111334044],[-66.53779181073816,10.501740391176893],[-66.53666814813643,10.500888664035921],[-66.53582090608454,10.500478430375647],[-66.53487110980929,10.500358012556264],[-66.53409962851707,10.5003490999051],[-66.53389006700637,10.500358067462571],[-66.53335948701447,10.500398197987046],[-66.53299822779775,10.500701387589025],[-66.53274851668655,10.50094216594178],[-66.53253005361204,10.501240950548148],[-66.53228034269263,10.501450542152947],[-66.53205742877533,10.50136131074253],[-66.53184777712963,10.501289983799849],[-66.53162931437801,10.500438322976485],[-66.53155800742613,10.499657932491761],[-66.53104069163668,10.498997982139803],[-66.53051901612398,10.498891033022202],[-66.52997054424904,10.498998054435779],[-66.5291010565591,10.498971273296714],[-66.52863724551848,10.499198661149103],[-66.5282092243627,10.499390450726587],[-66.5279595152155,10.499461778200027],[-66.52750914881351,10.499341339871917],[-66.52721929033954,10.49923882715623],[-66.52690717713888,10.498998011466524],[-66.52650132121434,10.498882076492656],[-66.52610900013403,10.499140685202796],[-66.52564074041268,10.499778390401938],[-66.52500752303982,10.500558701606614],[-66.52445015422758,10.501009080489341],[-66.52411124589918,10.501347963730066],[-66.52403103792528,10.501771590816585],[-66.52392848437046,10.502039154797087],[-66.52368767888164,10.502150588045444],[-66.52334877097914,10.502271016474154],[-66.5231793625167,10.502458292394884],[-66.52305891449124,10.502748131985395],[-66.52290730988382,10.502988928929076],[-66.52263979915014,10.503171766137383],[-66.52222958597588,10.50329215773884],[-66.52177023111886,10.503568565587516],[-66.52119061062645,10.504121551489874],[-66.52106126113604,10.504549592310033],[-66.5210790648564,10.504959826823564],[-66.52124856356721,10.505570749254142],[-66.52119951248847,10.505918529023734],[-66.52107016299615,10.506328745629155],[-66.52075805295848,10.50671225542727],[-66.52049045233828,10.506899560781182],[-66.52016944075233,10.507140359895592],[-66.52001783686782,10.507608578533299],[-66.52016944075234,10.508139200091657],[-66.52042804854467,10.508741174339898],[-66.5207401584123,10.509080074101828],[-66.52078030759787,10.509410025238939],[-66.52074915110296,10.509650777385735],[-66.52070900191946,10.509940649135029],[-66.52050834687708,10.510221615702275],[-66.51997768773279,10.510480230106745],[-66.51942032354525,10.510600577389395],[-66.51898776714192,10.510431170912277],[-66.51869791274059,10.510382117902918],[-66.51835900762951,10.510368746340319],[-66.51810930253782,10.510449008189227],[-66.51794879735506,10.510560449848409],[-66.51777939040305,10.511042083137896],[-66.51771689605417,10.511421054954807],[-66.51773033960542,10.511670800890782],[-66.51766784526161,10.511849136312524],[-66.51752968555064,10.511849165164058],[-66.51742713309659,10.51184916996823],[-66.51727098816227,10.511759992947558],[-66.51716843575208,10.511608379958812],[-66.51709713049927,10.511398747485332],[-66.51707033425994,10.511131249765823],[-66.51727998080138,10.510560473251667],[-66.51798004454066,10.509740033401167],[-66.51843040386603,10.509169222202217],[-66.51847055289839,10.508981952688359],[-66.51841705113414,10.508718857634017],[-66.51814945154888,10.508411177006836],[-66.5176098926637,10.50779140349476],[-66.51748063477328,10.507461400373309],[-66.51748063477328,10.50714034834477],[-66.51767683790662,10.506609725576476],[-66.51781944855738,10.50619943165442],[-66.51793099372678,10.505989902874468],[-66.51794879735505,10.505740208837626],[-66.5179576991694,10.50494200666327],[-66.51798004454066,10.504460383167482],[-66.51804689898971,10.503871803282243],[-66.51804689898971,10.503350064861722],[-66.51814945154888,10.503109296086953],[-66.51835900762953,10.502988882488928],[-66.51889856718289,10.502699062035743],[-66.5190190143812,10.502471680226924],[-66.5190190143812,10.502230843146942],[-66.51884951629451,10.502012392126995],[-66.51860871282429,10.501891936805608],[-66.51818069874486,10.501932094934695],[-66.51740033684261,10.502328937471468],[-66.51682062970039,10.502618823960841],[-66.51647727474511,10.502899767212279],[-66.51628107200114,10.50333225667083],[-66.51610721462288,10.50438017574321],[-66.51568801326088,10.50499999866731],[-66.51539816044159,10.505428077597914],[-66.5151306530273,10.506119209162438],[-66.5149968539474,10.507002113074064],[-66.51489875280785,10.50752829569696],[-66.51455094806283,10.508411169570179],[-66.5143280406612,10.50874115965182],[-66.5139667927772,10.508861581944226],[-66.51357883985919,10.508709968290209],[-66.51332023499714,10.508491430492983],[-66.51288768296071,10.508201607022087],[-66.51266922704173,10.508130290598624],[-66.51245077120187,10.508130299825659],[-66.51222777374218,10.508290757383092],[-66.5119691694594,10.508580616383881],[-66.51157676696614,10.508701004447689],[-66.511429616097,10.50862077009671],[-66.51135822068827,10.508259538762275],[-66.51136721323928,10.507688839802228],[-66.5115188149529,10.50706896680391],[-66.51190676654583,10.50643137019073],[-66.51227682409282,10.506119174354666],[-66.5126068240557,10.506150401393965],[-66.51292783162471,10.506391222185009],[-66.51328907888671,10.50640905137282],[-66.51352988023683,10.506248540521424],[-66.51386869180504,10.50598987725644],[-66.51415854389012,10.505659913096984],[-66.51425664490938,10.505200589907066],[-66.51435919682527,10.504821574533414],[-66.51460890036736,10.504340000330595],[-66.51502810098037,10.503608724413462],[-66.5151306530273,10.503131604550317],[-66.5151083985958,10.502578722695121],[-66.51501919920919,10.502070364852877],[-66.51472934671088,10.50178945384701],[-66.51443949435172,10.501691324364261],[-66.514006941513,10.50156201391219],[-66.51366803903296,10.501347967254086],[-66.51354768373541,10.500960006546773],[-66.51361008681877,10.50083070099983],[-66.51373053296298,10.500581025434169],[-66.5139667927772,10.500349162699669],[-66.51431014630532,10.5002822694442],[-66.51498795217667,10.500161859844274],[-66.51556765756065,10.499979040654965],[-66.51609831283578,10.499961186440846],[-66.51645947116018,10.50009940191754],[-66.51679837520665,10.500300089939362],[-66.51705698155807,10.50055873257001],[-66.51734683517303,10.500679085183565],[-66.51769019062218,10.50051855679541],[-66.51830105496536,10.500188634775682],[-66.51863996004398,10.49977837268513],[-66.51902791621129,10.499118387136978],[-66.51985733117886,10.498338046102138],[-66.5203388483734,10.498101751125718],[-66.52067775459297,10.498101739952924],[-66.52113701778647,10.497910004849786],[-66.52132877117305,10.497941237710295],[-66.52166767794638,10.497851993663513],[-66.52195753376917,10.498061646966436],[-66.52230089183324,10.49807053519708],[-66.52241679793264,10.497918921347752],[-66.52252834394889,10.497419477788087],[-66.5225907479588,10.49682194514398],[-66.52263979915014,10.4961307894292],[-66.52272000694008,10.495421834330429],[-66.52348702285325,10.49493133556979],[-66.52461066113261,10.494570113331628],[-66.52500752303982,10.494101905509334],[-66.52502096675282,10.493700622121473],[-66.52436095346452,10.493071867297346],[-66.52399979042755,10.492148872173091],[-66.52408008923308,10.49152901522303],[-66.52381693809669,10.49123919674522],[-66.5234468734884,10.491270383074102],[-66.52255950053528,10.491368473842952],[-66.5219173845056,10.491529047000903],[-66.52160972496554,10.491551331368164],[-66.52133776387242,10.491479971894396],[-66.52078920945385,10.491029567079176],[-66.52042804854467,10.490369644044021],[-66.52017834259934,10.489531318280317],[-66.51988848762787,10.489268296983402],[-66.51921966892996,10.488938313459796],[-66.51884951629451,10.48892935624983],[-66.51868010909025,10.488849107745477],[-66.51844820750901,10.488750968412544],[-66.51822974957899,10.48826941643692],[-66.51802019354314,10.487390995852449],[-66.5181182951894,10.48698075488789],[-66.51833675307914,10.486811310598686],[-66.5188272617261,10.486739923546498],[-66.51938907628526,10.486820217352951],[-66.51950053090894,10.486780116273044],[-66.52008914246485,10.48678902291967],[-66.52045929585827,10.486681973002852],[-66.52112811592538,10.486539300390763],[-66.52205118511603,10.486690921979323],[-66.52274680342946,10.486570472988397],[-66.52298760854475,10.486418906040612],[-66.52310796572044,10.486280681121135],[-66.52313031128173,10.486030988526224],[-66.52290730988382,10.485518154363511],[-66.52255950053528,10.485081164864093],[-66.52218943669429,10.484688736898137],[-66.52181928224381,10.484300861711791],[-66.5214670225865,10.484051082596089],[-66.52112811592538,10.483841514417245],[-66.52095870808357,10.48378805724618],[-66.52057075067897,10.48364087010377],[-66.52024074636722,10.483328710878254],[-66.52004009148001,10.483029963803165],[-66.51980828021279,10.48252167047295],[-66.51962097822705,10.482289756287106],[-66.51931777077068,10.481999912589318],[-66.51903681804151,10.481950899500031],[-66.51884061446705,10.482080182901507],[-66.51868901091537,10.482321010893642],[-66.51849725836485,10.482619712984025],[-66.51823865139747,10.482860538557382],[-66.51802019354314,10.482900636700261],[-66.51778829221489,10.482891725630536],[-66.51760099085448,10.482740150802792],[-66.51749843838832,10.482539445519764],[-66.51737808232754,10.482249663825122],[-66.51736908968698,10.481919695907568],[-66.51723983184803,10.48159860869401],[-66.51690092755405,10.48134892244203],[-66.51653976896586,10.48130878362136],[-66.51633902447166,10.481389027660814],[-66.51596896443407,10.481638770140712],[-66.51563896263298,10.48186172836746],[-66.51538925866494,10.481901793856727],[-66.51502810098037,10.481781394287614],[-66.51486759661594,10.481629827610075],[-66.5148274478229,10.481478183487418],[-66.51484970224405,10.481108125904289],[-66.51486759661594,10.480657714544265],[-66.51476050289565,10.480408063614846],[-66.51455984982711,10.480069128469767],[-66.5141897908797,10.479930937003635],[-66.51398023624499,10.479681160311909],[-66.51395789102166,10.479578625651534],[-66.51394008751099,10.4794092188848],[-66.51406934464384,10.479262032122929],[-66.51480065168424,10.479039090196931],[-66.51511730036829,10.478981123270858],[-66.51544721104993,10.478860717812106],[-66.51573706389276,10.478660061692404],[-66.51591991378336,10.478379149548548],[-66.51593771735241,10.478209712323151],[-66.51620086506439,10.477928804533985],[-66.51650852185467,10.477710266161035],[-66.51670917557051,10.477531934262128],[-66.51682953149812,10.47731786819014],[-66.51682953149812,10.477108280849993],[-66.5167493244886,10.476929952083312],[-66.51645947116018,10.476711437321717],[-66.51613837087872,10.476559798185312],[-66.51590656110692,10.476171860496096],[-66.51587976492038,10.475948925150014],[-66.51587976492038,10.475480682015245],[-66.51600021151734,10.475008048975003],[-66.51606706574744,10.47463796349456],[-66.51588866670424,10.474160826772676],[-66.51561670818275,10.47393787923671],[-66.51542050571823,10.473897782040785],[-66.51515744918059,10.473920033235707],[-66.51495670514576,10.474071655180666],[-66.51476949549739,10.474299062975167],[-66.51459999860235,10.474468538183592],[-66.51424774314957,10.47454876223994],[-66.51398023624499,10.474379312657755],[-66.51374833646747,10.474129582567894],[-66.5135565854849,10.47387098290982],[-66.51338717976463,10.473621313783195],[-66.5132176832578,10.473380510836684],[-66.51299032547804,10.473157514737503],[-66.51271827742829,10.473081712932325],[-66.51249982157066,10.473090641323735],[-66.51229017668898,10.473358181910308],[-66.51209842616996,10.473781774101294],[-66.51180866590872,10.473960205371174],[-66.51155887269185,10.474031519385875],[-66.51130026869605,10.47392894371284],[-66.51109071506534,10.473741698327839],[-66.51093021174859,10.47354099967033],[-66.51078751189165,10.473197655601703],[-66.5107205674128,10.472769560938229],[-66.51066706633534,10.472247880140369],[-66.51068050972958,10.471681608792558],[-66.51056006419465,10.471329292825967],[-66.51028810807543,10.471119706494877],[-66.5099670110787,10.471039459141446],[-66.50974855621838,10.471119760331428],[-66.50953001060375,10.471369414995307],[-66.50846871208044,10.472551072308558],[-66.50827705361131,10.472778517567273],[-66.50805850853098,10.473068374086587],[-66.5078667593592,10.47325113356708],[-66.50769735523886,10.473358180644412],[-66.5075680086397,10.473398324636948],[-66.50744765456083,10.473358202264304],[-66.50730940635805,10.473161953519913],[-66.50724700392742,10.47284092027947],[-66.50712655907957,10.472519854971912],[-66.50702845922132,10.472341514269468],[-66.50670745479705,10.4721186027408],[-66.50648000864204,10.471949076803991],[-66.50608760972712,10.47198029284239],[-66.50576651497228,10.472060606301618],[-66.50549011020476,10.472167649029577],[-66.50526711532397,10.472408397419345],[-66.50513776924775,10.47251096038595],[-66.50483011826404,10.472671520687802],[-66.50462946850453,10.4726715153119],[-66.50438867071506,10.472568965197874],[-66.50408992172459,10.472261225122308],[-66.50388927221243,10.471837628526556],[-66.5036395731169,10.471391762025625],[-66.50345672695533,10.470990414437148],[-66.50303753440073,10.470410705761351],[-66.50239988994964,10.470000485745945],[-66.50186034517434,10.469679408492908],[-66.50163744247452,10.469501053613206],[-66.50138774431628,10.469358419391254],[-66.50085710201328,10.469188924309924],[-66.50026850925177,10.469148790334474],[-66.49989836826654,10.469148803719655],[-66.49953721988399,10.469188914762032],[-66.49928743176893,10.4692914621392],[-66.49900657921998,10.469460964193088],[-66.49873898826583,10.469469822133957],[-66.49850709436869,10.469438617530177],[-66.49833769289076,10.469340502543822],[-66.49826629903826,10.469171124509158],[-66.49826629903826,10.46901952145742],[-66.49852943901762,10.468689530067847],[-66.49854724207184,10.468578070523344],[-66.49854724207184,10.468368448732756],[-66.49849819284212,10.468109863972394],[-66.49836884822601,10.467819948393089],[-66.49817719298242,10.467481079959294],[-66.49791850391688,10.467030718765802],[-66.49762865966483,10.46675870781376],[-66.497410209295,10.466611556725315],[-66.49717831591279,10.466517943209432],[-66.49693752111713,10.466268205635545],[-66.49675912775123,10.466009571683806],[-66.49661643126316,10.465728699100694],[-66.49653622695031,10.465461153003417],[-66.49641578425383,10.465220289778111],[-66.49626863710101,10.465189121211342],[-66.49606799020839,10.465251529761948],[-66.4959297446294,10.465420993581512],[-66.49582719585985,10.465710862020273],[-66.4956666966252,10.46587132512423],[-66.49539910716513,10.465991743113403],[-66.49512715791808,10.465978367483961],[-66.49499781403107,10.465978387937275],[-66.49480606903658,10.465969484872021],[-66.49458752886684,10.465960577676285],[-66.49422638369094,10.466031851001473],[-66.49387859091986,10.466228104913164],[-66.49331670937296,10.466361854085648],[-66.49310716202554,10.466419811018428],[-66.49292876980336,10.4665000865405],[-66.49266572312087,10.466598157237131],[-66.49244718373458,10.466620492948492],[-66.49215734213668,10.466611556311202],[-66.49187640210738,10.466500065147567],[-66.49161780660086,10.466459993231478],[-66.49141716127106,10.466468854941267],[-66.49114957371579,10.466509034065671],[-66.49100687856826,10.46655803888874],[-66.49085973274849,10.466740868795279],[-66.49073938202784,10.4669415235285],[-66.4905476384016,10.46721798023713],[-66.49037814835036,10.467588145122777],[-66.49026669913071,10.467891300290466],[-66.4900259071226,10.46816778144847],[-66.48987876154503,10.468261429504674],[-66.48974941879572,10.468301561356391],[-66.48960672398339,10.468301578200414],[-66.48947747212367,10.46824805982225],[-66.48933922807144,10.468167791259859],[-66.4892366804345,10.468051859748684],[-66.48915638628291,10.467900259485475],[-66.48911623921119,10.467730843179547],[-66.4891073378246,10.467481067712386],[-66.48925893390603,10.467329511392382],[-66.48947747212367,10.467177883441755],[-66.48959782258947,10.466959410348053],[-66.48970936251459,10.466830072529312],[-66.48978956591012,10.466549106083672],[-66.48996795719327,10.46543879219083],[-66.49009729999001,10.464489051956825],[-66.49013735629723,10.463378721465983],[-66.49037814835036,10.462839193141498],[-66.49058778556979,10.462660823971653],[-66.49085973274849,10.462469075883009],[-66.4911986223422,10.462308497026385],[-66.49173824832967,10.462210415041675],[-66.49244718373458,10.462081132992665],[-66.4929466635218,10.462067747638866],[-66.49356640416258,10.462058827010358],[-66.49395888570722,10.462009800515283],[-66.49426653110665,10.461960737040767],[-66.49453847996193,10.46177793072581],[-66.49466782374951,10.461621846006588],[-66.49479716756511,10.461421172460287],[-66.49487737164458,10.460979755945365],[-66.49486847017204,10.460658634894006],[-66.49471687266505,10.46044014275768],[-66.49449842335925,10.46000766393853],[-66.49445827592794,10.459570654271253],[-66.49457862739862,10.45928969969391],[-66.49472577413532,10.458919653414501],[-66.49472577413532,10.458518287546369],[-66.4946366686071,10.45814820055277],[-66.49448943106104,10.45784048280495],[-66.49421748222808,10.457519489430672],[-66.49401683602424,10.457238551760181],[-66.49347729880735,10.456600908087227],[-66.49332561082238,10.45632888953269],[-66.49308935913335,10.45610144544034],[-66.49281732010706,10.456030149516996],[-66.49248733103063,10.4560791618984],[-66.4923268326936,10.45618176149968],[-66.49203699115415,10.456239722361502],[-66.49161780660086,10.45610147061027],[-66.4913368668257,10.455927528593945],[-66.49094892854353,10.455927534959997],[-66.49051639264363,10.45598999663863],[-66.4900081043224,10.456119285768333],[-66.48972716530587,10.456190638456274],[-66.48951761921975,10.456369007555317],[-66.48951761921975,10.456471600241283],[-66.48956666771184,10.456707920456774],[-66.48989656434136,10.457109231438602],[-66.49041829550713,10.457737981256354],[-66.49082857780489,10.458259643830958],[-66.49090878135104,10.458558398068213],[-66.49090878135104,10.458901744434511],[-66.49079733203219,10.459178267238734],[-66.49063683414995,10.459798086454327],[-66.49055653980969,10.460279669575801],[-66.49037814835036,10.460498178672804],[-66.49019984777507,10.460529396999307],[-66.49009729999001,10.460310882754877],[-66.49012845489538,10.459949656193002],[-66.49009729999001,10.459481474522761],[-66.48991890866814,10.459138097164995],[-66.48957556910528,10.458888423286842],[-66.48922777904613,10.4584603018965],[-66.48895574178177,10.458081293672384],[-66.48859895987515,10.457599745610766],[-66.48825562107318,10.457300940607102],[-66.48801928056315,10.457180554703422],[-66.4877473346812,10.457131552021117],[-66.48749764232919,10.45718055743039],[-66.48749764232919,10.457309916565952],[-66.48759573898464,10.457657672479701],[-66.48779638302749,10.458001009236973],[-66.48779638302749,10.458170480509951],[-66.48772944111884,10.458317654335696],[-66.48753769846154,10.45829980689846],[-66.4873370545059,10.458210635113721],[-66.4870695596137,10.458027821023352],[-66.48677972063193,10.457791496618947],[-66.48645863624634,10.457599728296804],[-66.48603945561909,10.457430305014423],[-66.48583881216881,10.457430303189735],[-66.48561582462015,10.45747930233204],[-66.4854286241398,10.457657721971948],[-66.48527693820431,10.457831628840347],[-66.48525913554614,10.458050131513216],[-66.48533942917186,10.458277532274153],[-66.48543752547135,10.458781415621498],[-66.48549547495959,10.45928082578329],[-66.48554897378682,10.45987833299311],[-66.48543752547135,10.460288603535417],[-66.48533942917186,10.460667552097158],[-66.48533942917186,10.46093962173718],[-66.48546868013283,10.461091171733369],[-66.48565597145571,10.461189301273896],[-66.48581655882515,10.4612383730439],[-66.48615544554856,10.461251756310428],[-66.48647643894041,10.461398866810965],[-66.48693576679761,10.461889367623586],[-66.48708736232605,10.462179214477887],[-66.4870695596137,10.46235761812854],[-66.4869981671093,10.462558227316057],[-66.48680642468766,10.462687559276802],[-66.48653893003402,10.463030905398233],[-66.48642739070294,10.463338585852279],[-66.48622674712178,10.463730995524132],[-66.4859993087576,10.464181333485124],[-66.48572736379899,10.46456037275899],[-66.48550882695847,10.464707517881434],[-66.48528593036347,10.464738778654564],[-66.48502724688939,10.464738731234588],[-66.48462596073983,10.464689725094896],[-66.48437626969844,10.46467183768213],[-66.48431822948959,10.464680751088453],[-66.48411758662034,10.464649575529616],[-66.48399723726321,10.46460050871761],[-66.48369840764413,10.464350830914709],[-66.48342646373848,10.464230373172708],[-66.48320792774422,10.464109991371524],[-66.48305633320525,10.463980669335816],[-66.48295823729893,10.463757782063134],[-66.48282889605464,10.463191436266348],[-66.48274869359778,10.4627499675513],[-66.48255695254723,10.462348654825746],[-66.48237856348712,10.46205880785024],[-66.48205748147993,10.461889393434967],[-66.48178553832598,10.461911648135695],[-66.48147780854791,10.462107865221792],[-66.48127716663869,10.462469092632979],[-66.48106762353115,10.462910490440478],[-66.48094718396317,10.463008599365962],[-66.48081784315724,10.463008614746117],[-66.48062610273068,10.46291940302796],[-66.48052800722616,10.462687572528104],[-66.48056815371771,10.462469043627243],[-66.48071529699055,10.462130188233902],[-66.48078668873981,10.46177793597282],[-66.48078668873981,10.461501476663747],[-66.48072864888195,10.46115810537231],[-66.48062610273068,10.460779077381416],[-66.48054590057161,10.460520439667295],[-66.48044780508033,10.460417895776128],[-66.480287219163,10.460440174224969],[-66.48023817143672,10.460667594261324],[-66.4799973834913,10.46086820985724],[-66.47981899520099,10.460970842299048],[-66.47953815183033,10.461220519467046],[-66.47931516664859,10.461367705739136],[-66.47912787732656,10.46150144598049],[-66.47896738259577,10.461519255233968],[-66.47879789584748,10.46143009797322],[-66.4786774567407,10.461309676501969],[-66.4785793615587,10.461037663804206],[-66.47854820725894,10.460779084116949],[-66.47837872063056,10.460368813127213],[-66.47814683466292,10.460047736661185],[-66.47794619388132,10.459829282655388],[-66.47768760443644,10.459731207300655],[-66.47739777003657,10.460578378972729],[-66.47700529942546,10.462148022697056],[-66.4771079357786,10.46283915007176],[-66.47745571873946,10.463730957767806],[-66.4781290322187,10.464480129696987],[-66.47932851850842,10.466281573439522],[-66.47986804289255,10.467217988109379],[-66.48005533244849,10.46803849153939],[-66.48015787850102,10.468751970317987],[-66.48026941665448,10.469220116639356],[-66.48053690848423,10.469960339298469],[-66.48080894189495,10.470597999592647],[-66.48138861417337,10.471730590765997],[-66.48184793809678,10.473099574636802],[-66.48213777467278,10.473558846951576],[-66.48241871010391,10.474178697564735],[-66.482699645668,10.474901005744156],[-66.4828958374114,10.476149610157254],[-66.48305633320525,10.478080355884297],[-66.48316778107404,10.479899679828279],[-66.48315887977652,10.480737992844489],[-66.48315887977652,10.48128201644373],[-66.48296713859347,10.48191078002314],[-66.48229827026167,10.48268214640336],[-66.48202632699737,10.483061225710633],[-66.48189698595615,10.48368989868083],[-66.4819460338196,10.484590700134309],[-66.48215557723738,10.485402186056794],[-66.48244541396365,10.486530367365848],[-66.48274869359778,10.487011965856919],[-66.48331946647104,10.48738204252457],[-66.48352901037364,10.487859225648245],[-66.48363600767881,10.488648459227646],[-66.48358695967575,10.491132136474338],[-66.48369840764413,10.492951438714202],[-66.48359586097972,10.493878986676094],[-66.48340857030617,10.494512175462665],[-66.48288693611794,10.496028249033285],[-66.48280664282373,10.497548849189712],[-66.48304743190938,10.498601131445245],[-66.4831767732013,10.50021086975108],[-66.48353791167675,10.50108039920613],[-66.48422912551801,10.501561984456446],[-66.48485784924002,10.502409233809669],[-66.48502724688939,10.503301017186626],[-66.48505849235923,10.503421450549983],[-66.4850094442387,10.504282058379527],[-66.48491579867174,10.50488848839274],[-66.48484885708733,10.505312091709014],[-66.48463931271918,10.506190576009248],[-66.4843093281748,10.507171515701629],[-66.4839793438137,10.508121362860136],[-66.48368950633864,10.508620724490422],[-66.48312772523616,10.50902211495549],[-66.48227601705067,10.509690927479793],[-66.48142876072318,10.510881507251343],[-66.48105863143586,10.51133190882897],[-66.48090703744596,10.511759955404843],[-66.48097842921828,10.512402088402487],[-66.48099623174808,10.513048677569504],[-66.48125936410045,10.513771032519589],[-66.48156700293588,10.514279400904382],[-66.48156700293588,10.514471126279465],[-66.4815268563767,10.51537185678244],[-66.48125936410045,10.515969327029804],[-66.48077769664879,10.516388485556202],[-66.47982798727747,10.51704844604836],[-66.47945785898943,10.517570178871424],[-66.4793196172685,10.517770859365237],[-66.47918582619873,10.518149866372822],[-66.47908773093255,10.518582354410096],[-66.47898963568262,10.519389515680642],[-66.47868644879986,10.520111896773109],[-66.47832967306226,10.520682653466057],[-66.4779595457103,10.521061670498415],[-66.47732637869568,10.521391586538291],[-66.47657722427898,10.521498630931388],[-66.47596640254487,10.521712670923467],[-66.47489617172477,10.522501907572934],[-66.47448599126707,10.523121732936069],[-66.47365654839476,10.523812886706025],[-66.47316607681047,10.524281151164653],[-66.47275580672584,10.524972290984408],[-66.47248822758579,10.525690182052823],[-66.47241692766566,10.526318919412592],[-66.4721270958497,10.52950274649712],[-66.47188631120578,10.530880615415642],[-66.47170792536167,10.531589608104929],[-66.4713556952229,10.532071178355686],[-66.47079828555412,10.53240115421294],[-66.47021862365456,10.532820305633322],[-66.4695586708285,10.533199346289084],[-66.46923759578046,10.533529339591045],[-66.468729234881,10.534050982400164],[-66.46836801461914,10.53475110834732],[-66.46784630286928,10.535602762108326],[-66.46694557007399,10.536343018318755],[-66.46648634856007,10.536499062181607],[-66.46597799003537,10.536499082668517],[-66.46462685023488,10.536271663365405],[-66.46301713052561,10.53602191382742],[-66.46259796652208,10.536039787897314],[-66.46221894806091,10.536151243363456],[-66.46184883082049,10.536342958417343],[-66.46137617100773,10.536829063675487],[-66.46069842618323,10.537350761870622],[-66.45983775859563,10.53830056972113],[-66.45913776321005,10.539299346499053],[-66.45810770794135,10.540222445069896],[-66.45745666962223,10.54073966577953],[-66.4569483189154,10.540909100490612],[-66.45662725075809,10.54094927232367],[-66.4561278016605,10.540949236236084],[-66.45590491616689,10.54090018359395],[-66.45542771988195,10.540699500071216],[-66.45467859334326,10.540191157215464],[-66.45369759143017,10.539491130441956],[-66.45270769032552,10.538889168642806],[-66.45174903460105,10.53821138180867],[-66.45100881358795,10.537609411287798],[-66.45064760423914,10.537319560947294],[-66.45021509789021,10.536860291219226],[-66.44987614101755,10.53659273811058],[-66.44958632033216,10.536262752072266],[-66.44942583366544,10.535732136106628],[-66.44922511186373,10.53492948023207],[-66.44884610206174,10.5338191125554],[-66.44827536262812,10.532579491789264],[-66.4472586776309,10.531161533412256],[-66.44674588542414,10.530599688183296],[-66.44614835501082,10.530242918913292],[-66.44559541967664,10.530140366360499],[-66.44505583594821,10.530180529075574],[-66.44445839809278,10.53043913641732],[-66.44326779292193,10.531509367638543],[-66.44228681020452,10.532102405542808],[-66.44112745261418,10.532659792168102],[-66.44020441853083,10.533078908306832],[-66.43887558988911,10.533462376080658],[-66.43783657897758,10.533591765299226],[-66.43680656134393,10.533712099733663],[-66.43542424622521,10.5340420970376],[-66.43460820957766,10.53425170539012],[-66.43336413054473,10.534430067893105],[-66.43177665761378,10.534492435090419],[-66.43107660514231,10.534621819544105],[-66.43053703492005,10.535072139467701],[-66.43012679477685,10.535669629341744],[-66.42933755786233,10.53667294812942],[-66.42884703267796,10.537520214874997],[-66.42784818264684,10.53919233229523],[-66.42720607865711,10.540570252910378],[-66.42664426095763,10.541140983714234],[-66.4261581882781,10.541520019487816],[-66.42499441279188,10.541992651999617],[-66.42401782042724,10.542371714912461],[-66.42323749225856,10.542581252842357],[-66.42277376421805,10.542652622605393],[-66.4217660243514,10.542621401192624],[-66.42009384850444,10.542652657377745],[-66.41837708515213,10.54290233591961],[-66.41753428091955,10.543129725974197],[-66.41697692280887,10.543321484990937],[-66.41637497302465,10.543272455422944],[-66.41538504491,10.542991489647893],[-66.41490788200532,10.542750713090593],[-66.41413646645566,10.542291442308413],[-66.41343643544292,10.541863364111311],[-66.41157692545902,10.540231349380264],[-66.41042652980435,10.539500041368646],[-66.4095034540769,10.539089807084514],[-66.40840655433882,10.53857255706891],[-66.40731401595782,10.538251503159024],[-66.40611458740918,10.537743156027148],[-66.4051067860262,10.537279438291728],[-66.40406338607394,10.536771042951283],[-66.40331423534933,10.536762170481868],[-66.40256508560952,10.536833470137413],[-66.40111592094352,10.53741316306644],[-66.40038457415486,10.537649476021889],[-66.39992531464395,10.537640578388652],[-66.3991940602021,10.537203612301083],[-66.39799455793295,10.53636977466513],[-66.39725431517759,10.535941705876649],[-66.39604591704112,10.535281758183388],[-66.3948464214193,10.535031994140235],[-66.3936558282572,10.535023112438724],[-66.39276402021846,10.53513009441242],[-66.3915243912122,10.535580450226226],[-66.39031591446899,10.536070968791396],[-66.38956678187549,10.536503498584423],[-66.3883450503648,10.537301719240698],[-66.38759592038082,10.537533539319597],[-66.3869939108366,10.537600439042137],[-66.38663274174358,10.537591553317066],[-66.38610656319644,10.537373076394005],[-66.38576319427067,10.537279428024775],[-66.38549565544277,10.53723034459485],[-66.38454592087155,10.53725264168985],[-66.38345342840398,10.537390874081876],[-66.38236538792502,10.537591551728196],[-66.38127289968064,10.537903687539304],[-66.3802161032168,10.538322843724625],[-66.37943574425773,10.538741990351692],[-66.378485929081,10.539000584548052],[-66.37798654798019,10.539022933819187],[-66.37757634565082,10.53900953590754],[-66.37701448609377,10.538960472599227],[-66.37655515474424,10.53884010781299],[-66.37581494006722,10.538692936358277],[-66.37464218628588,10.538483371810061],[-66.37382623661304,10.538322808782013],[-66.372974508108,10.538153356634789],[-66.37162340544992,10.537970597449409],[-66.3704149713827,10.537943791297842],[-66.36901483663422,10.538090987071916],[-66.3682835314272,10.53825147275176],[-66.36741401232267,10.538612705489824],[-66.36652215501827,10.538933734066008],[-66.36579539362093,10.539330564666246],[-66.3647920231025,10.539780986224901],[-66.36375305657776,10.540061888712993],[-66.36310203483556,10.540101996305287],[-66.36200513438655,10.54007975463425],[-66.3609438337186,10.540021710486508],[-66.3601233635067,10.539972710317024],[-66.35894174322614,10.539651614711682],[-66.35761292285814,10.539419783706204],[-66.35645355623811,10.539103155693976],[-66.35498208037677,10.538782094287063],[-66.35402331660153,10.538389679661114],[-66.35308244385027,10.537810006057263],[-66.35196322416411,10.536552569574976],[-66.35109373050784,10.535593860015759],[-66.35041148542042,10.534782313435729],[-66.35013497344156,10.534421104443163],[-66.34968465422799,10.53341336564051],[-66.34932341838979,10.532142499764964],[-66.34905144736967,10.530902893261207],[-66.34867241352266,10.529632032817585],[-66.34834241636895,10.528432570351153],[-66.34801241941163,10.52754073910586],[-66.3473436177051,10.526800518652253],[-66.34679513734238,10.52610045476218],[-66.34610399837365,10.525569822430883],[-66.34554207969002,10.52519972398046],[-66.34513190120484,10.525083726502444],[-66.34471273306904,10.52509269628829],[-66.3438431599764,10.525462748040923],[-66.34151113804991,10.526162894252131],[-66.34030267855022,10.526341196549703],[-66.33898280188758,10.526189631277079],[-66.33772086290685,10.526149517066349],[-66.33680226540373,10.526149522132418],[-66.3356919776411,10.526162877112771],[-66.33473324727441,10.526011278134103],[-66.33357392855314,10.525400339917558],[-66.33240117304491,10.52453087166499],[-66.33153161935496,10.523759418845948],[-66.3309341198093,10.52311284285498],[-66.33062193109521,10.522889915109372],[-66.3302741469017,10.522501939902362],[-66.32967219927065,10.521900004900074],[-66.32926194178198,10.521561042138492],[-66.32859307199591,10.52123999282225],[-66.32808474603206,10.521070576354015],[-66.3274828008003,10.521021523943116],[-66.32707254494728,10.520771795989244],[-66.32678269637543,10.520722782489697],[-66.32649284795669,10.520820830946494],[-66.32618066176718,10.521173141708173],[-66.32593094926531,10.521293519587514],[-66.3254939980628,10.52136041609741],[-66.32441042959438,10.521079493873845],[-66.32368363266998,10.520803010923581],[-66.32302366848188,10.520370513045464],[-66.32219426497358,10.519960227623924],[-66.32136041333705,10.51968379045462],[-66.32028130242239,10.519322628157258],[-66.31942066668397,10.51911301794749],[-66.31843081921527,10.518800899060139],[-66.31751225399091,10.518479855341095],[-66.31670065622757,10.518283610828515],[-66.31584002612881,10.518029431272561],[-66.31527377984466,10.517819913930637],[-66.31490366793412,10.517369526473518],[-66.31457369104012,10.516883484641845],[-66.31403414201938,10.516263698499321],[-66.31371306429604,10.515603690503616],[-66.31319131339887,10.513882488739833],[-66.31301297749494,10.513173520362646],[-66.31260273249542,10.512571539981934],[-66.31227275699395,10.511782287631165],[-66.3119026471205,10.510471324658674],[-66.31146116702622,10.509682030498503],[-66.3112025626452,10.508451280068304],[-66.31123379856112,10.505249720228818],[-66.31144336981068,10.502663384842796],[-66.31175999689049,10.501129484885952],[-66.31184026601595,10.500380364079005],[-66.31184026601595,10.499822978113201],[-66.31177334480985,10.499412696738185],[-66.3115504255191,10.498922200033524],[-66.31118031613643,10.498030377180067],[-66.31092162108673,10.497129676814533],[-66.31093061048796,10.496233416902157],[-66.31113128301824,10.495261280361026],[-66.31133186482037,10.494289225226195],[-66.31138098875873,10.492871226676991],[-66.3111222936137,10.49179213214951],[-66.3107210394357,10.490699621092888],[-66.31016360625397,10.489500167391006],[-66.30968199316158,10.488260463782066],[-66.30901314733036,10.48714125233501],[-66.3084201216641,10.486093405718524],[-66.308000981574,10.485643012926735],[-66.30752381966798,10.485219364808893],[-66.30707344458996,10.484733394667153],[-66.30655170005689,10.484202705241032],[-66.3058695103015,10.483712195424614],[-66.3054235858492,10.482922975880399],[-66.30516943359149,10.482289730933147],[-66.304683375675,10.481371163565406],[-66.30453173804305,10.481112574819196],[-66.30434005724075,10.48084948659639],[-66.30411260095259,10.480470468961228],[-66.30402343448158,10.480211838801445],[-66.303911931013,10.479542959095246],[-66.30380051836818,10.479239717202173],[-66.30359984854401,10.478949907399144],[-66.30347944668512,10.47869130645885],[-66.30341252650813,10.478441534522219],[-66.30342142498436,10.47787975341848],[-66.30341252650813,10.477509605595309],[-66.30322075530039,10.47724205642348],[-66.30293091939917,10.477072584918794],[-66.30269011600502,10.477050333469311],[-66.30231111419775,10.477059225146924],[-66.30194101110733,10.477041433647337],[-66.30163337899577,10.476978971790757],[-66.30137023927028,10.476863005095895],[-66.3011205381306,10.476769407235311],[-66.30099123838566,10.476599924298013],[-66.3008797355405,10.476390408631554],[-66.30090207242785,10.476122826913873],[-66.30096000305865,10.475980173558323],[-66.30101357527761,10.475801815278171],[-66.3009823399493,10.475520850936588],[-66.30093330775152,10.475280080172025],[-66.3009198692981,10.474959005226502],[-66.30103137215151,10.474892160637694],[-66.30120970412437,10.47486983424017],[-66.30145940530512,10.474959036579659],[-66.30174933122039,10.47515963940936],[-66.30217291571294,10.475480732343835],[-66.30240028038733,10.475592210826179],[-66.30265007291705,10.47554316160053],[-66.3028907854927,10.47543169337749],[-66.30300228875146,10.475213176342466],[-66.30299339028207,10.474909935839454],[-66.30281950695579,10.474611233015542],[-66.30248953739219,10.474321358726408],[-66.30234234960263,10.474209868494519],[-66.30229331728184,10.474102887054245],[-66.30236014652014,10.473951274205158],[-66.30328322621668,10.47304161006549],[-66.30342142498436,10.472881068334841],[-66.3034437619764,10.4727115970748],[-66.30328322621668,10.472390562598418],[-66.30306031040735,10.47223003120441],[-66.30284175312235,10.472109674209856],[-66.30260993903136,10.47210074871601],[-66.3024716496698,10.472042724713775],[-66.30232001265594,10.471882198483806],[-66.30215057877325,10.47165929204447],[-66.3019633480384,10.47143187740506],[-66.30181171116669,10.471431875814073],[-66.30140147462095,10.471552234782086],[-66.3012498379064,10.471721695514589],[-66.30116067190602,10.47193125880363],[-66.3012008056844,10.472109618085812],[-66.3012498379064,10.472261216856516],[-66.30138367773488,10.47243072453805],[-66.30138367773488,10.472702682429961],[-66.3013212070374,10.472970218829962],[-66.30116957034532,10.473112940026624],[-66.30099123838566,10.473162008785318],[-66.30075933428559,10.47317087354553],[-66.3006211361964,10.473090663725644],[-66.30048293814245,10.472952422560294],[-66.30037143540187,10.472760639688227],[-66.30030006639593,10.472470791148409],[-66.3002020021283,10.472319257006815],[-66.30008160102398,10.472279079004307],[-66.29995230152696,10.472310282393897],[-66.29988983099453,10.472421762021417],[-66.29980956363492,10.472640244317098],[-66.29962233370888,10.472729482870136],[-66.2994795959038,10.472742868586769],[-66.29929236609183,10.472640293474978],[-66.29922099722808,10.472470818690228],[-66.29909169793652,10.472163177360214],[-66.2989623078758,10.471949081189514],[-66.2987706290427,10.47185102792917],[-66.29844066194471,10.471752900647173],[-66.29818197296532,10.471561148715601],[-66.29790112894483,10.471191096753897],[-66.29760230670867,10.470999311286526],[-66.297272340323,10.47099936411604],[-66.29708956046072,10.471142028711665],[-66.29704942698704,10.471302510476715],[-66.29711180639197,10.471431844275678],[-66.29728123869842,10.471570056989366],[-66.29751314130888,10.47189117171338],[-66.2974819061825,10.472109664826274],[-66.2973526073064,10.472310326289367],[-66.29725009438515,10.47251093456085],[-66.297143041497,10.472519855301536],[-66.29699140597496,10.47245295970274],[-66.29685320884758,10.472252301390888],[-66.29661240815548,10.472109604157703],[-66.29637160757059,10.472109626022911],[-66.2962110739069,10.472261219298703],[-66.2959926101855,10.472493115630439],[-66.29579194325399,10.472791861369798],[-66.29547087631852,10.47311292692343],[-66.29518994290643,10.473179799234973],[-66.29512302375383,10.47317981542863],[-66.29480204801507,10.473170907670617],[-66.29468164811244,10.473219966678958],[-66.29432044856554,10.473590082126654],[-66.29399048418298,10.473839804392613],[-66.29352223292722,10.474040436970652],[-66.29336170011003,10.474192027275906],[-66.29336170011003,10.474330277092225],[-66.29345086482499,10.474481912098154],[-66.29368276579213,10.474602287118842],[-66.29395924926013,10.474682579461449],[-66.29415101718708,10.474869808355688],[-66.29440071511065,10.475360360386881],[-66.29465041314963,10.475659101954781],[-66.29500271457907,10.475801783287789],[-66.29533267957979,10.475899846318413],[-66.29575180987662,10.475931071987507],[-66.29634037251013,10.47627892908658],[-66.29695127250858,10.476689129373895],[-66.29729022787372,10.476782790675774],[-66.29766032778628,10.476889832928856],[-66.29782086188008,10.477032470835082],[-66.29790112894483,10.477300042095516],[-66.29785200622618,10.477652290580757],[-66.29799919279576,10.47779947060468],[-66.29819986054609,10.477821769732492],[-66.29836929319322,10.477710301673763],[-66.29848079552156,10.477500729027058],[-66.29864132985871,10.477531930695339],[-66.29885979464967,10.477879723402554],[-66.29910949474728,10.478102645545343],[-66.29924324324693,10.478142841004479],[-66.2994528098695,10.478080342973005],[-66.2997114994561,10.477781659399225],[-66.30003256890771,10.477701330645559],[-66.30046949970017,10.477852974818955],[-66.30086193867157,10.4780803963172],[-66.30124093946579,10.47845045579769],[-66.30145050686106,10.478731379936521],[-66.30165117589003,10.478981112158532],[-66.3018295080668,10.479320018372084],[-66.30194990955944,10.479649988154664],[-66.3020926480152,10.479881845091287],[-66.30225318342256,10.480590813906064],[-66.30222194802285,10.481331035958094],[-66.30233345114408,10.48178142299212],[-66.30254301896164,10.48220055451819],[-66.30263218518935,10.482592990862072],[-66.30262328672605,10.482829318009587],[-66.302592051305,10.482949729390754],[-66.3023512480613,10.483101345151269],[-66.30214168031783,10.483239526432278],[-66.30211044492455,10.483391152977239],[-66.3021327818626,10.483663145540381],[-66.30243151579732,10.483872779454746],[-66.30274368839493,10.483881647178947],[-66.30313158897594,10.483850476489687],[-66.30337239256605,10.48400207243712],[-66.30375139511477,10.484470292118164],[-66.30365333022291,10.484760139330332],[-66.30347944668512,10.48496970515474],[-66.30314048744758,10.48502316004517],[-66.30295325637101,10.485023224989124],[-66.3026410836528,10.485090119370813],[-66.30242261733733,10.485420087452201],[-66.30232001265594,10.485683152047855],[-66.30227098033717,10.485919448508664],[-66.30207031107881,10.48642334282628],[-66.3020926480152,10.486900447383901],[-66.3022620818798,10.487092193957526],[-66.3025206820067,10.487092229537446],[-66.30267231907666,10.48719028629738],[-66.30288188702517,10.487529215025484],[-66.30297105330858,10.487792261556866],[-66.30328322621668,10.488822360375405],[-66.30359085926402,10.489112156912471],[-66.3041527349494,10.489232627709695],[-66.30454962583336,10.489433231005632],[-66.30465214013537,10.48954915015135],[-66.30465214013537,10.489691906159875],[-66.30462099539854,10.489861357585555],[-66.30450059331312,10.489999524708137],[-66.30443367301021,10.490173431238636],[-66.30440243748497,10.490342876153527],[-66.30454072733863,10.490672869995482],[-66.30461200610165,10.491029617089232],[-66.30466103863195,10.491702952015522],[-66.30482157479922,10.492251396595844],[-66.30491083220235,10.492469917209469],[-66.30491083220235,10.492661622904073],[-66.30481267630002,10.492831083594444],[-66.30474130670966,10.49302285012359],[-66.3045897598625,10.493330477995713],[-66.30449160401822,10.493749694030617],[-66.30427313695766,10.494110829568228],[-66.30414383646117,10.494119749755823],[-66.3040502207417,10.494133151404732],[-66.30388968480256,10.493959246461317],[-66.30377373212039,10.493700617911186],[-66.30372025042959,10.4932814630847],[-66.30371126114763,10.492282630295719],[-66.30347045740713,10.491493383400908],[-66.30318961064569,10.491011743157074],[-66.30295325637101,10.49072194873821],[-66.30271245296694,10.490400907882314],[-66.30269011600502,10.490093202787126],[-66.30269011600502,10.489812244027496],[-66.30256980514866,10.48937971804822],[-66.302239835737,10.488991799447112],[-66.30194990955944,10.488840159673451],[-66.30166007433738,10.488670723463562],[-66.3012498379064,10.488461170097029],[-66.30104027058869,10.488220359322815],[-66.30075043585302,10.487899313646247],[-66.3004918365706,10.487640681764706],[-66.30015297000112,10.487440013655807],[-66.29986304493993,10.487341949347828],[-66.29955096480163,10.48737315608792],[-66.29933249973182,10.487462333843892],[-66.2990203290992,10.487480199815906],[-66.29885089624831,10.487431120744464],[-66.29861009466721,10.487310729142314],[-66.29839162997703,10.487052061072648],[-66.29807945988698,10.486731025550188],[-66.29774059482723,10.486512558063811],[-66.29749979374012,10.486320796851924],[-66.2973615056831,10.486013108094669],[-66.29745966023602,10.485772296303363],[-66.2976112050895,10.485629643717989],[-66.29799029440855,10.48550925786664],[-66.29821320813213,10.485371013787711],[-66.29829347525508,10.485250623015661],[-66.29831136283953,10.484769034778894],[-66.29844066194471,10.484541607597132],[-66.29861009466721,10.484510369754101],[-66.29873049544437,10.484439035962698],[-66.29871260784607,10.484109117603078],[-66.29864132985871,10.483890604758288],[-66.29833360882101,10.483462482621727],[-66.29803932633986,10.48343130527995],[-66.29782086188008,10.483529423187305],[-66.29743287430168,10.483912876493033],[-66.29689334230669,10.484282987493152],[-66.29653214128193,10.48443902516531],[-66.29641174099396,10.484389970025884],[-66.29621997226485,10.484171493365494],[-66.29620217554911,10.483600737010354],[-66.29638050593117,10.482713374609125],[-66.29665254159671,10.482361135310072],[-66.2967729419383,10.481982058458494],[-66.29665254159671,10.48164322473093],[-66.29617094049844,10.48113041758545],[-66.29579194325399,10.481041260114317],[-66.29535047626689,10.481290937632014],[-66.29502940959365,10.48175020108146],[-66.29469054644521,10.48245920979154],[-66.29443195005902,10.483819235684383],[-66.29419115044554,10.484033263579619],[-66.29399938250435,10.483979799044755],[-66.2938299512266,10.483841553306357],[-66.29352223292722,10.483569505555385],[-66.29333046522353,10.483293077438026],[-66.29316103415564,10.483003237970143],[-66.29319226903233,10.482731239541488],[-66.29324130052845,10.482499356835552],[-66.29333945433312,10.48223181827044],[-66.29332156691318,10.48190183969517],[-66.29318337072425,10.481469333139557],[-66.29287120364188,10.480889613961178],[-66.29253234184755,10.480532914338326],[-66.29207308094492,10.480260875461124],[-66.29179214930033,10.480162815516776],[-66.2914710847428,10.479953200474288],[-66.29135958386082,10.479609815498726],[-66.29145319738475,10.4793199799037],[-66.29152901436319,10.479012303381902],[-66.29156024914543,10.478660096746879],[-66.29163161699768,10.478352391997104],[-66.29171188314304,10.478009067091202],[-66.29171188314304,10.477679076694006],[-66.29166276098705,10.477580947957888],[-66.29145319738477,10.477411550552345],[-66.29104296869704,10.47719303040858],[-66.29069965891732,10.476880866509422],[-66.29065952591846,10.476519713839744],[-66.29056137260125,10.476310137768236],[-66.29016004284995,10.475989033345488],[-66.28972312039251,10.475940038390483],[-66.28941095531249,10.475913291310889],[-66.2892593219619,10.475739349177385],[-66.28892936067459,10.47536031619687],[-66.28833181709646,10.474972407933995],[-66.28793947802507,10.47499021067653],[-66.28775216141577,10.475092756012165],[-66.28743109926464,10.475302371922156],[-66.2872393337272,10.475302319158653],[-66.2870521081595,10.475181936857595],[-66.28678007733429,10.475173026686663],[-66.2864902502512,10.475239903105283],[-66.28624945418434,10.475431634186242],[-66.28608002534213,10.475480746619885],[-66.28583922945883,10.475360307340138],[-66.28557164833785,10.475119554493402],[-66.28512129154296,10.474869796950621],[-66.28414921221436,10.47465130257408],[-66.28307008454944,10.474571102125843],[-66.28187955093068,10.474530915231057],[-66.28129981140746,10.474620109142393],[-66.28091192651922,10.47503038258425],[-66.28088959045975,10.475409348682458],[-66.28076029556468,10.476011381320307],[-66.28055963430744,10.476341302776415],[-66.27988183563807,10.47680949515549],[-66.27969007279415,10.477170685219594],[-66.27973020497456,10.477340176977664],[-66.27989972261138,10.477411522978661],[-66.28035897312522,10.47732229235575],[-66.28099219106579,10.476961141145411],[-66.28153170714164,10.476492934282202],[-66.28177250109533,10.476452785420445],[-66.28208021268122,10.476622225599074],[-66.2822496402629,10.476591076637037],[-66.28237003738721,10.476452791988558],[-66.28240127163804,10.476212041782901],[-66.28240127163804,10.47597123324128],[-66.28255290305596,10.47569029508437],[-66.28284272801697,10.475712581017968],[-66.28313255313431,10.47598014543115],[-66.28325295045646,10.476310150145569],[-66.28317268557203,10.476769423933236],[-66.28347140901485,10.477692447731707],[-66.28406894719608,10.47822309698278],[-66.28430974228684,10.478579813542934],[-66.28439890550392,10.47906135307614],[-66.2845193031097,10.479302133940758],[-66.28476009840216,10.479400235070024],[-66.28491173048552,10.47933336419257],[-66.28517931127824,10.479070301474867],[-66.28523279113368,10.478780441163243],[-66.28528182190564,10.478352381500631],[-66.28546913765523,10.47826316949681],[-66.28562067914068,10.47833007039934],[-66.28578120965237,10.478691260020684],[-66.28599976003574,10.479239722155258],[-66.28631192313854,10.479409202714171],[-66.28653038293949,10.479369052327062],[-66.28682021004418,10.479230818723748],[-66.28698963911938,10.47903906471767],[-66.28714127183106,10.478869619868691],[-66.28777004865098,10.478401443525762],[-66.28822930588822,10.478111602586663],[-66.28849234841657,10.478120528898563],[-66.28861274693804,10.47819184755092],[-66.28861274693804,10.478481682843187],[-66.28861274693804,10.478789399462121],[-66.28846120461034,10.47898112442369],[-66.28768978309259,10.479471625846235],[-66.28742220105164,10.479663334099305],[-66.2873909665092,10.479850620112007],[-66.28742220105164,10.480020064376717],[-66.28758273210062,10.48014051736939],[-66.2878725597718,10.480140456615908],[-66.28836305169347,10.480122633185799],[-66.28869301263397,10.480202914194662],[-66.28888922780752,10.480323297280883],[-66.28891156419922,10.480492763377738],[-66.28886244229835,10.480630992401904],[-66.28854147028369,10.480769257826458],[-66.28834970435092,10.480671094986258],[-66.28816238759897,10.48067114659],[-66.28799295815476,10.480880705700363],[-66.28801075459975,10.481362250052854],[-66.28788145799224,10.481772530614522],[-66.28766299764307,10.481959798564564],[-66.28742220105164,10.482222901555081],[-66.28742220105164,10.482650927308079],[-66.28751136478448,10.482789167773369],[-66.28772991587027,10.482891755521562],[-66.28795282535744,10.482891709754085],[-66.28845221558207,10.482971981779356],[-66.28886244229835,10.483382277717528],[-66.28892936067459,10.483672121318955],[-66.28883129847074,10.483810340552578],[-66.288590501357,10.48395298942281],[-66.28847010284052,10.484140303574113],[-66.28846120461034,10.48438108406228],[-66.28870200166628,10.48492959005586],[-66.28896059530622,10.485241688200972],[-66.28952245579151,10.485651944345735],[-66.28987920300031,10.485781286289003],[-66.29019127755292,10.485972977706993],[-66.29044996270595,10.486240544228341],[-66.29079327232672,10.486289559303817],[-66.29101173394476,10.486271762596013],[-66.29131945081286,10.486240543431826],[-66.29171188314304,10.486320800261684],[-66.29204184613297,10.486472386976663],[-66.29230933966807,10.486472413123245],[-66.29250110700904,10.486329735525308],[-66.2927998356257,10.486231627087983],[-66.29299160314093,10.486311840074979],[-66.29323240221956,10.486619517207698],[-66.29332156691318,10.486909371970611],[-66.29327253540977,10.48704315079125],[-66.29320116734056,10.487261633657518],[-66.29304962372359,10.487310716284657],[-66.29271067101827,10.487261644263658],[-66.29211321404894,10.487092224980936],[-66.29147998302264,10.487029763304406],[-66.29100283567264,10.486980765647004],[-66.29049009568922,10.486980780541746],[-66.29024030877632,10.487061016790317],[-66.2900619804222,10.487212650589445],[-66.2899817145224,10.487711996323174],[-66.29005308216576,10.48841214844408],[-66.29028044174399,10.48903196343531],[-66.29028044174399,10.489491246675748],[-66.29015114459189,10.490079837586773],[-66.28995946888486,10.49046330137453],[-66.28986131569509,10.49047218962203],[-66.28974091689466,10.490490026562867],[-66.28952245579151,10.490289390243827],[-66.28936192416451,10.4899326835466],[-66.2892593219619,10.48953135607525],[-66.28913002505473,10.488519128077169],[-66.28892046243682,10.487850266344054],[-66.28865287978451,10.487440053632103],[-66.288371949922,10.487150217269157],[-66.28814904026137,10.48673992912305],[-66.28816238759897,10.486481290934746],[-66.28799295815476,10.486169170353778],[-66.28777004865098,10.48612011648878],[-66.28737317008468,10.485781259308041],[-66.28678897553668,10.485130241562569],[-66.2861424034788,10.484550564395636],[-66.28546913765521,10.484189356369017],[-66.28500979197537,10.484042214530227],[-66.28470216950973,10.48410911731264],[-66.28467093512518,10.484251786081465],[-66.28479133279187,10.48451038734084],[-66.28488939425976,10.484871567623289],[-66.2848804960888,10.485139166578389],[-66.28483146535342,10.485571648261129],[-66.284920628657,10.485999748566806],[-66.28513917869074,10.486481290249348],[-66.28517931127824,10.486842476913266],[-66.28513018971793,10.487150187590414],[-66.28487159791797,10.487350823957165],[-66.28450150678016,10.487399878980996],[-66.28414031405563,10.48745338483264],[-66.2838013669559,10.48727953068348],[-66.28363193888491,10.4870609704524],[-66.28342237840799,10.486650782122323],[-66.28297202341342,10.485959593060583],[-66.28227197637895,10.485313042703055],[-66.28189289811266,10.485139155056375],[-66.28160307366417,10.48517927213768],[-66.28136227978646,10.485232742751547],[-66.28099219106579,10.485371039772408],[-66.28058197035317,10.485892695415398],[-66.28010928171365,10.486570527762956],[-66.27992196783282,10.48668200336316],[-66.27960091035882,10.486713193520863],[-66.27934232122084,10.486699803527562],[-66.27898113196639,10.486579441029166],[-66.27837025235317,10.48648135136162],[-66.27794214673696,10.486521443004508],[-66.2774605623761,10.48664186234993],[-66.27725990235346,10.486882638467984],[-66.27721087231411,10.487163598232302],[-66.27717963836544,10.487431110914205],[-66.27730003435198,10.48807319977732],[-66.27745166432827,10.489629458229986],[-66.27741153231838,10.491591441564992],[-66.2773089323973,10.492492152535194],[-66.2770904763476,10.49285335881667],[-66.27679166566075,10.493450927897017],[-66.27685858253359,10.493642679467142],[-66.276978978448,10.493763039965005],[-66.27720197427041,10.493763026167299],[-66.27742043036557,10.493740701215124],[-66.277558622505,10.493789815682279],[-66.27761219239781,10.493981556319765],[-66.27753192835702,10.494271336678738],[-66.27754972445553,10.494699441143759],[-66.27771915060659,10.494962492199095],[-66.27800906375349,10.495109689187931],[-66.27835236543085,10.495163212656292],[-66.27866007505556,10.49516316058714],[-66.27911932450812,10.495243451866571],[-66.27952954410252,10.495671554275694],[-66.2798104693444,10.495912330757454],[-66.2803723202694,10.496050515259705],[-66.28094316068525,10.49634037647051],[-66.28157183945976,10.496772908388596],[-66.28171012346574,10.497040466665739],[-66.28158972648939,10.497232259779336],[-66.28134893261766,10.497303603488149],[-66.28072016330724,10.497343691280118],[-66.2800691495049,10.497192095708657],[-66.27927095499894,10.49707170685931],[-66.27819183713964,10.496911161046302],[-66.27736250226515,10.497241140031095],[-66.2770904763476,10.497602294674108],[-66.27712171029107,10.497843141537638],[-66.2771929854305,10.497981359421052],[-66.2773490643995,10.498119547825414],[-66.27767012052522,10.498320223200878],[-66.27786188264677,10.498462898410656],[-66.27804919580808,10.498940058852865],[-66.2782097240566,10.499613350555471],[-66.2782097240566,10.499760491320812],[-66.27802241083918,10.499903182896933],[-66.2777994146754,10.499831893941012],[-66.27753192835702,10.499782809591808],[-66.27741153231838,10.499751614012641],[-66.27724210626458,10.4997694100864],[-66.27689871450207,10.500063716096307],[-66.27680065449394,10.500273311933658],[-66.27680065449394,10.500509631255094],[-66.27699232550806,10.500732622580449],[-66.2773089323973,10.500991241139316],[-66.2775408264062,10.501383626597368],[-66.2775720603759,10.501619934848739],[-66.277558622505,10.501900868962666],[-66.2776523244227,10.502471677390465],[-66.27794214673696,10.502730271269511],[-66.27845051651946,10.502953224329337],[-66.27888298078066,10.50336349614752],[-66.2789498979146,10.503653322106718],[-66.27880271654962,10.504032316428383],[-66.27860205602457,10.504629859646002],[-66.2784727616808,10.50551279778629],[-66.27866007505556,10.506163828195602],[-66.27915945664583,10.506810387299874],[-66.27952064602034,10.507019931474403],[-66.27973919385701,10.507033316656962],[-66.27996210003059,10.506912904671005],[-66.28010038362186,10.506881720140928],[-66.28030104470739,10.506979848906305],[-66.28046157362982,10.50725183456687],[-66.28047936982554,10.507679854674175],[-66.28058197035317,10.508063376722577],[-66.28070236710353,10.508250681478403],[-66.28097875310921,10.508611808308245],[-66.28120175059465,10.508973042892922],[-66.28119285248474,10.509240551535559],[-66.28138007601204,10.509860396081649],[-66.28154959416993,10.510243854356371],[-66.28186166389139,10.51068086862496],[-66.28228977263468,10.51105987628952],[-66.28265096411549,10.511309605092865],[-66.28325295045646,10.511621749533596],[-66.28371220383794,10.511742103055688],[-66.28443013987267,10.512089977912305],[-66.28463970074245,10.512473415178507],[-66.28461300624237,10.512669666635512],[-66.28455053748543,10.51276328265574],[-66.28428295700557,10.512781084256753],[-66.28377022342116,10.512749860240396],[-66.28322171615612,10.512602744898388],[-66.28223184400852,10.512210356271991],[-66.28108135373229,10.511470099521784],[-66.28072016330724,10.511010844218456],[-66.28051060396639,10.510533678631356],[-66.28014941392543,10.509860357812613],[-66.27979267317086,10.509450173901635],[-66.27955188010539,10.509160277071809],[-66.27910152835751,10.508901697464989],[-66.27866007505556,10.508611881874598],[-66.27843262959448,10.508272978419944],[-66.27823196920794,10.508000942316277],[-66.27783064866017,10.507760125584747],[-66.27749179634114,10.507693263695971],[-66.27717963836544,10.50754163408992],[-66.27691206156011,10.507372199292682],[-66.27672039057472,10.507042271384613],[-66.27672039057472,10.506770243649278],[-66.27663113783703,10.506199437558696],[-66.27630118430515,10.505762490830572],[-66.27613175860249,10.505240787535106],[-66.27511057491573,10.503671147223628],[-66.27470035870438,10.503002272826338],[-66.27453983150761,10.502489517956127],[-66.27428124481226,10.502012395336843],[-66.27400922046004,10.501740358469833],[-66.27371940027432,10.501713618419314],[-66.27338944853722,10.501900874372105],[-66.27300147857949,10.502110464499602],[-66.27263139563377,10.502110452633973],[-66.27243963538582,10.502043612550029],[-66.27214981605067,10.50189200552795],[-66.27189113971541,10.501673474367756],[-66.27157898500646,10.501481707950553],[-66.27131150179706,10.501602106741474],[-66.27103947895567,10.501691330689582],[-66.27079868982709,10.501593244803356],[-66.27056234977364,10.501423737425801],[-66.27035279440838,10.501160698091505],[-66.27029922524243,10.500781653172144],[-66.2704820867904,10.500380358550611],[-66.2708209346704,10.500152935800797],[-66.27111084408021,10.500099448916018],[-66.27152105753834,10.499912133934583],[-66.27171281745677,10.499702582875534],[-66.27172171540921,10.499390413127168],[-66.27172171540921,10.499131830772079],[-66.27157898500646,10.498890988222488],[-66.27134264460784,10.498480793139626],[-66.27127137024767,10.498070507427375],[-66.27136942924245,10.497642423907681],[-66.27147202802479,10.497241123862361],[-66.2715700870564,10.496933429600652],[-66.2715700870564,10.496661443386643],[-66.27144969235898,10.496420692464532],[-66.27138277616258,10.495921270435888],[-66.27143189646334,10.495640302456689],[-66.27194915801908,10.49510968042725],[-66.27231034253018,10.494779677187534],[-66.27247976702293,10.494570129187387],[-66.27247976702293,10.494400650448625],[-66.272390605788,10.494159890723983],[-66.27210069568396,10.493803144253468],[-66.2719625049537,10.493490992615566],[-66.2719625049537,10.493129848673213],[-66.27181977448663,10.492581372000052],[-66.27153885343697,10.491792122006965],[-66.27128026819275,10.49133280468822],[-66.27085216824786,10.49092257402056],[-66.2707317737122,10.490659493526381],[-66.27082992340326,10.490490085429935],[-66.2709993474267,10.490369631441503],[-66.27098146075073,10.490133298708558],[-66.27098146075073,10.489870275940133],[-66.2707585583162,10.489442198508758],[-66.27071842680834,10.489183523858697],[-66.27074966037982,10.488751022139871],[-66.27058014564032,10.488340802799044],[-66.27029032731369,10.487952810213434],[-66.26998262250179,10.487591670169373],[-66.26967055970309,10.487230429254705],[-66.26926915478272,10.48677116589432],[-66.26900167273011,10.48655264506627],[-66.2687608845204,10.486552698080502],[-66.26856912566187,10.48686032526114],[-66.2685423411677,10.48744003229364],[-66.2687207531627,10.488300658949967],[-66.26885894305424,10.488920418537305],[-66.26889907442235,10.489830128513018],[-66.26888127861169,10.490070913167612],[-66.26865828625893,10.490231450203387],[-66.26848886297829,10.490280458398855],[-66.26825252394728,10.490231444608487],[-66.26798050266432,10.490182416194765],[-66.267762050426,10.490302758533112],[-66.26747214283472,10.490490035911014],[-66.26720021274434,10.490561387136022],[-66.26686127636837,10.49079325692032],[-66.26678991181197,10.491029584852377],[-66.26678991181197,10.491203520904621],[-66.26693264093431,10.491413118879871],[-66.26710206372073,10.49194371819531],[-66.26707083036271,10.492322742679972],[-66.26694153880707,10.492822168716398],[-66.26653132886831,10.493370604170783],[-66.26616115961279,10.493700595347994],[-66.26579997926245,10.494012773873818],[-66.26564844338644,10.494409631590877],[-66.26564844338644,10.494681600469756],[-66.26564844338644,10.494819860303004],[-66.2655190613814,10.494922387146469],[-66.26533184340586,10.494940213244016],[-66.26521145011591,10.49484212479414],[-66.2650419371361,10.494672715156213],[-66.26468075754438,10.494503219969845],[-66.26454256873568,10.4943605453029],[-66.26456036440155,10.494191119678213],[-66.26471199076234,10.493999344788685],[-66.26479225287738,10.493763075493906],[-66.26489040147568,10.493361699899825],[-66.2650285903746,10.493000516987857],[-66.26522924580412,10.492862333889676],[-66.26547003241929,10.492790930446274],[-66.26579108140874,10.492603634082862],[-66.26603186827775,10.49215330234899],[-66.26616115961279,10.491479946763318],[-66.2661121305916,10.491181218515976],[-66.26583121254603,10.49079327499597],[-66.26566179016349,10.490650545550844],[-66.26531840584275,10.490672845423664],[-66.26509995469517,10.49081114353636],[-66.26479225287738,10.491002841015007],[-66.26448900015325,10.491243659757503],[-66.2643017825397,10.491279288923108],[-66.26411002528502,10.491190117052028],[-66.26403866109708,10.490833440159369],[-66.26406099645259,10.490561408901332],[-66.2640698942774,10.490369658943553],[-66.26399853009482,10.490182367079536],[-66.26365968654932,10.490079783006736],[-66.26332075242546,10.489790011874314],[-66.26275002162389,10.489361946021742],[-66.26241108807928,10.48885355348119],[-66.26213017198594,10.488349652665992],[-66.26211237640133,10.487939420841858],[-66.26228179765461,10.487680814824882],[-66.2626697598167,10.487440047941861],[-66.2630309380444,10.487350822151967],[-66.26329841710101,10.487333001996284],[-66.26344114528804,10.48721261435871],[-66.2634723784333,10.487069962662819],[-66.2634723784333,10.486900508606718],[-66.2634500431025,10.4867310531539],[-66.26325828615455,10.486450089473568],[-66.26316022865105,10.486133479408373],[-66.26290155667523,10.485821392313621],[-66.26273213522464,10.485821389365451],[-66.26249134984744,10.486030956195384],[-66.26220153591805,10.48613354087643],[-66.26212127419358,10.486133529956007],[-66.26196075078096,10.485959587748594],[-66.26196075078096,10.48579013753577],[-66.26228179765461,10.485000879167895],[-66.26271878852101,10.483640892020393],[-66.26279905033562,10.483239594234037],[-66.26273213522464,10.483052273549243],[-66.2625894980216,10.482851653272805],[-66.2625894980216,10.48273121429566],[-66.2627811639347,10.482499349399003],[-66.26298190931134,10.482450333218381],[-66.26321815521112,10.48231208435129],[-66.26345903171112,10.482071239840147],[-66.2643419135648,10.481362267234308],[-66.26542990130919,10.48061315227786],[-66.26588923019101,10.480301051492727],[-66.26613891496372,10.479850668734015],[-66.26630833749793,10.479212961111207],[-66.26653132886831,10.478820580399695],[-66.2666293869923,10.4784728087674],[-66.2668122472828,10.477919886321429],[-66.26691030545845,10.477201954868605],[-66.26689250971413,10.476533102687217],[-66.26690140758622,10.47617186487231],[-66.26690140758622,10.47591328218846],[-66.2669995565729,10.475632327275305],[-66.2669995565729,10.475360338211512],[-66.26695043667999,10.475079381412332],[-66.26687916290626,10.474981281173243],[-66.26662048912475,10.47476278538976],[-66.26634846867415,10.474740526584888],[-66.2659382591917,10.474762792203192],[-66.26558152791746,10.474749436620302],[-66.26526937689908,10.474802951901559],[-66.26501969253377,10.474941184344194],[-66.26483238393944,10.475150719511305],[-66.26477890612212,10.475342523244558],[-66.26485027040926,10.47558324732797],[-66.26513118793771,10.475940046966077],[-66.26527827474408,10.476261028433234],[-66.26526937689908,10.47654197488972],[-66.26526047905423,10.4767693701687],[-66.2650509257716,10.476903176055169],[-66.26473877506409,10.476871930279009],[-66.26447120448978,10.476849696070774],[-66.26406099645259,10.476800604390643],[-66.26369981752605,10.477130627895946],[-66.26319146177984,10.477701354430222],[-66.26296847180751,10.478120536243221],[-66.2627500216239,10.478432651889404],[-66.26242897446772,10.478570854383408],[-66.26180022741677,10.47886075712154],[-66.26143905002448,10.478851824790619],[-66.26097972498218,10.479092557681753],[-66.26027071819925,10.47981940311999],[-66.25866095218039,10.481611960710083],[-66.25796983472969,10.482780286388332],[-66.25789847136576,10.4830611943147],[-66.25789847136576,10.483212836672166],[-66.25804119810323,10.483453607639207],[-66.25810811262375,10.483623047230335],[-66.25810811262375,10.483743404318103],[-66.25784054538529,10.483881653215832],[-66.25770226756092,10.484042208137556],[-66.25759976222386,10.484282996646813],[-66.2575685294236,10.484541606296897],[-66.2575685294236,10.48478240229285],[-66.25776028431935,10.485170382888622],[-66.25784944310601,10.485602888207511],[-66.2578004148508,10.486079990123564],[-66.25776918203873,10.486392161046227],[-66.25759976222386,10.486891556175173],[-66.25772015379093,10.487150217079341],[-66.25784054538529,10.487221551607643],[-66.25803230037928,10.487230421254557],[-66.25849153208102,10.487279502444139],[-66.2587502019115,10.487609472282479],[-66.25891962209336,10.488073215250425],[-66.25903111621895,10.488693074044264],[-66.25904891170043,10.48946000953402],[-66.25895085497308,10.489981725718],[-66.25879923025438,10.490820020562564],[-66.25876799738357,10.491190159524729],[-66.2588616960015,10.491881278337004],[-66.2590400139596,10.492933635048537],[-66.25908904232925,10.493562343085056],[-66.25908014458776,10.494320436458086],[-66.25900878107464,10.494583499848359],[-66.25880812799117,10.49492242895843],[-66.25866095218039,10.49532368286667],[-66.25861192385027,10.495582361247958],[-66.25862981011092,10.49605944287407],[-66.25870108277991,10.496492040201908],[-66.2588616960015,10.497263434098832],[-66.2589998833345,10.497950129772015],[-66.25896865045188,10.498222112473423],[-66.2586788384427,10.498503096406575],[-66.25850941833762,10.498761716144337],[-66.25843805490119,10.498953424937199],[-66.2584602992283,10.499140696325753],[-66.25879033251775,10.499533113456021],[-66.25904891170043,10.499929960766414],[-66.25936105906966,10.50046059506241],[-66.25960184302949,10.50058103435058],[-66.25982038271343,10.50060328689141],[-66.26011019534522,10.500581023360022],[-66.26038221260828,10.500420449312495],[-66.2606988096448,10.500010248898434],[-66.26104219098558,10.499542047787322],[-66.2613810328644,10.499439504465593],[-66.2616218177391,10.499452809469057],[-66.26174221021732,10.49954204528699],[-66.26185815382881,10.499662463362801],[-66.26217030284737,10.499760502679287],[-66.26238884358683,10.49974267736992],[-66.26254037853533,10.499653473047754],[-66.2627500216239,10.499582178611487],[-66.26307106897373,10.49958216837311],[-66.26325828615455,10.499720416649481],[-66.26357043599431,10.499822925727683],[-66.26386034146316,10.499751647216593],[-66.26411002528502,10.499640157777959],[-66.26447120448978,10.49962231216327],[-66.2647298772281,10.499693624006898],[-66.26521145011591,10.50015291493178],[-66.26547003241929,10.500799490549902],[-66.2654923678348,10.501459470944258],[-66.26538977020213,10.501990101175132],[-66.26512219930088,10.502560822982732],[-66.26446230665826,10.503541871430116],[-66.26409213884007,10.504130456564997],[-66.26406099645259,10.5043400435258],[-66.26415905412198,10.504442616706815],[-66.26423041832605,10.504473789031856],[-66.26439984025343,10.504473810621056],[-66.26464062649374,10.504473788734922],[-66.26490819715316,10.504500546934285],[-66.26508206821697,10.50462091188727],[-66.2651713190253,10.504781471104113],[-66.26514898362323,10.50499997843005],[-66.26509105685314,10.505209533413518],[-66.26440873808392,10.50604337093484],[-66.2639717458303,10.506471495957413],[-66.26362845339308,10.506640910274898],[-66.26345903171112,10.506783634424185],[-66.26340991214461,10.507091286484867],[-66.26357942460497,10.507260733738981],[-66.26382021047434,10.50734989559499],[-66.26403866109708,10.507332070184805],[-66.26450243769546,10.507309794675853],[-66.2650285903746,10.507323173572383],[-66.26531840584275,10.507323188445122],[-66.26553249894958,10.507390046067925],[-66.26563055688983,10.507563921291695],[-66.26563055688983,10.507662043345382],[-66.26563055688983,10.507733419427279],[-66.26546113457108,10.508090116515703],[-66.26510885253734,10.508420101112018],[-66.26446230665826,10.508830354011307],[-66.26365968654932,10.509352047500736],[-66.26321815521112,10.509699899465502],[-66.26314243303197,10.510012009673751],[-66.26321815521112,10.510212631746983],[-66.2634991626727,10.510663058602779],[-66.26355264036152,10.511019774247712],[-66.26341890075255,10.51126056608391],[-66.2630621711656,10.511282809150511],[-66.26277226613144,10.511282857148135],[-66.26233972411909,10.511113409683242],[-66.2618804890928,10.510890440120972],[-66.26147019225856,10.510573847294895],[-66.26116258333259,10.510212662183461],[-66.2610020602093,10.5099005250571],[-66.26077907115462,10.509490291482308],[-66.26023058748119,10.509062213490616],[-66.26003883169378,10.508959667689806],[-66.25983817822134,10.508959649965297],[-66.25972223505032,10.509120159849013],[-66.25966875774661,10.509481358588085],[-66.2598605134005,10.510422208325679],[-66.2597490191009,10.510992964538024],[-66.25953047944631,10.511349692123668],[-66.25928969551882,10.511960631566224],[-66.25887059373935,10.512393193060532],[-66.25847818548385,10.51272310951962],[-66.25796983472969,10.513342958705222],[-66.25805899355154,10.513601572318077],[-66.2583310097645,10.513730902362514],[-66.25871896904356,10.513610456336346],[-66.25900878107464,10.513713086212936],[-66.25944132037748,10.514141156373528],[-66.25965087145099,10.514310589696404],[-66.26003883169378,10.514341762049051],[-66.26040000813502,10.514323952806594],[-66.26084153713445,10.514301624520503],[-66.26114914587471,10.514181220618518],[-66.2615415561021,10.513900315746458],[-66.26189828466968,10.513681826244165],[-66.26215250726139,10.513690785225823],[-66.26242897446772,10.51390030860186],[-66.26277226613144,10.51446218641321],[-66.26307996678199,10.515082023556683],[-66.2632717236657,10.515273770591321],[-66.26353030502734,10.51530048103092],[-66.26386923928462,10.515282669699342],[-66.26431068036854,10.515233581639249],[-66.26472088859803,10.515411984246969],[-66.26500180605827,10.515652766851575],[-66.26535853694442,10.5159425696748],[-66.26633067294857,10.516210184508076],[-66.26756139404318,10.516531178109085],[-66.26855123906732,10.51661150684209],[-66.26913096478496,10.516384078410525],[-66.26983108543769,10.515880205494186],[-66.27015213705164,10.515621587870303],[-66.27041072174983,10.515550238399877],[-66.27062926586729,10.515652755418554],[-66.27077190522107,10.515893573115958],[-66.2708209346704,10.516580235509986],[-66.27074067164831,10.517231311697138],[-66.27054001414585,10.517931344910977],[-66.2695813081419,10.519331519362812],[-66.26936285524833,10.519661478452983],[-66.26934051967072,10.519982559161223],[-66.26929149035733,10.520361583787064],[-66.26947880051777,10.520602349900386],[-66.2697909539995,10.520722728442601],[-66.27016993290466,10.520843190376976],[-66.2706827442711,10.520852037199404],[-66.27144969235898,10.521070592125113],[-66.27206056407529,10.52117309906915],[-66.2729301132025,10.52118206377662],[-66.27358111833,10.52115972631233],[-66.27387102923662,10.521280186006038],[-66.27391116098113,10.521520924751595],[-66.27391116098113,10.521743883791505],[-66.27374164523916,10.522091698647133],[-66.27351874165377,10.52271152662578],[-66.27355887337184,10.523103918833383],[-66.27378177697396,10.52338040957979],[-66.27404045422377,10.523581064672479],[-66.27437930435899,10.523701401421631],[-66.27540938466464,10.524120580139002],[-66.27645281399874,10.524513023912563],[-66.27738919640468,10.524874181697529],[-66.2777994146754,10.524972281306098],[-66.27828099934071,10.52494999095436],[-66.27888298078065,10.525052521263184],[-66.27922192477565,10.525253208915986],[-66.27951174793833,10.52542262811132],[-66.27981945822819,10.525440521784782],[-66.28009139473335,10.525279973364887],[-66.28035007502928,10.525110551793219],[-66.28087179425044,10.524432714622767],[-66.2811616183042,10.523879774425373],[-66.28133994370825,10.52328226107468],[-66.28171012346574,10.522573305352994],[-66.28195091749943,10.522212081791055],[-66.28219171164108,10.522002514088692],[-66.28256180118841,10.521953442795372],[-66.28277136132972,10.522122906670681],[-66.2829407891294,10.522390469970736],[-66.28298092155279,10.523103927849258],[-66.28276246319382,10.523804019716007],[-66.28239237350826,10.524611068623614],[-66.28216937552837,10.525012438375086],[-66.28212034504033,10.525342400606812],[-66.28211144691521,10.52568128087093],[-66.28228087450675,10.525980005830732],[-66.282570699321,10.526443810250738],[-66.28273122892199,10.526702383479096],[-66.28300325769925,10.526702445625062],[-66.28314145127636,10.526582051279568],[-66.28339114409779,10.526390269863226],[-66.28373009093883,10.52611384490876],[-66.2839708858778,10.525993399132073],[-66.28418934472798,10.526020139929809],[-66.28438110917834,10.526122723436092],[-66.28443013987267,10.5264526850708],[-66.28434987481245,10.526831706909933],[-66.28432308952918,10.527241945126239],[-66.28454163932007,10.527603178698868],[-66.2849919956296,10.527870732360652],[-66.28550028128835,10.527901896409785],[-66.28595962738702,10.527732482294583],[-66.2863698522043,10.527621008800738],[-66.28682910824723,10.527433694233329],[-66.287172506359,10.527290988451213],[-66.28743999747778,10.527313291254222],[-66.28758273210062,10.52736233062935],[-66.28775216141577,10.527513951153416],[-66.28782352876384,10.527723567348945],[-66.28796172357922,10.527843971597353],[-66.28825155145435,10.527821632911754],[-66.2884701028405,10.527683450417435],[-66.28886244229835,10.527491648713161],[-66.28921918907027,10.52735342568946],[-66.28956258870575,10.52728211773177],[-66.28988365212707,10.527362396771505],[-66.29031167645391,10.527670037939824],[-66.29057036166472,10.528062482846437],[-66.29056137260125,10.528254182580836],[-66.29049009568922,10.52846373178812],[-66.29028044174399,10.528561885817739],[-66.28999061277766,10.52860195740979],[-66.28978994807711,10.528673344304789],[-66.28972312039251,10.528891870266694],[-66.28972312039251,10.529101452402708],[-66.28988365212707,10.529391273093681],[-66.2904811066271,10.529832663545694],[-66.29123028645002,10.530501608185448],[-66.29159148392948,10.53060415193971],[-66.29213990892069,10.530613079981556],[-66.29238070761939,10.530541662562573],[-66.29263040472435,10.530421265179013],[-66.29292023510885,10.530470331805047],[-66.29300949054993,10.53049263009291],[-66.29308076779478,10.530613033389516],[-66.29308076779478,10.530742350212503],[-66.29308076779478,10.530831570150132],[-66.29303173631324,10.53100094966896],[-66.29269287441812,10.53199980796008],[-66.29246097387617,10.532423459985598],[-66.29225140996388,10.532610765025483],[-66.29196157993854,10.532561692707597],[-66.29159148392948,10.53247249831333],[-66.29131055253566,10.532463586402933],[-66.29077102665572,10.532780204767247],[-66.29036070768827,10.533230506733636],[-66.29028044174399,10.533373219213752],[-66.29009321511948,10.533399976426141],[-66.28987021394836,10.533132444372347],[-66.28958928345124,10.53263301783047],[-66.28899182993966,10.53217371079344],[-66.28836305169345,10.531950756857634],[-66.28759163031627,10.531821497745964],[-66.2861424034788,10.531982026587894],[-66.28537098528386,10.532142537431852],[-66.28500089380242,10.532641915495129],[-66.28467983329269,10.533061058787462],[-66.28441234354607,10.53323051622813],[-66.28414921221434,10.533230508161518],[-66.28384149944357,10.53298081371521],[-66.28367207135993,10.532673188918675],[-66.28344916364635,10.532410065104095],[-66.28323960324069,10.532262930858009],[-66.28300325769925,10.532262881305709],[-66.28278025946578,10.532280738067469],[-66.28256180118841,10.53216037724973],[-66.2822496402629,10.531732306530808],[-66.28189289811266,10.531531622817461],[-66.28150946185347,10.53148258114524],[-66.28112148601674,10.531571754030674],[-66.28088069235501,10.531741234348186],[-66.27989972261138,10.53257061692807],[-66.27917289455687,10.533092277296221],[-66.27878936944448,10.533181474881085],[-66.27845051651946,10.533029878412224],[-66.27807144095279,10.532722236456216],[-66.27783064866017,10.53248142491361],[-66.27773258848153,10.532182640296996],[-66.27774148653403,10.531580658792032],[-66.27754972445553,10.531050052015267],[-66.2770013143446,10.530590722503838],[-66.27637255013164,10.530251879408517],[-66.27569920576549,10.530131464094374],[-66.27531123413316,10.530274136108712],[-66.27490101776803,10.53048373455108],[-66.27449080171729,10.530430255906028],[-66.27410283096084,10.530073530465314],[-66.27357222034664,10.529904085611879],[-66.27289887950361,10.530060155005277],[-66.27185100812248,10.530430226241382],[-66.27103058101459,10.530644231610303],[-66.27045085323456,10.530470341517237],[-66.27012090351512,10.5299619897963],[-66.2697909539995,10.529342235686045],[-66.26938065107504,10.528552906770367],[-66.26888127861169,10.528062417930345],[-66.26836846897554,10.527723563873602],[-66.26786900666451,10.527482794869242],[-66.26736963561575,10.527143888196555],[-66.2666695181927,10.52651066724257],[-66.26580896791073,10.525962210155669],[-66.26520246147771,10.525761549236202],[-66.26489040147568,10.525712469632728],[-66.26460049544613,10.525971146594713],[-66.2645692622347,10.526332344394438],[-66.26464062649374,10.527001189365635],[-66.26464062649374,10.527233014231593],[-66.2643419135648,10.527892998932728],[-66.26388258601708,10.52837012102999],[-66.2633385480505,10.528463780985293],[-66.2630309380444,10.528432532982839],[-66.2626697598167,10.52840136517159],[-66.26237985499628,10.528570758897573],[-66.26228179765461,10.528780383804419],[-66.26228179765461,10.529003345980247],[-66.26232192852746,10.529293126073116],[-66.26237095719972,10.529520602198273],[-66.2623709571997,10.529743486603303],[-66.26229069544969,10.530051228494246],[-66.26204991027225,10.530193917004423],[-66.26176009658329,10.530332092169596],[-66.26155944246133,10.53066210507761],[-66.26155944246133,10.530934104713035],[-66.26184035825328,10.531380037196172],[-66.26246910535166,10.531843797542274],[-66.26302204023696,10.532022137707376],[-66.26343224747374,10.53202212990696],[-66.2639227170106,10.531861633647408],[-66.2642794471741,10.531571734772374],[-66.26464952432823,10.5314825422875],[-66.2650107946931,10.531442406637954],[-66.26547003241929,10.531611900787055],[-66.26599173712536,10.531901731749976],[-66.26608988594458,10.532160334405734],[-66.2662816439118,10.532673191066923],[-66.26646886222095,10.53291391756589],[-66.26675867847224,10.53303433136332],[-66.26707083036271,10.532963000184665],[-66.26781997748628,10.533043277457722],[-66.26856912566187,10.533382155419924],[-66.26930928618167,10.534131314734566],[-66.26971069113222,10.534702050359092],[-66.2697597204841,10.535112287560047],[-66.26971069113222,10.535442258411445],[-66.2699514797703,10.535732117525377],[-66.2704820867904,10.535990730402835],[-66.27127137024767,10.536450050624314],[-66.2713917649049,10.536713070033969],[-66.27140956079921,10.53700296542161],[-66.27134264460784,10.537123312323628],[-66.27114198687931,10.537292752431581],[-66.27078080315785,10.537453339160239],[-66.27024129791307,10.537591524603672],[-66.26913096478496,10.53751127351925],[-66.26770848152003,10.537453307329963],[-66.26662048912475,10.53763166768637],[-66.2658401104004,10.53793042043684],[-66.26509105685314,10.538122146693073],[-66.26384245502659,10.53825145078613],[-66.26265187342014,10.538532448778376],[-66.26096192943604,10.538942626187588],[-66.26076127561521,10.539134410845767],[-66.26073894039821,10.539370726802373],[-66.26088166789862,10.539660590140075],[-66.26141226588877,10.539950381498102],[-66.26197854636051,10.540124312598472],[-66.26302204023696,10.540302678571802],[-66.2642794471741,10.540414175766168],[-66.26530950799709,10.540583567234119],[-66.26625041060183,10.54095373056364],[-66.26740976687185,10.541653789304846],[-66.26837291792387,10.542233469331729],[-66.26848886297829,10.542572355393814],[-66.26843084505049,10.54283095118467],[-66.2682926552698,10.543094070202903],[-66.26819005709834,10.543383886676997],[-66.26810979447177,10.543691604849377],[-66.26792257558657,10.543932396328962],[-66.26769958363448,10.544191045940842],[-66.26743201157393,10.544280189551843],[-66.26707083036271,10.544280216825511],[-66.26650899340926,10.544182101698127],[-66.26567068801504,10.543883360587822],[-66.26501969253377,10.543660379766076],[-66.26460939327995,10.543593499926649],[-66.26415015629568,10.543633611586259],[-66.26386034146316,10.543682651309911],[-66.26366858436744,10.543673792406574],[-66.26335198556366,10.543914562441794],[-66.26294177838874,10.544222207674947],[-66.26248245204903,10.544641381463263],[-66.26217920064056,10.54488216667908],[-66.26170207938823,10.545073890659813],[-66.26138993064441,10.545073873238318],[-66.26122050967517,10.54506054793399],[-66.26077907115462,10.544792952285684],[-66.26044912742364,10.544503189820032],[-66.26023058748119,10.544494204900714],[-66.25998980323651,10.544681540501541],[-66.25972223505032,10.544971387967523],[-66.25937894535552,10.545060516416996],[-66.25914261036792,10.54511401866288],[-66.25882156538988,10.545082862869124],[-66.25833990749344,10.544882130533352],[-66.2581526920444,10.544761806469499],[-66.25779142633785,10.544761811765131],[-66.25734999066613,10.544761781921837],[-66.25714044050044,10.544592327801002],[-66.25697102088623,10.544320302698527],[-66.25685062948907,10.544084026497224],[-66.25665887492191,10.543794182805179],[-66.256351177989,10.543722791402457],[-66.2558205850544,10.543794137113741],[-66.25516061316637,10.543803088570334],[-66.2544917444351,10.54370047756452],[-66.25333232554424,10.543450822923347],[-66.25280173563085,10.54323232567167],[-66.25234241806346,10.543160992562296],[-66.25203027482438,10.543160966906749],[-66.25158884394926,10.54318321360674],[-66.25128114995968,10.543152072010436],[-66.25105825578268,10.5429826063497],[-66.25095121213592,10.542692769329912],[-66.25078179450007,10.542313740001829],[-66.25051867975834,10.542144288646279],[-66.2503001439077,10.542113096638642],[-66.25010848250268,10.542113101976947],[-66.24984091930257,10.54204169141064],[-66.24964916727225,10.541841071855671],[-66.24958225381971,10.541631485477005],[-66.24956000986518,10.541484373969721],[-66.2497516710715,10.54121235453918],[-66.24992117916922,10.541091918800111],[-66.2501396240716,10.54098046675384],[-66.25042952220473,10.540953733162304],[-66.25071932970482,10.540962610947705],[-66.25112961822587,10.540864501682188],[-66.25183861279287,10.540583580351251],[-66.25334131398162,10.539883556335859],[-66.25433122332856,10.539722999521072],[-66.25495996153766,10.53966053007021],[-66.25524977151625,10.539593688987809],[-66.25535236719199,10.539370758069369],[-66.25535236719199,10.539161115271847],[-66.2551784085181,10.538920382090383],[-66.25458090267252,10.538501195428351],[-66.25420193487084,10.538260381234197],[-66.25372028116797,10.53814449574438],[-66.25302027251405,10.53808201497779],[-66.2525787500216,10.538082067553642],[-66.25223991376251,10.538082016858203],[-66.2518118291417,10.53793043686102],[-66.25146845377448,10.537694118051844],[-66.25119199227763,10.537453270976014],[-66.25084861731246,10.537230371006325],[-66.25054101454498,10.537203641685498],[-66.2502020887984,10.53722147134715],[-66.25000143904806,10.537390871902922],[-66.24968929718952,10.537462248741237],[-66.24950199400449,10.537364137462424],[-66.24926121463186,10.537101039740593],[-66.24906946281173,10.536851325139581],[-66.24873952636729,10.536021932556883],[-66.2480884608615,10.53534419116077],[-66.2477005093663,10.535152432528415],[-66.24737057377632,10.534951768236315],[-66.24712979537452,10.534572732982282],[-66.24716093676797,10.534162504633281],[-66.24730810938402,10.533832526333871],[-66.24749986056524,10.533520368426059],[-66.24754888786705,10.533212733930537],[-66.24755787620623,10.532851545909534],[-66.24750875811228,10.532543817632567],[-66.24749096301836,10.531812551294916],[-66.24763813572632,10.531290853086434],[-66.24788781191313,10.530983121268312],[-66.24829800744632,10.530791410429932],[-66.24864138075583,10.530501546663665],[-66.24876177028732,10.530100226186093],[-66.24861913684087,10.5297925395133],[-66.24836047195564,10.529400141821212],[-66.24815092534604,10.529043410670553],[-66.24815092534604,10.528802661356783],[-66.24819995270825,10.528521711261456],[-66.2485700186483,10.527973250778945],[-66.2489089433491,10.527304391675086],[-66.24915862013613,10.526613229597302],[-66.2497205295254,10.525543033755628],[-66.24989884440872,10.524780525499697],[-66.25005046658184,10.524352468151612],[-66.25034027387433,10.524040329245091],[-66.25067919970944,10.523884259114967],[-66.2512410199217,10.523741566841826],[-66.25153091865813,10.523554313319062],[-66.25189208930725,10.523340271989225],[-66.25208829096222,10.5231039348196],[-66.25208829096222,10.522889865433113],[-66.25203926323968,10.522773967418791],[-66.25191887296246,10.522622330031782],[-66.25153981627297,10.522501919469526],[-66.2510804998002,10.522493021003678],[-66.25062127451785,10.52249299176596],[-66.25017975402604,10.52246178345164],[-66.24977845461838,10.522292346485662],[-66.24936825793671,10.522033739272768],[-66.24917205729018,10.52188210404431],[-66.2489579707816,10.5218330931725],[-66.2487617702873,10.521833082386516],[-66.24854777473634,10.521971312772237],[-66.24832923970006,10.522332508498877],[-66.24788781191315,10.52271154412658],[-66.24740180597524,10.522854229553325],[-66.24692015846173,10.52335360350939],[-66.24613980870986,10.524142921362307],[-66.24563146980005,10.524441688122259],[-66.24456131767069,10.524963368158271],[-66.24398161879353,10.52515061381341],[-66.24361155606893,10.525092697526476],[-66.24334844489813,10.524780547403113],[-66.24321017086064,10.524472837403753],[-66.24321017086064,10.524232108595033],[-66.24336179111377,10.524022526970498],[-66.24358032409424,10.523710365647938],[-66.24390135982924,10.52342051767944],[-66.24402174828023,10.523090539593392],[-66.2438478841234,10.52280070291097],[-66.24366058300967,10.52256433806762],[-66.24321017086064,10.52229233065756],[-66.24270183477316,10.522270041935519],[-66.2423807997684,10.522484114850462],[-66.24218905044704,10.522814115525284],[-66.24204197004896,10.523313479102152],[-66.24184123260892,10.524053720271233],[-66.24153808381115,10.524570932236333],[-66.2411991638433,10.52469137065354],[-66.24083800050649,10.524660184674177],[-66.24042771998258,10.52461106303536],[-66.23999964493709,10.52468245350413],[-66.23974997248374,10.524771619960335],[-66.23938871935084,10.524700264126809],[-66.23908112326217,10.524343564083058],[-66.23835870895208,10.523473989936578],[-66.23807780562865,10.523251064798476],[-66.2377076562618,10.52323321985906],[-66.23739997036628,10.523460630566715],[-66.23719932548565,10.523701453448405],[-66.23710127281164,10.524303442025793],[-66.23690062804498,10.52465125226695],[-66.23663752022715,10.524842984848187],[-66.23636996386145,10.524963386597268],[-66.2360800734567,10.524963378315888],[-66.23574124779324,10.524811795178731],[-66.23542911437697,10.524521884444136],[-66.23497870927092,10.524254335022386],[-66.23480929676697,10.524254352064263],[-66.2345417413321,10.524321258182225],[-66.23430096879392,10.524490719651318],[-66.23397984812578,10.52463338794099],[-66.23364102381693,10.524553101502878],[-66.23327977488177,10.52426330109991],[-66.2328472570064,10.523661288474413],[-66.23257080527657,10.523041524719595],[-66.23241029084147,10.522461831206925],[-66.23197777368274,10.521842034705445],[-66.23166110307558,10.521721592963287],[-66.23139808867134,10.521743908138982],[-66.23119735529518,10.521971294779686],[-66.23108141841416,10.522261111700814],[-66.23096103292505,10.522591134022637],[-66.2309476870241,10.522881001360076],[-66.23097002098098,10.523224307581408],[-66.23115722678688,10.523652427282858],[-66.23121079199096,10.523862004609144],[-66.23117956075266,10.524102799208643],[-66.23101014947497,10.52439262408634],[-66.23096103292505,10.524753758087275],[-66.23096103292505,10.52518185056756],[-66.23105027797203,10.525511856564233],[-66.23113943224571,10.525872994277064],[-66.23106807251015,10.526180718916665],[-66.23080051898256,10.526443783212411],[-66.23034122059164,10.526720261267101],[-66.22981065382702,10.526671183078909],[-66.22936915078397,10.526573103020935],[-66.22896786723861,10.526314455693706],[-66.22866018646599,10.525993436183505],[-66.22832127480612,10.525703559740863],[-66.22792888927938,10.525583180608132],[-66.22775938826472,10.525672362387981],[-66.22754095265132,10.526051394454319],[-66.22737145176225,10.52653297817041],[-66.22735810595273,10.527563035135962],[-66.22752751604965,10.528062420973397],[-66.22796012032396,10.528334414768644],[-66.22821868439244,10.52840134136418],[-66.22850857045388,10.528401365165251],[-66.22894998198369,10.528312140472218],[-66.22954754956287,10.52832109864358],[-66.23027884900881,10.52840131547695],[-66.2309476870241,10.528673318798077],[-66.23130884356519,10.528931997946037],[-66.23174136017239,10.529012207678978],[-66.2319911196099,10.528940867993136],[-66.23237905953177,10.528610911873088],[-66.23259758795011,10.528392425847658],[-66.23298098888067,10.528182830669419],[-66.23341804630961,10.528182833543895],[-66.23353843236247,10.528231878965729],[-66.2337301785308,10.528450406951151],[-66.2338015386284,10.528713466101959],[-66.23381933325983,10.528954244056408],[-66.23381933325983,10.52924407617346],[-66.23373907584524,10.529654351955516],[-66.23356966374116,10.530180535795962],[-66.23353843236247,10.53061305840273],[-66.23382823057577,10.531121367531837],[-66.2341894798883,10.531451369728943],[-66.23456843331711,10.53170109214349],[-66.23492968313876,10.531701091775059],[-66.23546924321184,10.531540574714846],[-66.23627182055274,10.5312818936102],[-66.2366508662727,10.531072342029399],[-66.23702101489579,10.530934107368095],[-66.23727958342872,10.53110355815022],[-66.23737772692553,10.531322039733432],[-66.23736882954948,10.531674342074991],[-66.23731971240484,10.532222764713792],[-66.23740895853243,10.532610703312537],[-66.23757837187422,10.532940708882085],[-66.23796186722892,10.533284062727109],[-66.23831857989668,10.533471348897605],[-66.23872885877695,10.533671977219926],[-66.23899187685096,10.534033192136024],[-66.23917917630516,10.53432301975258],[-66.23937982194079,10.53444342207357],[-66.23954932670703,10.53444341980351],[-66.23986146256829,10.53430074968053],[-66.24035191027261,10.533952915329206],[-66.24064180303087,10.533694295969967],[-66.24090927077832,10.53362290993923],[-66.241101019634,10.533672017535642],[-66.24151130068226,10.533984119014285],[-66.24176996221102,10.534104558728036],[-66.2421311261866,10.534153575369187],[-66.24233177294664,10.534131280358672],[-66.24255030550023,10.533943987383722],[-66.24292926494996,10.533734410346709],[-66.24325030028868,10.533783444043348],[-66.24337077938166,10.533970727604535],[-66.24337077938166,10.534122368469633],[-66.24320127338606,10.534260599378355],[-66.24280887674834,10.534492431287266],[-66.24222028233932,10.534822449638133],[-66.24152019812831,10.534960700294292],[-66.24066849532542,10.535384322270362],[-66.24036080769908,10.53567411570858],[-66.24031178106527,10.536004102182709],[-66.24046784919874,10.536392004490182],[-66.24085134665856,10.536842387168914],[-66.24144883698358,10.537212526081923],[-66.24189035017538,10.537381944286265],[-66.24214892109978,10.537381964753893],[-66.24237190230781,10.537292764594678],[-66.24275984988678,10.537190186773545],[-66.24304965317907,10.537154586342735],[-66.24336179111377,10.537252674959001],[-66.24417781751212,10.537970558624506],[-66.24448995611438,10.538483349454932],[-66.24444092909657,10.538791075010339],[-66.24408866102846,10.539094286998386],[-66.24337077938165,10.539281514930842],[-66.24285790361446,10.539370689633675],[-66.24225151423344,10.539803275832693],[-66.24176996221102,10.54001287594928],[-66.2412616275124,10.54015103756683],[-66.24036979591577,10.540070773187173],[-66.2391613814923,10.540101997519939],[-66.23875110227485,10.540240248308953],[-66.23859948334868,10.540414150238362],[-66.23851922520423,10.540721792655734],[-66.23851922520423,10.541154378787482],[-66.23863961242547,10.54156463658806],[-66.23889827254376,10.541894568149752],[-66.23899187685096,10.542184439415566],[-66.23889827254376,10.542402947224248],[-66.23860838074553,10.542443079314634],[-66.23805102267578,10.542460911840603],[-66.23782804329736,10.542340476114873],[-66.23756947449479,10.542144312073836],[-66.2373287005696,10.541783135149283],[-66.23723945445566,10.541381813189508],[-66.23716809389121,10.540873464747103],[-66.23683816489341,10.540231330901033],[-66.23616931937386,10.53934396728116],[-66.2356876821269,10.538973879302093],[-66.23517935330392,10.538804428558016],[-66.23467992230317,10.538733103408877],[-66.23447927846091,10.538844582463009],[-66.23440791827123,10.539080887446985],[-66.23438122629439,10.539611477105359],[-66.23424740327442,10.540110907689034],[-66.23395760482978,10.540320493960275],[-66.23361868974638,10.540373987686257],[-66.23315938888821,10.5403115812927],[-66.23245041944566,10.539763138520794],[-66.23188852847795,10.539241441560439],[-66.23150948619546,10.539000615175175],[-66.23121968926269,10.538973832663526],[-66.23102794401174,10.539063013830738],[-66.23085853278302,10.539214650736966],[-66.23068903082064,10.539370751987219],[-66.23039033708349,10.539513427101776],[-66.23018070683891,10.539513433555003],[-66.22995773080243,10.539410891588927],[-66.22961890909144,10.539174527199474],[-66.22845055691357,10.5384209129379],[-66.22779951651283,10.537890335539744],[-66.22742056797566,10.537694078675699],[-66.22696127254808,10.537502398488023],[-66.22637714449206,10.537163494543305],[-66.22573055525945,10.536704187720071],[-66.22529804361564,10.53615125253538],[-66.2252578247719,10.535794510099404],[-66.22542732497632,10.53548240260938],[-66.22579746567793,10.534791189399524],[-66.22602034915535,10.534331924427578],[-66.22606946524198,10.533952879171313],[-66.22607836242638,10.53352034945456],[-66.22593119575299,10.533230522418778],[-66.22561906817683,10.532994226069492],[-66.2252400304312,10.532922858537138],[-66.22496803129846,10.53306108935641],[-66.22453107170621,10.53322162911646],[-66.22414758617339,10.533221606106695],[-66.2238800361825,10.533172556947319],[-66.22350099969762,10.533052163808577],[-66.22286775971645,10.532753396820233],[-66.22181099965084,10.53224065730614],[-66.22137849125102,10.532311960182737],[-66.22076758736479,10.532352129912402],[-66.22017002981927,10.532182657404261],[-66.21959035789219,10.5318437454643],[-66.2192782341049,10.531602985995134],[-66.21898835316318,10.531553924615265],[-66.21823927540954,10.531973078883867],[-66.21782901258022,10.532280781201905],[-66.217699733101,10.532490338742065],[-66.2179672799239,10.532713280622819],[-66.21814113549999,10.532713317122019],[-66.21864944777545,10.5325036761251],[-66.21914886347994,10.532722226485784],[-66.2200095191883,10.533783441343575],[-66.22017002981927,10.534314084961462],[-66.21997828861878,10.53452365333616],[-66.21965726752418,10.534612880095803],[-66.219300476777,10.534510287985006],[-66.21885017633505,10.534443403623206],[-66.21854695004687,10.534563818533682],[-66.21845770713395,10.534840265954589],[-66.2184488100794,10.535152380256083],[-66.21856919268777,10.535393217907071],[-66.21852016809277,10.535620636819639],[-66.2183685550226,10.535834659748787],[-66.21824817246053,10.536213716121436],[-66.2183685550226,10.536793331332936],[-66.21874758778068,10.53744438422704],[-66.21928713117363,10.538452134565093],[-66.21981777804677,10.53879104528945],[-66.21993816097114,10.5387241712237],[-66.22005854392327,10.538532418328364],[-66.22013879924013,10.538260435333004],[-66.22018791477386,10.537863583185203],[-66.22041079585831,10.537413189638684],[-66.22058029449015,10.537243693165365],[-66.22095034097137,10.53708321687235],[-66.22140963111754,10.537083191025966],[-66.22190904946385,10.537203635707769],[-66.22245758403504,10.537662924400648],[-66.22309073273198,10.538273762566968],[-66.2246202248699,10.539981592968601],[-66.22521769671869,10.54046323023867],[-66.22566809343826,10.540583634166843],[-66.22622997773463,10.54090467243548],[-66.22641727263421,10.541332741307453],[-66.22655990006027,10.541903483290394],[-66.2269879641472,10.542340494599207],[-66.2273492087466,10.542683817759714],[-66.22743836239053,10.543080726392418],[-66.22743836239053,10.543392795082717],[-66.22725996433003,10.543780804032476],[-66.22686757959872,10.544311405490241],[-66.22634146494744,10.54490447575051],[-66.22562796535357,10.545091723644363],[-66.22524892760147,10.545234407230344],[-66.22499926216632,10.54554210252267],[-66.22499926216632,10.545872063138297],[-66.22503939020277,10.546184203926453],[-66.22537829973747,10.54673268667976],[-66.22548978676878,10.547410482013454],[-66.22552991484285,10.54817302511237],[-66.22594009293503,10.548654585200225],[-66.22635036213646,10.54875267560996],[-66.22667138734336,10.548560911279885],[-66.22690770777847,10.547994604100861],[-66.2273001833277,10.547401546685885],[-66.22788876102135,10.546951166413441],[-66.22812953061565,10.546951164274223],[-66.22829894096215,10.547071601409154],[-66.22832127480612,10.54729457827092],[-66.228241018233,10.547570994721383],[-66.22777727347899,10.5481730224972],[-66.22755874707029,10.548810621935141],[-66.2276702345661,10.549461690610839],[-66.22809829956097,10.549961053591216],[-66.22855759598593,10.550322262105695],[-66.2294316130467,10.550482838238626],[-66.23014947566197,10.550482809206043],[-66.23055974816093,10.550411434225532],[-66.23071136476648,10.550304459226782],[-66.23112154691668,10.549871939090549],[-66.23131783162707,10.549631141936269],[-66.23150948619545,10.549613271242224],[-66.23166110307558,10.549662345500579],[-66.23167898842303,10.550041351697201],[-66.23170123162245,10.550714680428781],[-66.23195988832512,10.55110263658517],[-66.23226757103433,10.5512408343698],[-66.2325395739573,10.551223024792652],[-66.23287848834399,10.550982188095533],[-66.23364992112985,10.550580927442848],[-66.23529973976052,10.550482806505817],[-66.23653047950664,10.550781533196053],[-66.23748921650748,10.551294387025608],[-66.23774778527059,10.55174472356049],[-66.23774778527059,10.552083599969803],[-66.23755158894679,10.552600844890286],[-66.2372617886801,10.552930888649648],[-66.23674900965217,10.553260826732153],[-66.2361915627635,10.553434753833217],[-66.23535775405827,10.553653218263804],[-66.23372128121652,10.553992129745215],[-66.23255745933467,10.554241836074535],[-66.23183060535213,10.554313182179746],[-66.23166110307558,10.554522727859998],[-66.23183060535213,10.554794778570852],[-66.23222744244414,10.555222790493609],[-66.23246821403129,10.55573115582024],[-66.23261093389301,10.55635099298824],[-66.23257970257134,10.556631890968534],[-66.23273131976077,10.556921781578925],[-66.23296764292836,10.557211603322758],[-66.23329766028436,10.55769319906624],[-66.23351164964093,10.55791168607725],[-66.23392192476918,10.558032086862447],[-66.23475128252977,10.55809451505598],[-66.23528194507892,10.558241636399096],[-66.23566099008501,10.558571620805298],[-66.2361915627635,10.558754439384096],[-66.2366508662727,10.558611713769404],[-66.23708783596516,10.55835307686239],[-66.23752035733142,10.55802315863045],[-66.23807780562865,10.557902748414241],[-66.23866194670937,10.5581212788648],[-66.23921040801896,10.558464619298856],[-66.23954932670703,10.558892705739906],[-66.23973208686162,10.559454503149478],[-66.24002197927868,10.559953952193544],[-66.24042771998258,10.560292856210905],[-66.2409985175145,10.560703083910358],[-66.24140870769268,10.561300590933572],[-66.24184123260892,10.56174203594485],[-66.24231842675707,10.562072001953423],[-66.24283121120901,10.562201339955537],[-66.24381220339228,10.562312775818127],[-66.24552896680001,10.562312814989628],[-66.246398472508,10.56224141947292],[-66.24709856319168,10.562134458424984],[-66.24756232498021,10.561924878901854],[-66.24799930371758,10.561131159052772],[-66.24824898007502,10.560783343154215],[-66.24852099125175,10.560511347441272],[-66.24885991592113,10.56025272414436],[-66.24940838783264,10.560141237093797],[-66.25030913229362,10.559913807923706],[-66.25117864586417,10.559704187652695],[-66.251669104081,10.559441112484976],[-66.25212842106441,10.559111183063655],[-66.25252082462218,10.559204831264235],[-66.25263231740288,10.559360889623703],[-66.25269914044883,10.55964177811763],[-66.25263231740288,10.560052028342103],[-66.2524316667314,10.560573732774715],[-66.25215965354425,10.560952782587435],[-66.2517493642249,10.561474485843164],[-66.25152193025146,10.562121085248762],[-66.25178059668238,10.562772118356703],[-66.252498489752,10.563543529560196],[-66.25302917015391,10.563922565262034],[-66.25346170458214,10.563953744860106],[-66.25412167435537,10.563744203516737],[-66.25455865850802,10.563360722793767],[-66.25507145483148,10.562941550323819],[-66.25541029290086,10.562754236233102],[-66.25589185734621,10.562731936501631],[-66.25624858212008,10.56283450859306],[-66.25673023811919,10.562861265102654],[-66.25729206474551,10.562611575070084],[-66.25792080646336,10.562522407189698],[-66.25862082158392,10.56246437014348],[-66.2587502019115,10.562522397372094],[-66.25892851983215,10.562602597666277],[-66.25908014458776,10.562843414413521],[-66.2589998833345,10.563374062426515],[-66.25891962209336,10.563824424752644],[-66.2589018266162,10.564252498394671],[-66.25923176938662,10.564680578140205],[-66.25940118972204,10.564760876331544],[-66.25999870099324,10.564711813739091],[-66.26101985575677,10.56436398441784],[-66.26344114528804,10.563793248201664],[-66.2640698942774,10.563672826896038],[-66.26419028730936,10.563360725129058],[-66.26417240086171,10.563222454301734],[-66.26401187683054,10.562843434759692],[-66.26401187683054,10.562504539567588],[-66.26418138948254,10.562263760642475],[-66.26452023335997,10.561933739744148],[-66.26580896791073,10.561233667499447],[-66.266321775086,10.56114455120117],[-66.2666517224564,10.561260486146207],[-66.26689250971413,10.561692995611644],[-66.26707981903242,10.562192375017736],[-66.26720021274434,10.562410909708413],[-66.26744100024973,10.562464419553299],[-66.26771293046286,10.562410864584391],[-66.26782887537387,10.562201305899462],[-66.26805186738,10.561924889672223],[-66.2682926552698,10.561652839081367],[-66.26851110772535,10.561563648355573],[-66.26872965106527,10.56161275701103],[-66.26909083339942,10.561951588632086],[-66.26951893193248,10.56262048830098],[-66.26966157098974,10.56318233369464],[-66.26992024624552,10.56347214895853],[-66.27014314833019,10.563521206280697],[-66.27040182381923,10.563503349764677],[-66.27078979189002,10.563503405354219],[-66.27116877150387,10.563534626271657],[-66.27142290772035,10.563681711668126],[-66.27165924815446,10.563784324183157],[-66.27185100812248,10.563802151636215],[-66.27218994766604,10.563614881688814],[-66.27263139563377,10.563213541945325],[-66.27304161025876,10.563003952269366],[-66.27345182519838,10.562914763554241],[-66.27389327420774,10.562812228306788],[-66.27429904080275,10.562602602060053],[-66.27481185612956,10.561960510227875],[-66.27501251523502,10.561273805381624],[-66.27511956372068,10.560484538261337],[-66.27528898910309,10.560172466270254],[-66.27546286354645,10.560060960137521],[-66.2756590738869,10.560043099982874],[-66.27572154160872,10.56003422435616],[-66.27591330303284,10.560203682477164],[-66.27601136287852,10.56059158331861],[-66.27606929083282,10.56164391231284],[-66.27622981848818,10.562620489147493],[-66.27666237175372,10.563391874216947],[-66.27728223826176,10.564493304975647],[-66.2777816185686,10.564814341545418],[-66.27812047107086,10.564934741859995],[-66.27851289377011,10.56491244947052],[-66.27880271654962,10.564823304079441],[-66.27909263028242,10.564702844565149],[-66.27950284985643,10.564631542452418],[-66.27973919385701,10.564662724106947],[-66.27997998700657,10.564680595027609],[-66.28025192359308,10.564934721035465],[-66.28058197035317,10.565023900563164],[-66.28140241209191,10.565041731785149],[-66.28198206092871,10.5650239526781],[-66.28223184400852,10.564863394600277],[-66.28252166879632,10.56465383105575],[-66.28282929001406,10.564511115382205],[-66.28312365499242,10.564511172241513],[-66.28336000058681,10.564774226230703],[-66.28338224595161,10.565251326226038],[-66.28331087919271,10.565701679536001],[-66.28340013304151,10.566232352945828],[-66.28352043962617,10.566544475333613],[-66.28383260128994,10.56678078242102],[-66.28417154840935,10.566861080976846],[-66.28439000734106,10.566771868797195],[-66.28470216950973,10.566343851166204],[-66.28504992455323,10.56560359132601],[-66.28536208710494,10.565273616286563],[-66.28566081176412,10.56510422149471],[-66.28607112715147,10.564992721793951],[-66.2865794138297,10.564903519894086],[-66.28709224088966,10.56466277867232],[-66.28738206829685,10.564573538250645],[-66.28752026299895,10.564591430082935],[-66.28778339597916,10.564760882563826],[-66.28792159078424,10.56539403972758],[-66.28823375500137,10.56594253260666],[-66.28863953243479,10.56628141736512],[-66.2889338097935,10.566281383361682],[-66.28937082240955,10.566330445147022],[-66.28974981514597,10.566624781695046],[-66.28994158157697,10.566981487454733],[-66.2901333480762,10.567391733675695],[-66.29025374696425,10.567601276048352],[-66.29049009568922,10.567654829150202],[-66.29063274032133,10.567583417970898],[-66.29095380437991,10.567204422075752],[-66.29127041949135,10.566972583828319],[-66.29166276098705,10.566834318980732],[-66.2922603082566,10.56683431768418],[-66.29282217217938,10.56684323671985],[-66.29337059842103,10.56670054241433],[-66.29374078644904,10.566513292348718],[-66.29398149506257,10.56619217384435],[-66.29427141697144,10.566000486852474],[-66.29458349406386,10.56601384043667],[-66.29473067974375,10.566054017401614],[-66.29483319218731,10.566272451662812],[-66.29487332549647,10.566490983658374],[-66.29465041314963,10.567030548837577],[-66.2946013815256,10.567494300796312],[-66.29472178141033,10.56777073217509],[-66.29536382378261,10.56833258753377],[-66.2959926101855,10.56865366371936],[-66.29652324291887,10.568774063265492],[-66.29687999475323,10.568774014856519],[-66.29722330846118,10.568631376905394],[-66.2974730078038,10.568323660726564],[-66.29773160564444,10.568140832473011],[-66.29800364198942,10.568212150063335],[-66.29829347525508,10.568403946382992],[-66.29872159704514,10.56862243217181],[-66.29925223245482,10.568720531763853],[-66.29968026420285,10.568894419605837],[-66.30031341403374,10.569420584143067],[-66.30088418475783,10.569741628526709],[-66.30113397658901,10.56977290767984],[-66.301303410154,10.569621292729023],[-66.30144160841715,10.56931360807199],[-66.30174034197108,10.569010397978179],[-66.30205251417078,10.568840910053394],[-66.30232001265594,10.568921217311162],[-66.30251178354523,10.569010395817045],[-66.30263218518935,10.569251120585045],[-66.30269011600502,10.569830861736161],[-66.30269011600502,10.570263370442268],[-66.30281051768873,10.570593367351938],[-66.30293091939916,10.57086087047563],[-66.3032921246908,10.571150711731958],[-66.30370236266663,10.571150736077204],[-66.30396096348008,10.571150745408767],[-66.3040813654458,10.571351360215463],[-66.3041527349494,10.57158325897581],[-66.304103702465,10.571873079900797],[-66.30403233296784,10.572113901222648],[-66.3040502207417,10.572403746206891],[-66.30414383646117,10.572662344276804],[-66.30429093393852,10.572733688686183],[-66.30443367301022,10.5727337191743],[-66.30461200610165,10.5724037804737],[-66.30473240821178,10.572122802857763],[-66.30490184290065,10.57197118027181],[-66.30514264727616,10.571953397463169],[-66.30540124877568,10.572220898423158],[-66.30552165106081,10.572501837559296],[-66.30569117679711,10.572582149562386],[-66.30593189072138,10.572582101860457],[-66.30625296385466,10.572582100751415],[-66.30651156588279,10.57239037963661],[-66.30678360663227,10.572283318765555],[-66.30705119825002,10.572283318835856],[-66.30726076788856,10.572140623053805],[-66.30729191277676,10.571971178370488],[-66.30708234312618,10.571752713054916],[-66.30659183423396,10.571494112438987],[-66.30575355719651,10.571003556542303],[-66.30515154578075,10.570664688188039],[-66.30467002792966,10.570294600159473],[-66.30417062272723,10.569804102697246],[-66.30371126114763,10.569393818509472],[-66.30321185682743,10.568983645435825],[-66.30309145505466,10.568604587300824],[-66.30285065158922,10.568194346666596],[-66.30286409009052,10.568002575553933],[-66.30298004257828,10.567712790203256],[-66.30322075530039,10.567503201913011],[-66.30347045740713,10.56729360532093],[-66.30363998250289,10.566981447838035],[-66.30381386609216,10.566482077686189],[-66.30381386609216,10.566223397131829],[-66.30382276457497,10.565710658116675],[-66.30368011646478,10.56502395109128],[-66.30311379203309,10.563993840666997],[-66.30258315284235,10.563311622745214],[-66.30237358500929,10.56262044798815],[-66.30218181416885,10.561973918690187],[-66.302043615717,10.561652863540479],[-66.30156200982366,10.561362983311781],[-66.3012008056844,10.561091017519724],[-66.3009109708629,10.560872482112462],[-66.30058100246093,10.560511336614127],[-66.30058100246093,10.560181323275305],[-66.30078167116795,10.559962828011654],[-66.30099123838566,10.559771085654369],[-66.30107150592032,10.559414420644675],[-66.3009511046228,10.559030862036261],[-66.30077277273503,10.558121267473377],[-66.30036253697568,10.55750145709498],[-66.29988093257623,10.557131300725011],[-66.29943056384202,10.556890501961181],[-66.29899354308763,10.556774608057717],[-66.29863234066097,10.556672059811731],[-66.298320261232,10.556573954923726],[-66.29801254037685,10.556163700805367],[-66.29799029440855,10.555664319176012],[-66.29773160564444,10.555062272889872],[-66.29718317497759,10.554273054467886],[-66.29615314378432,10.553443618789505],[-66.29531034292229,10.552913030376812],[-66.2947708130453,10.552841696098493],[-66.29427141697144,10.552823868445893],[-66.29398149506257,10.552823798655785],[-66.29369166410844,10.552574141502793],[-66.29364263257142,10.552244132211836],[-66.2934999871437,10.551932050750557],[-66.29317002326242,10.551691209613418],[-66.29300050144585,10.551682282706993],[-66.29259027158187,10.551780400107274],[-66.29237180932469,10.55180267727904],[-66.29205074442224,10.552012263894083],[-66.29179214930033,10.552101434559066],[-66.29154245258324,10.552101427382468],[-66.29138192035488,10.551931983731755],[-66.29131055253566,10.551552998513234],[-66.29121239909998,10.551312190055778],[-66.29106975431455,10.551173963071884],[-66.29068177158487,10.551111493307161],[-66.29032057471463,10.551142777595361],[-66.28986131569509,10.55113379223061],[-66.28960272162296,10.550964348931208],[-66.28960272162296,10.550723634572178],[-66.28982118275862,10.550322272893773],[-66.29002184747081,10.55011268228895],[-66.29014224633396,10.549773793902533],[-66.29002184747081,10.549461649494834],[-66.2897096822178,10.549051422168716],[-66.28928165836895,10.548623332122371],[-66.28899182993968,10.548422668835235],[-66.28870200166628,10.54849402884615],[-66.28848345018604,10.548494009345577],[-66.28824265322778,10.548494068651376],[-66.28803309095504,10.548373647796518],[-66.28774326319747,10.548132881630215],[-66.28754259933389,10.548083786288682],[-66.28735083375675,10.548123910416749],[-66.28706100636639,10.548172979248875],[-66.2866507810223,10.548164038041762],[-66.28627179046654,10.547990200736614],[-66.28587936209857,10.547731500095866],[-66.28545125049648,10.547441700221285],[-66.28516142412914,10.54736143085041],[-66.28487159791797,10.547290108755666],[-66.2846531387906,10.54709389462702],[-66.28461300624237,10.54690211176514],[-66.28461300624237,10.546621234093868],[-66.28463970074245,10.546433936021506],[-66.28459067002903,10.546264458391617],[-66.28430084412547,10.546041517416818],[-66.2840421619268,10.545680362890021],[-66.2836631732091,10.545203216677034],[-66.28319947079797,10.544864366784084],[-66.28289175857095,10.544712711823692],[-66.28255290305596,10.544663641243218],[-66.28219171164108,10.544471972507063],[-66.28197316280588,10.544280155973498],[-66.28199994797201,10.544084006385697],[-66.28224074213564,10.543852129815969],[-66.28261083171674,10.54349091857324],[-66.28327074674468,10.542973676620154],[-66.28360969350979,10.542643712068296],[-66.28363193888491,10.54235382427514],[-66.28364083703524,10.54204171435908],[-66.28348929610772,10.541751915836102],[-66.28335101164375,10.541444234682396],[-66.28309242069959,10.541083035693008],[-66.28305228826788,10.54053005654327],[-66.2829407891294,10.539700655916448],[-66.28313255313431,10.53946434994464],[-66.28339114409779,10.53943317773098],[-66.28356057209287,10.539442089394422],[-66.28392176442787,10.5397006731724],[-66.28426071160351,10.54018228060282],[-66.28471106767773,10.540833332655218],[-66.28533085268207,10.541533405708202],[-66.28547358674555,10.54208188460016],[-66.2857099333729,10.542831000004021],[-66.28609337262841,10.543330369592027],[-66.2866418828222,10.543651466307743],[-66.28706990457341,10.543941315821357],[-66.28712347541479,10.544133037225194],[-66.28712347541479,10.544342653952517],[-66.28716360815028,10.544632451540167],[-66.28745343559588,10.54487328109879],[-66.28797961082138,10.545122963155361],[-66.28854147028369,10.545122946390983],[-66.28896949354464,10.544962406353198],[-66.28914337241662,10.544770679186568],[-66.28933958775414,10.544743923777618],[-66.28974981514597,10.544931237650296],[-66.29032057471463,10.545533228339485],[-66.29065062765214,10.54613074503652],[-66.29113213302894,10.546683675087886],[-66.29178316021653,10.547071614310436],[-66.2923137888149,10.547120656244042],[-66.29325019883748,10.547303462448596],[-66.2938610953428,10.547352533673743],[-66.29422229458258,10.547602213035766],[-66.2946013815256,10.548083794649987],[-66.29505174623952,10.548632290750895],[-66.29580084160503,10.549211989490205],[-66.29683087212729,10.549862951327517],[-66.29775394240194,10.550143942406837],[-66.29833360882101,10.550121598031337],[-66.29893116346581,10.549912031697907],[-66.29932351052261,10.54967122821785],[-66.29947069749225,10.549461706954292],[-66.29951972955766,10.54896224069942],[-66.29964013053709,10.548480639424536],[-66.29996119994642,10.548222059315457],[-66.30017966526982,10.547843041487699],[-66.30028226954603,10.547263366052803],[-66.3004204675488,10.54590331449536],[-66.30066126993482,10.545283513750231],[-66.30100013682218,10.545100639249267],[-66.30127217480899,10.54505157847667],[-66.30149064066092,10.54496241491199],[-66.30175378044486,10.544770682032883],[-66.30183404809243,10.544534388375768],[-66.30183404809243,10.544222250890376],[-66.3017804757924,10.544003751308],[-66.30174034197108,10.54379414290944],[-66.30175378044486,10.54356224144695],[-66.30186074344392,10.543410665625553],[-66.30218181416885,10.543290295807013],[-66.30249398662272,10.543361600512688],[-66.30275258686021,10.543820943017082],[-66.3028016192225,10.54419990746612],[-66.30296215483972,10.544592312375576],[-66.30316282442804,10.544712737644613],[-66.30335014637771,10.544784093525745],[-66.3037335981516,10.544784092634442],[-66.30407246695873,10.544864299069909],[-66.30434005724075,10.545033790881357],[-66.30434005724075,10.54522106197445],[-66.30421075672832,10.545390533351368],[-66.30404123145425,10.545502020990758],[-66.30361319626303,10.545693760689176],[-66.30288188702517,10.54600144272523],[-66.3021327818626,10.546282309079029],[-66.30157090826954,10.54651420438794],[-66.30142381152979,10.546750576529538],[-66.30139257617785,10.54725439847806],[-66.30143270997338,10.548373620727359],[-66.30147284377192,10.549863019838497],[-66.30122314258497,10.550451627492885],[-66.30093330775152,10.55093319892384],[-66.30080391725092,10.551312156742437],[-66.30083070335202,10.55152176858605],[-66.30119190724461,10.551793761866175],[-66.30155311137791,10.551874079203323],[-66.30249398662272,10.551932047658477],[-66.30372025042959,10.552021192167135],[-66.30457187207088,10.552052366252687],[-66.30544138286777,10.551811610266821],[-66.30681039302851,10.55175365274488],[-66.30749258396503,10.551833913195482],[-66.30790282511344,10.551842830312554],[-66.3086519382348,10.551602054372124],[-66.3098425308117,10.551450399700776],[-66.31051146846414,10.551602076511845],[-66.31063178107877,10.551722405129931],[-66.31063178107877,10.551981052145393],[-66.31038207568184,10.55241358212999],[-66.30999416992515,10.552953133682001],[-66.30965084813651,10.55314039423814],[-66.30905328168913,10.553354471408214],[-66.30691290775721,10.55429090782745],[-66.30611031510603,10.554714499253183],[-66.30601215898692,10.55507118417606],[-66.30611031510603,10.555410144452313],[-66.30630199653312,10.555691055844951],[-66.30673012464507,10.555940714682109],[-66.30733204700849,10.556043259703644],[-66.30784044446733,10.55595414997185],[-66.3082506858782,10.556052252626175],[-66.30859400678328,10.5562439909074],[-66.30887049785748,10.556600730138772],[-66.30897301297458,10.556984155660588],[-66.30899090091107,10.55744343978319],[-66.30895076655692,10.558714327022416],[-66.30916033692753,10.559351947747214],[-66.30957057933381,10.559833550494321],[-66.31007443879031,10.560270536064733],[-66.31056050152651,10.560542539686898],[-66.310752184522,10.560734296948763],[-66.31084135209666,10.561024074215743],[-66.31077452181529,10.56130056157963],[-66.3107210394357,10.561541345061757],[-66.3104534460127,10.561902571704412],[-66.31032414404612,10.562143355197179],[-66.31034194122509,10.562731964477408],[-66.31051146846414,10.563093152869659],[-66.310752184522,10.56324028800488],[-66.31106436189924,10.563222456693694],[-66.31138098875873,10.563030683484484],[-66.31165294114086,10.562772085446491],[-66.31182237798583,10.562321740105586],[-66.31219248780474,10.561242599444604],[-66.31256259787504,10.560774397650295],[-66.31297284284433,10.560560373441602],[-66.31341432416329,10.560542525531641],[-66.3137709962921,10.560662936078213],[-66.3139315351472,10.560970585309372],[-66.31386016436075,10.561474474491845],[-66.31359266019854,10.562040778808697],[-66.31353027890056,10.562451003967256],[-66.3137219629408,10.562910325122818],[-66.31406083796982,10.563151128590668],[-66.31442205065221,10.563391861113558],[-66.3150017348536,10.563440964314252],[-66.31640191445905,10.563382945214883],[-66.31681216231556,10.563030732921709],[-66.31694146582072,10.562651678515774],[-66.31687454398875,10.562361806296748],[-66.31658470081655,10.562121046008775],[-66.31612097022163,10.561853517000092],[-66.31584447546852,10.561474522311505],[-66.31560375716205,10.560970574626538],[-66.31560375716205,10.56064060863292],[-66.31578209391304,10.560212538611053],[-66.31600056559273,10.559784524668062],[-66.31605404849022,10.558972917869454],[-66.31621458801709,10.557180391527819],[-66.31656245408819,10.556770121129336],[-66.31709301610555,10.556752261551717],[-66.31730258960646,10.556801341257994],[-66.3175032644812,10.556850357260283],[-66.31781099636675,10.556863799061693],[-66.31800268191034,10.556832592615384],[-66.31842182969046,10.556743357895478],[-66.31880093351629,10.556703221364561],[-66.31950093693614,10.556542751604132],[-66.31984435572714,10.556301931498252],[-66.32002269386236,10.555994291483568],[-66.32002269386236,10.555682076290765],[-66.32002269386236,10.555441302988893],[-66.31969271387585,10.554634193510099],[-66.31941176794633,10.554001014421857],[-66.3193627340885,10.55324295810635],[-66.31961244359555,10.552502744041147],[-66.31971051136041,10.552244152879174],[-66.3197640854246,10.551593138054352],[-66.31969271387585,10.551401398699177],[-66.31943410559414,10.55123195461799],[-66.31904165323175,10.551062491870917],[-66.31834155959676,10.551120446029653],[-66.31691467892634,10.551552984037976],[-66.3164331506728,10.551673414961932],[-66.31590249849377,10.551660038354898],[-66.31561265583765,10.551610941465436],[-66.31525144236699,10.551441544383255],[-66.31508200445634,10.551231917610664],[-66.31491256659831,10.550991128876582],[-66.31482339835762,10.550482767939288],[-66.31488133047161,10.549742559306909],[-66.3148635331444,10.549002370434712],[-66.31508200445634,10.548623381671984],[-66.31537184683064,10.548480705783906],[-66.31576420575362,10.548462859916933],[-66.31631274597503,10.548471725086427],[-66.31665162261301,10.548320132852968],[-66.31675413919365,10.548110569930353],[-66.31695036451814,10.547731499763431],[-66.31729369090331,10.547330242270645],[-66.31751225399091,10.546951178142551],[-66.317543399465,10.546661354996946],[-66.31747211900938,10.546233289617744],[-66.31728034284886,10.545600120308588],[-66.31712425235881,10.544842013195902],[-66.31688344268505,10.544503172079397],[-66.31659359950814,10.544280152611448],[-66.31630375648508,10.54411074625697],[-66.31601391361589,10.544110725446838],[-66.31570182420732,10.543923504577107],[-66.3155144980056,10.543771856821753],[-66.31546101516096,10.543392835570476],[-66.31554128483128,10.543040589300297],[-66.31540308298543,10.542451948892106],[-66.3151935102137,10.542041763258705],[-66.31473423013149,10.5416538242493],[-66.31420357960455,10.541502179867258],[-66.3136416935382,10.541622590165728],[-66.31321365079218,10.541921339132722],[-66.31284354027974,10.541992642685756],[-66.31258048592946,10.541921311905172],[-66.31236192481751,10.541774156674194],[-66.31224152101845,10.54146201577589],[-66.31224152101845,10.541270269790786],[-66.31283019233416,10.540650481860864],[-66.31378443506323,10.54002174334529],[-66.31410097270049,10.539593638418646],[-66.31427041030642,10.539281519254871],[-66.31424371434574,10.539063062943503],[-66.31413220878252,10.538920366710741],[-66.31365059218179,10.538563605138195],[-66.31336075072215,10.53836298245307],[-66.3130709094166,10.538171228585098],[-66.31261163112207,10.537930398929273],[-66.31203194946184,10.537801107248233],[-66.311742108863,10.537801092728776],[-66.3114300218994,10.537823449873011],[-66.31104202459406,10.537823440813291],[-66.310752184522,10.537703030848837],[-66.31037317709163,10.537533565140702],[-66.3098915638138,10.537212524917667],[-66.30951255698268,10.536779987836574],[-66.309222717725,10.536543662883414],[-66.30876344267612,10.536173582973044],[-66.30862079326872,10.535932734305387],[-66.30857166957948,10.535620575322092],[-66.30858065894186,10.535312921560644],[-66.30863414111111,10.535192517004193],[-66.30889274427186,10.535241593696984],[-66.30954379280162,10.535580458484517],[-66.3100209564795,10.535830196251938],[-66.31046234460422,10.535830179239658],[-66.31089047599076,10.535790050484307],[-66.31123379856112,10.535642892241139],[-66.31169307569424,10.53560274132372],[-66.31229064503884,10.535772258986132],[-66.31278106826515,10.53583018964969],[-66.31311104407439,10.5358034060557],[-66.31336075072215,10.535540370331683],[-66.31341432416329,10.535263864918313],[-66.31317351612682,10.53471097989851],[-66.31296394421182,10.534033142205356],[-66.31301297749494,10.533480273800487],[-66.31328048137271,10.533029872585477],[-66.31352128945646,10.533029845393363],[-66.31359266019854,10.533101219349993],[-66.3136416935382,10.53316364243811],[-66.31443094930853,10.533890455136063],[-66.31561265583765,10.534603963123867],[-66.31691022957791,10.53528171878127],[-66.31758353445176,10.53557160248419],[-66.31797153641006,10.535571595748996],[-66.31824349207747,10.53553144109531],[-66.31853333612978,10.535339703872431],[-66.31887221414523,10.535272787627894],[-66.31913082216117,10.535339672678417],[-66.3193538353518,10.53537091590949],[-66.31959464611418,10.535642919328316],[-66.31985325447182,10.535763332838762],[-66.31997365994972,10.535812372197316],[-66.32077182362951,10.535910449517587],[-66.32132472745738,10.536151214844551],[-66.32257328060966,10.537413152603854],[-66.32319310885387,10.537890261864241],[-66.32356322637604,10.53789027964867],[-66.32401361506217,10.53785020526144],[-66.32428112432396,10.53771190080342],[-66.32438364233431,10.537542452479364],[-66.3246022082539,10.536971725137674],[-66.32487416721612,10.536610540784341],[-66.32507484486739,10.536490136525126],[-66.32528442142505,10.536423244591393],[-66.32552078537714,10.536552611234542],[-66.32581063328226,10.53660158364548],[-66.32618066176718,10.536601587354797],[-66.3264214755312,10.536530285007236],[-66.32668462734442,10.536463379473846],[-66.32705465641882,10.53646338154447],[-66.32743367541529,10.536664074095343],[-66.32784393153823,10.537002975612118],[-66.32806240803158,10.537123343352247],[-66.32822295107962,10.537141190163087],[-66.32847266462433,10.537123319397068],[-66.32868224247966,10.53702965756412],[-66.32895429426904,10.536891462114557],[-66.32919056899651,10.536672945330285],[-66.32971233514587,10.536293960153273],[-66.33007346734969,10.536200334457204],[-66.33026079853103,10.536302824860348],[-66.33035441874303,10.536561483019554],[-66.33021176370279,10.536922648896912],[-66.33001108417356,10.537252636270248],[-66.33006456843913,10.537542491128354],[-66.3302741469017,10.537872454669364],[-66.3302741469017,10.538041922279975],[-66.33007346734969,10.538313905333506],[-66.32969444653143,10.538452141085006],[-66.32894085512541,10.538340647494351],[-66.32807139771458,10.538153383872826],[-66.32749169966904,10.538024115270881],[-66.32674256071434,10.537992867833402],[-66.32614061695469,10.537992876621503],[-66.32580164363628,10.538131064053115],[-66.3256813276816,10.538322841893752],[-66.32572137246058,10.538603724547364],[-66.3259131515786,10.539040787738609],[-66.3260112204717,10.539250343901413],[-66.32598452393795,10.539513424233848],[-66.32579274479495,10.539749746869141],[-66.32547175097224,10.53984340821369],[-66.32487416721612,10.539821059326625],[-66.32439263195704,10.53964270903938],[-66.32374156572281,10.539450991825733],[-66.32301476968564,10.539419810002906],[-66.32260451717593,10.539410870448586],[-66.32200248715704,10.539361799768892],[-66.32142288633298,10.539241391147014],[-66.3209902973039,10.538920370651235],[-66.32058449568972,10.538630546670996],[-66.32000035619049,10.5382915876312],[-66.31957230845983,10.538171227570635],[-66.31918439616854,10.538171237745303],[-66.31887221414523,10.538313918743182],[-66.31857347118923,10.53852349197251],[-66.31831041407716,10.53861268143016],[-66.31802057014308,10.538612672887632],[-66.31773072636278,10.538510079823636],[-66.31729369090331,10.538443255562523],[-66.31700384750867,10.538483352791038],[-66.31678092608014,10.53872414787337],[-66.31666052130569,10.53891143022637],[-66.31666052130569,10.539152231151578],[-66.31668285884103,10.53936179823293],[-66.31687454398875,10.539651675268932],[-66.31742299452246,10.54004407722782],[-66.31798043512424,10.54026253878754],[-66.31829252583492,10.540641575378345],[-66.31850209979594,10.5412702760875],[-66.31881428160789,10.541720675558143],[-66.31900151813791,10.54187231064918],[-66.3192245312758,10.541800896400817],[-66.31946080180857,10.541711751524396],[-66.31985325447182,10.541832114839837],[-66.31999145744344,10.542090781883182],[-66.32001379511492,10.54250993579395],[-66.32020103205569,10.542853252160484],[-66.32047307963575,10.543022767301554],[-66.32071389089091,10.543022747960817],[-66.32088333054803,10.54290236184674],[-66.32110180426693,10.542661519343795],[-66.32139164983411,10.542590180913718],[-66.32153430258035,10.542790876404858],[-66.32160122498271,10.543031621441331],[-66.32184203673431,10.543290239322491],[-66.32211399432629,10.543513202632843],[-66.32261341596549,10.543660385945417],[-66.32290326233299,10.543660398124713],[-66.323121736858,10.543522143251446],[-66.32341158349448,10.54359350686804],[-66.32360336180443,10.54382980315538],[-66.32362115941613,10.544052775984554],[-66.32357212518119,10.544213267263213],[-66.32328227845976,10.544431788056189],[-66.32289436353871,10.544623554908895],[-66.32253314525676,10.544712754539894],[-66.32229233320116,10.54485092437184],[-66.32229233320116,10.545020397640625],[-66.32245287455979,10.545283478907107],[-66.32303256727823,10.545501964849686],[-66.32327337965934,10.545653603775397],[-66.32358102398645,10.54567140318074],[-66.32380403899039,10.54565360030274],[-66.32395114177069,10.545533204351232],[-66.3241429202695,10.545412816986355],[-66.32441487900381,10.545390484439057],[-66.32462445530919,10.54554213571817],[-66.3248206834563,10.54580076539941],[-66.3253646925368,10.54674157857017],[-66.32565454035942,10.54696013597991],[-66.32582398154473,10.546942260835895],[-66.32604245723391,10.546911074233968],[-66.32630106863597,10.546960083558076],[-66.3266444916905,10.547160814529208],[-66.32702351040369,10.547352528348782],[-66.32763435400285,10.547553183113035],[-66.3281828153132,10.54760220565005],[-66.32864210667968,10.547700288310274],[-66.3287447163099,10.547820734402688],[-66.32866444470373,10.547990200431174],[-66.3285440373165,10.548511854821538],[-66.32885168459967,10.548850729980218],[-66.32909249953542,10.548971134968484],[-66.32921290704287,10.549194154043345],[-66.32921290704287,10.549430448248525],[-66.32896319316161,10.549622188000125],[-66.32865100556721,10.549662362559022],[-66.32816501755347,10.549582063086131],[-66.3277815486153,10.549631155428452],[-66.32708144380936,10.549912010646361],[-66.32620299969108,10.550572023641626],[-66.3254939980628,10.551891880225911],[-66.32507484486739,10.552373500398415],[-66.3247627502894,10.55258300343403],[-66.32444166626541,10.552583068720564],[-66.3242231912141,10.552770313877236],[-66.32420085337087,10.553011080416411],[-66.32441487900381,10.55322072269131],[-66.32470472632431,10.55325191545043],[-66.32509264252688,10.553283098422032],[-66.32526217434298,10.553211775155116],[-66.32550289689928,10.553091411802479],[-66.32574371036576,10.553211750070714],[-66.32574371036576,10.553452525547971],[-66.32547175097224,10.553853872743401],[-66.32501246225932,10.554371167810615],[-66.32471362514798,10.554950836913264],[-66.32451303843321,10.555490397201972],[-66.324374743516,10.555762371736636],[-66.32432125980492,10.556043281390533],[-66.32441487900381,10.556350991908435],[-66.32450404880852,10.556573962574596],[-66.32472261477612,10.55674338031194],[-66.32508374369706,10.557051042248968],[-66.32520415032504,10.557412259486357],[-66.32517291361057,10.55784030010438],[-66.32505250698945,10.558130157262864],[-66.32488306604253,10.558272851824443],[-66.32412058242953,10.558741036669025],[-66.32388430988537,10.559151286778691],[-66.3238530732461,10.559530342991103],[-66.3239422429594,10.559962866934294],[-66.32435249647085,10.56054255382121],[-66.32471362514798,10.561073131858247],[-66.32478499735119,10.561443281953947],[-66.32473151360007,10.561750982543135],[-66.32465124258103,10.561960503938993],[-66.32433460803112,10.562393028799942],[-66.3241429202695,10.562754227338104],[-66.32409388598784,10.563030713851095],[-66.32401361506217,10.563463215907147],[-66.32376390354732,10.563913579123657],[-66.32337144808015,10.564413002985322],[-66.32274272084231,10.56517108176044],[-66.32162347191611,10.566383986371608],[-66.32101263501617,10.567173207995712],[-66.32100364544893,10.567382774901946],[-66.32107056778639,10.567672672748511],[-66.32131137930453,10.567913419861611],[-66.32192230734174,10.568114055971028],[-66.32245287455979,10.568131945375145],[-66.32288092454357,10.568091775961776],[-66.32313063565594,10.567904512051346],[-66.32398237841554,10.567213358582062],[-66.32473151360007,10.566740675809479],[-66.3255117957359,10.566580158025014],[-66.32621189853906,10.56644191272362],[-66.32703240926497,10.56645081131799],[-66.32785283041282,10.566464255834093],[-66.3283834941746,10.566580123704568],[-66.32864210667968,10.566820917519419],[-66.3287447163099,10.567164318648858],[-66.32893195623319,10.56785098416027],[-66.3291950184447,10.56831025905946],[-66.3296409623019,10.568631328265942],[-66.3303231817355,10.568894421731866],[-66.3306309208201,10.5690906720544],[-66.33118383458606,10.569313574225784],[-66.33157175536594,10.569411694393304],[-66.3321514577155,10.56960346358317],[-66.3324814451967,10.56975055898488],[-66.33285147817448,10.569804102718882],[-66.33304325978133,10.569750598467062],[-66.33331522292269,10.569670339066604],[-66.33360507493944,10.569411647175292],[-66.3338949271088,10.56922441335778],[-66.3342026681912,10.569153054206001],[-66.33457270232589,10.569161992318403],[-66.3349651657951,10.568970235282215],[-66.33522378139455,10.568613473462223],[-66.3355225334144,10.568301367244764],[-66.33583463410174,10.56812300102063],[-66.33607100258978,10.56802042035279],[-66.33636530556268,10.568100743322098],[-66.33663282083573,10.5682433748494],[-66.33699404838596,10.568341534787569],[-66.33730170039259,10.568341541629678],[-66.33767182741428,10.568350400509452],[-66.33791255540199,10.568180938202042],[-66.33806420228332,10.567873269460417],[-66.3383540567976,10.567641423745524],[-66.33915224717734,10.567454128425725],[-66.34005295964143,10.567030493637967],[-66.34135504067552,10.56680313345294],[-66.34232268165424,10.566660458237834],[-66.34283547031069,10.566383939789993],[-66.34322339928612,10.566000441151212],[-66.34325463702444,10.565621468984281],[-66.34325463702444,10.56526025466433],[-66.34301381590137,10.564970429846426],[-66.34275519665218,10.564640434618962],[-66.34273285805698,10.564283696478673],[-66.34299147729571,10.564091978802383],[-66.34321450016331,10.564114303037856],[-66.34379412394046,10.564430873347648],[-66.34432480304937,10.564484361563466],[-66.3445120482637,10.564390756873513],[-66.34478410786349,10.564100900664464],[-66.34520318524565,10.563980515656322],[-66.34544400732145,10.56394037734679],[-66.34572496654225,10.56411426839236],[-66.3459924863465,10.564283741944266],[-66.34633138127386,10.56428371778198],[-66.34662568971095,10.564212390340513],[-66.34691554871326,10.564074126987485],[-66.34715183113245,10.563931473998581],[-66.34730348054758,10.563980533531701],[-66.3472945813592,10.564243610287438],[-66.34717416990595,10.56442194832335],[-66.34698238339195,10.564702881830298],[-66.34685307282525,10.565362838223928],[-66.34696458502565,10.566134216881347],[-66.34718306909241,10.566562333532799],[-66.34727224258083,10.567052825001687],[-66.34705375847889,10.567133095458145],[-66.34655431467914,10.566941382026938],[-66.34611289754292,10.56660245452276],[-66.3456134545914,10.566330409053595],[-66.34527456010335,10.566312602597986],[-66.34520318524565,10.566620309211562],[-66.34524332225102,10.566883345881784],[-66.34524332225102,10.567414034074623],[-66.34509176420757,10.567641391826754],[-66.34482424483848,10.568002596441476],[-66.34441397607758,10.568261240522077],[-66.34395467157064,10.568421766430612],[-66.34336160813008,10.569023761827907],[-66.34332147126118,10.569420591122505],[-66.34334380988017,10.569844259815518],[-66.34283547031069,10.570571016320748],[-66.34280423259604,10.571222115891072],[-66.34305395274794,10.571721472747127],[-66.34343298275029,10.572131766564663],[-66.34368270318602,10.572220883623853],[-66.34399480848546,10.572363612712335],[-66.34432480304937,10.572461710396807],[-66.34459232217709,10.572461742343133],[-66.34486438181636,10.572524166022442],[-66.3451140120903,10.572671312763372],[-66.34526566094758,10.572854126369657],[-66.34574276486873,10.573041389732033],[-66.3461752825396,10.573264382178515],[-66.34646514130625,10.573264339663213],[-66.34684417364412,10.573233129844615],[-66.34711169398881,10.57307263763774],[-66.34735251689429,10.57292098779026],[-66.3477047614456,10.572983429610561],[-66.34787420940694,10.573161815813807],[-66.3481729682645,10.573701365556097],[-66.34842269083735,10.57383061577033],[-66.34856535058309,10.573852918315858],[-66.34873479880741,10.573812823127966],[-66.34887309983489,10.57374148763566],[-66.34902465891247,10.57361212151121],[-66.34928328108896,10.573402556191061],[-66.34949286684568,10.573291123921084],[-66.34992538744228,10.573273247396587],[-66.35015286271812,10.573273308927025],[-66.3503624488033,10.573273236245159],[-66.3505541456775,10.573291096603956],[-66.35069235634982,10.57337140487243],[-66.35086180522367,10.573514058656578],[-66.35097331822998,10.573781645728083],[-66.35103570377339,10.57397332335645],[-66.35117400537426,10.574102645948884],[-66.35130331694819,10.574142760020878],[-66.35144597743442,10.574160664681092],[-66.35159308758593,10.57416061343472],[-66.35198556313132,10.574160597283045],[-66.35248492101115,10.574200761324418],[-66.3527524440752,10.57434340983706],[-66.3531359303485,10.574450448994403],[-66.35342579275101,10.574593183874269],[-66.35363538007105,10.574753722082521],[-66.35381372913525,10.574923145735223],[-66.35400551800946,10.575052458981451],[-66.35429538086535,10.575110451855185],[-66.35471446543066,10.575333349723758],[-66.35481263024664,10.57552066585957],[-66.35480364012864,10.57573021822101],[-66.3547457038161,10.576024567004584],[-66.35468331785623,10.576211834150678],[-66.3547055661235,10.57648381710186],[-66.35476350243185,10.576693382166725],[-66.35476350243185,10.57690300793791],[-66.3546654284338,10.577072426871933],[-66.35454501538204,10.57735336900729],[-66.35463419005286,10.577661023998564],[-66.35479474082004,10.57783048989235],[-66.35502212728002,10.577852772210424],[-66.35525405430019,10.577763563034974],[-66.35556171644792,10.577384522161582],[-66.35588281856394,10.577041240975081],[-66.35607451734198,10.57696092469801],[-66.35624396785636,10.57700109370766],[-66.35651594239646,10.57716161134111],[-66.356694292384,10.577143800079993],[-66.35684594440411,10.576992121927901],[-66.35694401878641,10.57678256509717],[-66.35708223104707,10.576550674995692],[-66.35735429680629,10.576501649378352],[-66.35772434640836,10.57656405784572],[-66.3579740732726,10.576671088553669],[-66.3583531134615,10.576684477718779],[-66.35860284060753,10.576644319426341],[-66.3588659169257,10.576532859809536],[-66.35920481970425,10.576532843473178],[-66.35931179388238,10.576573032875313],[-66.35940550981762,10.576630963623344],[-66.3595748705351,10.57686284635042],[-66.3596819355943,10.577050153824542],[-66.3598334976174,10.57738456989477],[-66.35987363567955,10.577554040293242],[-66.35995391181253,10.577674392731971],[-66.36018584088603,10.577781459040242],[-66.36058268138034,10.577861654848466],[-66.3608947961734,10.577941954428097],[-66.36112218512297,10.577964232086392],[-66.36147452920548,10.577991022086037],[-66.36172416693879,10.57785275135384],[-66.36177320455684,10.577643149412289],[-66.36173315716843,10.577152674039455],[-66.36148342862076,10.576702328569237],[-66.36093493431191,10.576051300508073],[-66.36074323386191,10.575534070561272],[-66.36069410552413,10.575092542844162],[-66.36075213326552,10.574713525012642],[-66.36077438177519,10.57425429245479],[-66.36084575863252,10.573433815023314],[-66.36086355744317,10.57261335223269],[-66.36087254765896,10.572421547729395],[-66.36088589676753,10.572283332810208],[-66.36106424815338,10.572131761226107],[-66.36131397651349,10.572171862033896],[-66.36154581534203,10.57240370465251],[-66.36217458670363,10.57341152763651],[-66.36245546356757,10.574254307040032],[-66.36272308223053,10.574512889040255],[-66.36305299710081,10.574570837174994],[-66.3632447891546,10.574530733556779],[-66.36338300297662,10.574401411914845],[-66.363485528232,10.574240890091705],[-66.36365498099825,10.574231961857041],[-66.3639626477813,10.574321171593859],[-66.36413210069225,10.5745441015595],[-66.36432389311648,10.574691243116172],[-66.36453339372324,10.574753675134723],[-66.36467614840795,10.574642219457633],[-66.36469394734065,10.57446381348864],[-66.36467614840795,10.57425429483288],[-66.36446210720541,10.573951012759295],[-66.36443531800678,10.573683541327007],[-66.36458252239879,10.573621047489755],[-66.36481436258399,10.573830671377038],[-66.36527368431591,10.57436127020752],[-66.36583553211155,10.575181801387766],[-66.36608517179326,10.57539131789318],[-66.36621448682678,10.575324452119611],[-66.36621448682678,10.575172861217105],[-66.36620558733615,10.574923105632937],[-66.3659336080736,10.574490599540356],[-66.36562594020583,10.574111565505888],[-66.36561250017296,10.573750403166082],[-66.36574626483882,10.573572037282387],[-66.36594250755991,10.573563142592818],[-66.36601388507759,10.573563100203453],[-66.36638394042016,10.57383064591868],[-66.36657573361673,10.574102670757133],[-66.36674518731952,10.57448166892992],[-66.36706620505905,10.57498113033768],[-66.36722230965012,10.575043504043478],[-66.36741401232267,10.57498108229373],[-66.36753442815153,10.574793822679194],[-66.36753442815153,10.574584265522414],[-66.36744525141907,10.574410364548953],[-66.36738277322803,10.57395106235046],[-66.36742291183252,10.573763784214341],[-66.3677038821446,10.573531873014987],[-66.36808283812498,10.573273235483809],[-66.3682835314272,10.573224233866842],[-66.36870271730763,10.573251000965364],[-66.36926456854535,10.573442695844633],[-66.37019647820873,10.573870755893445],[-66.37084305842178,10.574160606995243],[-66.37125325583398,10.574223042635323],[-66.37154312764201,10.574214097067687],[-66.37190428705604,10.574312239673885],[-66.37240375356366,10.574584246062404],[-66.37256430943727,10.57460211383533],[-66.37273367413879,10.574602047040663],[-66.37298340770613,10.574472797613298],[-66.37337580747402,10.574160593707656],[-66.3737236186524,10.573924266159443],[-66.37388417490352,10.573670124018426],[-66.37406253043086,10.57329113734922],[-66.37431671439892,10.573161756841014],[-66.37453520917722,10.573152850759813],[-66.37460649697657,10.573161753488623],[-66.37485623137682,10.573282201038412],[-66.37504357765614,10.573594337597939],[-66.37519514383864,10.573763729556772],[-66.37520404347195,10.573830635385818],[-66.37521294310542,10.573951031976648],[-66.37507472636497,10.574392519397389],[-66.37478494354579,10.574771515462619],[-66.37472246453699,10.575021247895688],[-66.37470466528575,10.575190711581367],[-66.37470466528575,10.575342310479428],[-66.37493650965853,10.575542989365594],[-66.3750658267337,10.575542959820739],[-66.37518624420547,10.575614269840669],[-66.37523528300227,10.575752548917071],[-66.37523528300227,10.575864010368829],[-66.37521294310542,10.576051268405505],[-66.3753333606087,10.576323274911411],[-66.37538239941834,10.576443724673222],[-66.37554295614355,10.576483821596247],[-66.37577480086217,10.576483807982386],[-66.37598439656165,10.57640351858838],[-66.37618509269028,10.576251922829734],[-66.3763545492963,10.576011186247214],[-66.37651501548635,10.575801563811149],[-66.37670681214713,10.575743616360336],[-66.3769029678906,10.575783722224209],[-66.37709476468369,10.575944302116639],[-66.37734440937645,10.576381229518063],[-66.37762538465608,10.576630967450212],[-66.37789291974894,10.576630969788013],[-66.3781961445039,10.576501693894624],[-66.37850381926503,10.576274257615522],[-66.37885608346164,10.575641024618596],[-66.37921279772708,10.574673435581204],[-66.37921279772708,10.574174013810783],[-66.37894526200681,10.573580968443807],[-66.37851271895072,10.57283178981],[-66.37815600512894,10.57204254773255],[-66.37813366511605,10.571494049140405],[-66.37827642326243,10.57100359020442],[-66.37843244015849,10.570771712894631],[-66.37843244015849,10.57062011870285],[-66.3784146407898,10.570450650392077],[-66.37834326169457,10.57008058937155],[-66.37844578968536,10.569821948355063],[-66.37853496816552,10.569670272574388],[-66.37853496816552,10.569491975739036],[-66.37840574110568,10.569153096536377],[-66.37817380448944,10.568823070025601],[-66.37800434733533,10.568484220426898],[-66.37795530829705,10.568154228287288],[-66.37801333782615,10.568002577651805],[-66.37814256479588,10.567851024289302],[-66.37878470431042,10.567351585383813],[-66.37941349500733,10.567021628254215],[-66.379484783425,10.567003742630682],[-66.3798147989691,10.566771915297545],[-66.38005554515806,10.56660244797051],[-66.38017596369781,10.566263591802853],[-66.38050588883343,10.565764159157695],[-66.38071548629492,10.565550101516596],[-66.38091618411059,10.565402980691864],[-66.38118372076694,10.565353870888147],[-66.38141556780916,10.565331609537889],[-66.38170544485624,10.565180003386843],[-66.38217368015061,10.564952588491234],[-66.38250360645559,10.564800938946558],[-66.38269531434216,10.564693961905181],[-66.3829361525753,10.5646002906543],[-66.38318589067073,10.564600303676718],[-66.38341328865451,10.564600314846933],[-66.38378335545744,10.564533456009435],[-66.38409548315572,10.564453156005383],[-66.38445665062633,10.5643238716045],[-66.38477331940331,10.564172211291943],[-66.38498282763645,10.564042887896127],[-66.38523701653341,10.564141029709873],[-66.38548675564687,10.564221311540242],[-66.38575429447056,10.564181148718623],[-66.38608422286853,10.563993912062893],[-66.38641424227359,10.56397154329445],[-66.38672637142594,10.564034033178748],[-66.38722576026535,10.563993906025662],[-66.38774304002297,10.56377985045018],[-66.3881354500705,10.563440983656163],[-66.38829601042764,10.563044115416494],[-66.3883762906233,10.562660592462713],[-66.38853676023408,10.562223583444462],[-66.38871512039817,10.561840113194483],[-66.38885334048254,10.56150121301781],[-66.38893362075729,10.560832350654515],[-66.38895596119777,10.560560359707821],[-66.38909418134098,10.560413183479291],[-66.38949549218464,10.560359720878072],[-66.39002612381852,10.560132315282573],[-66.39054340613652,10.559873635134256],[-66.39101600788088,10.559570420205906],[-66.3913638299393,10.55922260045244],[-66.39146636029439,10.558941733410407],[-66.39146636029439,10.558732104629254],[-66.39133713027502,10.558460174699276],[-66.39106504805373,10.558041005784686],[-66.3909758675944,10.557563886068591],[-66.39103389846196,10.557073334809427],[-66.3912835493199,10.55695291888763],[-66.39167596182209,10.557131314674633],[-66.3920148843871,10.557563895098735],[-66.39217535502918,10.55760395034898],[-66.3922868762492,10.557581709303],[-66.39242509720543,10.557563888551929],[-66.39257675887164,10.55750139478125],[-66.39282641040934,10.557452370892253],[-66.3930047719245,10.557492474838154],[-66.39315643374579,10.557603950666914],[-66.39334369528409,10.557590629317634],[-66.3934239761953,10.557363176146232],[-66.39351315703983,10.556863797028928],[-66.39366472818156,10.556672017261441],[-66.39389658034189,10.556649732191651],[-66.39405714233219,10.556792447315065],[-66.39412398263114,10.556850394932276],[-66.39443620684935,10.557233864328756],[-66.39501588362398,10.55762183870653],[-66.39518525506347,10.557639647504281],[-66.39534581741844,10.557563860122977],[-66.39547513916725,10.55751031837363],[-66.39572488279643,10.557532613906261],[-66.39591659516232,10.557670907805297],[-66.39611720755575,10.557902726107155],[-66.39647393271109,10.558170259080287],[-66.39672367677957,10.558192554923068],[-66.39697342095786,10.558192623908075],[-66.39707595232686,10.55831294688794],[-66.39710719306652,10.55863401613958],[-66.39708485230484,10.558861481898212],[-66.3969332802498,10.55903088396937],[-66.39683519889361,10.559262782307103],[-66.39689313954457,10.559432206561716],[-66.3970447115889,10.559659612372354],[-66.39709375228296,10.559913807650378],[-66.39707595232686,10.56029282720622],[-66.39701356166877,10.560520262437917],[-66.39699567089907,10.560850185171756],[-66.39710719306652,10.561251543334162],[-66.3973345966419,10.561643957589888],[-66.39773591331749,10.561951641502047],[-66.3979633171445,10.562080924542524],[-66.398043598709,10.562223650867882],[-66.398043598709,10.562393078679875],[-66.3979231763665,10.56256254007224],[-66.39771357253109,10.562972765749416],[-66.39726321515838,10.563423122527157],[-66.39699567089907,10.56354349868695],[-66.39656311403493,10.563650559897894],[-66.39623317953304,10.563851175606802],[-66.39603701707942,10.564100865020485],[-66.39574713268871,10.564310470604957],[-66.39532356754188,10.564310453640703],[-66.39501588362398,10.564381849183066],[-66.39473489969593,10.564662755492575],[-66.39419536371999,10.56546092914322],[-66.39405714233219,10.565790900774584],[-66.39401700183036,10.566169937895934],[-66.39400365193558,10.5665935450605],[-66.39386543059449,10.56732035611245],[-66.39380294947372,10.567623596588506],[-66.39351315703985,10.56791340562002],[-66.3932767642616,10.568131939885932],[-66.39310739339194,10.56846186158971],[-66.39304491235468,10.568760626341392],[-66.39298697209664,10.569130754577365],[-66.39278626999463,10.569433981209443],[-66.39260345859431,10.569701516106223],[-66.39235380715482,10.569893257932963],[-66.39183652318344,10.570142987855931],[-66.39019558458202,10.57139153632539],[-66.38914322134734,10.57220310275176],[-66.38901390104344,10.57247061374039],[-66.3889648610483,10.572894223341054],[-66.38904514133887,10.573371370936558],[-66.38925465115538,10.57377267112729],[-66.3893037819905,10.574062493320643],[-66.38934383134357,10.574361276172063],[-66.38951329190279,10.574611011569889],[-66.38966495278927,10.57477154382916],[-66.38991460304364,10.574851762723876],[-66.39016434422308,10.574851784439879],[-66.39045422575936,10.57487408258672],[-66.39086443744758,10.575181747877274],[-66.39111417904596,10.575320029175602],[-66.39124340901446,10.575342294077629],[-66.39147535099957,10.575302128349785],[-66.39161357175787,10.575221866437829],[-66.39184542307925,10.575043512512092],[-66.39223338601958,10.574833965718147],[-66.39274612958276,10.574660084628652],[-66.3934149854592,10.57453073555399],[-66.39359343797506,10.574512898058787],[-66.39384308996041,10.574503952138498],[-66.3943246852066,10.574651153124773],[-66.39459667817668,10.574833968387793],[-66.39470374990252,10.57504352602337],[-66.3948464214193,10.575083641921928],[-66.39494450243193,10.575101530147865],[-66.39509607395605,10.575043508297563],[-66.39519424582761,10.57489195333296],[-66.39527443618489,10.574740340315543],[-66.39527443618489,10.574602077663886],[-66.3953948579658,10.574410374423532],[-66.39554652042605,10.574303339567104],[-66.39574713268871,10.574231989860328],[-66.39597453571955,10.574182903295215],[-66.39608605768649,10.574174021502058],[-66.3962242795684,10.574289913475159],[-66.39628667013979,10.574423738349449],[-66.39631346085304,10.574561954315783],[-66.39643388285434,10.574651094383924],[-66.39656311403493,10.57465112553613],[-66.39674601752705,10.574651149166456],[-66.39681730812954,10.574731378561454],[-66.39681730812954,10.574820542539273],[-66.39681730812954,10.574940974034453],[-66.39671477680724,10.575230852121026],[-66.39673702673832,10.575480507536653],[-66.39683519889361,10.575672254144523],[-66.39713389300236,10.576082530819143],[-66.39750405958915,10.576260855787494],[-66.39775371329426,10.576283176262363],[-66.39808373949549,10.576283123476271],[-66.39841367507202,10.5763009763456],[-66.3985474475197,10.57646154577373],[-66.3985474475197,10.57653287917142],[-66.3985474475197,10.57661316930093],[-66.39838688425974,10.576902959217971],[-66.3982264118614,10.577121502765277],[-66.39824421185354,10.577411280640785],[-66.39820407105572,10.577531670983577],[-66.39814613027109,10.577652097506872],[-66.39789638557734,10.577790349518905],[-66.39756645030111,10.577812638056603],[-66.39719637448978,10.577790336206416],[-66.39694663021348,10.5777814404141],[-66.39688423956959,10.577884001512258],[-66.39682620810348,10.578071275530073],[-66.3968039581689,10.578410117436277],[-66.39657655480593,10.578762452340202],[-66.39583631389841,10.579480359779845],[-66.39563570160423,10.579881671101777],[-66.39563570160423,10.580140300750044],[-66.3956668514488,10.580354284279057],[-66.39580507322867,10.580684276810205],[-66.39591659516232,10.580934031426565],[-66.39593439508208,10.581161439626639],[-66.39591659516232,10.58137100543079],[-66.39575603264588,10.581580586928254],[-66.39546623921449,10.581883780263414],[-66.39519424582761,10.582071055790045],[-66.39478394019048,10.582450073341716],[-66.39448524731807,10.583270556860404],[-66.39458332826827,10.583422169592847],[-66.39473489969593,10.583462279301823],[-66.39498464299939,10.583471266577668],[-66.39537705806295,10.583324121745491],[-66.39630456088715,10.583003015764879],[-66.3968039581689,10.58293164579844],[-66.39705361156639,10.58295397894577],[-66.3976154910402,10.583404340638593],[-66.3979633171445,10.583462330028954],[-66.39844491588522,10.58364067989144],[-66.39873471083607,10.583810138133114],[-66.39913602850017,10.583890421935447],[-66.39929659197168,10.583930520031677],[-66.3994437146494,10.583992911354448],[-66.39956413731393,10.583992973282061],[-66.39969346002279,10.583921597229189],[-66.39987627370562,10.58384132410022],[-66.40016606938582,10.583752134174796],[-66.40043361513699,10.58375212356173],[-66.40062541990771,10.583872583837632],[-66.40080378387182,10.58394391723635],[-66.40101329802937,10.583872546900654],[-66.40122735310223,10.583680847085606],[-66.40153504038231,10.583591626183319],[-66.40175354567687,10.583533680426063],[-66.40194526007544,10.58344003040478],[-66.40225739777291,10.583212636326477],[-66.4026855089344,10.583141228126754],[-66.40316711167135,10.583141299425055],[-66.40345690902642,10.583092172649774],[-66.40376459751077,10.58309220371594],[-66.40401434477928,10.583052074465808],[-66.4042551012497,10.582833602324406],[-66.40460738145885,10.582503635697819],[-66.40481698783248,10.582351968163522],[-66.40520486880766,10.58226282435161],[-66.40585593910576,10.582302963016344],[-66.4060164136538,10.582392156228098],[-66.40604765488403,10.582731013790522],[-66.40606545512063,10.58292276944134],[-66.40610559647251,10.58298072092736],[-66.40627506202998,10.583092219103943],[-66.40645342776214,10.583150192617655],[-66.40658720209785,10.58328391080521],[-66.40658720209787,10.583462347641184],[-66.40646677794903,10.583573782712449],[-66.40627506202998,10.583591617151779],[-66.40606545512063,10.583551494314536],[-66.40575785621238,10.583373116310007],[-66.40554379943784,10.583350798115347],[-66.40527625128698,10.583431114941174],[-66.40495521183506,10.583810097704436],[-66.40444681648992,10.584412086243843],[-66.4043844250238,10.584800030918355],[-66.40455389006995,10.585161234779468],[-66.40480354686686,10.58549117443179],[-66.40501760336362,10.585611634418232],[-66.40517371844096,10.585593794531327],[-66.40542782556342,10.585553610071315],[-66.40550365812547,10.585611579553538],[-66.40577565643993,10.585633912290154],[-66.40623492066615,10.585781070649963],[-66.40638658601483,10.58599059037671],[-66.40671652640063,10.586240326403846],[-66.40692613354905,10.58624030185691],[-66.40716689124822,10.58623137629858],[-66.40747458173351,10.586093196768607],[-66.40766629805536,10.585963866427786],[-66.40791604703162,10.585892541636095],[-66.40811666365201,10.58591036278353],[-66.40820584679877,10.586021855120569],[-66.40828612980631,10.586142243874663],[-66.40831737116072,10.5864811216422],[-66.40831737116072,10.586730833450046],[-66.40829502995943,10.587020696018197],[-66.40838421313403,10.587172263029041],[-66.40860717113142,10.587332781931774],[-66.40883457929661,10.587421985248312],[-66.40923590407087,10.587471075332418],[-66.40960598770032,10.587471069152087],[-66.40989587914257,10.587640467514705],[-66.40996717139008,10.587841177282078],[-66.40996717139008,10.587970435639358],[-66.41013663809308,10.588300469965704],[-66.4102748633832,10.588371762591278],[-66.41040418852062,10.588380683120475],[-66.41050672230557,10.588380691559577],[-66.41058700563627,10.58832271390836],[-66.41070743065347,10.588220149829567],[-66.4108545562745,10.588130969734383],[-66.41104627373004,10.588113135606873],[-66.41110430664374,10.588144348395616],[-66.41118459005831,10.588171157042789],[-66.41124698226724,10.58833165365936],[-66.41123808206817,10.588483248300022],[-66.41110430664374,10.588844480954139],[-66.4108679065642,10.589161065101107],[-66.4105959058252,10.589410770396428],[-66.4101277379113,10.589731788405675],[-66.41000731301615,10.5898433112456],[-66.40996717139008,10.59002163861876],[-66.40996717139008,10.59013314281022],[-66.4100252041943,10.590213390247209],[-66.41044433017738,10.590503219118624],[-66.41096608115318,10.590690519800637],[-66.41143424975324,10.590770806731019],[-66.41185782687295,10.59087333254791],[-66.41218786123538,10.59101159410385],[-66.41226814480197,10.591221183859153],[-66.41223690323173,10.591390619851166],[-66.4121745109149,10.591600153958264],[-66.41204518537731,10.591823125924869],[-66.4119470106032,10.59241171783654],[-66.41197380205236,10.59291114242104],[-66.41203619434734,10.593200998419563],[-66.41218786123538,10.59358445211584],[-66.41233498723703,10.593811882650353],[-66.41233498723703,10.594061622280858],[-66.41219676144922,10.59427117776514],[-66.41184447656015,10.594552074894878],[-66.41180433480515,10.594752731663673],[-66.41180433480514,10.594993513898546],[-66.41189796863168,10.595363677767638],[-66.41179543459742,10.5956802845405],[-66.41167500935123,10.595871967695274],[-66.41150563301088,10.596041468669725],[-66.41119794035573,10.596210852135664],[-66.41098388154299,10.596313469794334],[-66.41076537271452,10.59631342227949],[-66.41061379702175,10.59630449843646],[-66.41041753879982,10.596380362002998],[-66.41026596319925,10.596652299937901],[-66.410145538275,10.596893099033972],[-66.40983793716961,10.597040247952403],[-66.40962387886592,10.597062548355446],[-66.4093339875616,10.597062543359938],[-66.40911547936359,10.597062573349248],[-66.40890596222975,10.597133948276635],[-66.4087275957316,10.597240899844591],[-66.40847784640054,10.597664515534907],[-66.40818804649544,10.598101528797661],[-66.40784466422217,10.598440397018088],[-66.40748793194426,10.598694615148167],[-66.4070153165099,10.598944321890523],[-66.40662734348646,10.599211830101531],[-66.4065470607121,10.599421398987454],[-66.4065470607121,10.59965330711975],[-66.40661399329582,10.599974337649433],[-66.40661399329582,10.600143850088768],[-66.40653371052335,10.60028206379662],[-66.40634644464318,10.600393509470562],[-66.40611458740918,10.600522872354125],[-66.40593622178291,10.600692297975778],[-66.40577565643993,10.60094200614249],[-66.40531639258336,10.601222920250022],[-66.40453599906324,10.601374551735498],[-66.40325629404445,10.601744645479789],[-66.40190511901648,10.601851654846376],[-66.40134777614422,10.601753546806709],[-66.40099549795057,10.60163316137456],[-66.40078589298288,10.601472611002686],[-66.40059417897474,10.601361151407367],[-66.40036677409573,10.601240712829295],[-66.40024635126129,10.601240718448057],[-66.4001571693596,10.601334385759758],[-66.4000368373861,10.601664375867804],[-66.3999743555865,10.601771351991632],[-66.3997469509552,10.601851618680783],[-66.39958638735656,10.601923007069518],[-66.39939467375258,10.60192297866905],[-66.39916726935306,10.601963087186034],[-66.39900670591805,10.602092470980535],[-66.39873471083607,10.602373359081964],[-66.39851620670086,10.60247144584916],[-66.39826655266081,10.60247147722391],[-66.39803469871599,10.60250267284522],[-66.39791427637539,10.602600749612872],[-66.39781619484985,10.603051128682086],[-66.39763338182941,10.603421217763463],[-66.39744602805973,10.603474727293998],[-66.39711609304499,10.603550566217901],[-66.39688423956959,10.60351040390767],[-66.39667463611745,10.603412323913213],[-66.39640709213539,10.60333206340133],[-66.3962242795684,10.603332094262726],[-66.39605481700299,10.603332060159065],[-66.39588535448813,10.603381142403476],[-66.39572488279643,10.603341021572447],[-66.39555542038006,10.60328299143347],[-66.3953948579658,10.60328302037737],[-66.39516745516718,10.603381118466716],[-66.3949534023765,10.603604101989722],[-66.39494450243193,10.603822582419197],[-66.39500689286267,10.603951904980148],[-66.39516745516718,10.60401427265056],[-66.39535471736932,10.603992036608561],[-66.39554652042605,10.604094551062094],[-66.39556432033422,10.604304184657764],[-66.39544389851736,10.604473615032903],[-66.39542609861297,10.604620759034706],[-66.39548403912015,10.604741172127888],[-66.39561336090044,10.60482139044955],[-66.39584521385697,10.604821398349843],[-66.39627332019163,10.604821399416007],[-66.39681730812954,10.604901675711174],[-66.39729445590834,10.60512466189068],[-66.3977938540603,10.605311889085845],[-66.39808373949549,10.605334241806208],[-66.39851620670086,10.605262827186353],[-66.39878375167596,10.605320852128191],[-66.39901569674268,10.605463500822433],[-66.39916726935306,10.605650836206973],[-66.39924755108756,10.606052132950436],[-66.39929659197168,10.606511441733575],[-66.3994660555038,10.60687259312506],[-66.3996577691318,10.607033106333814],[-66.39977374183157,10.607050993478504],[-66.39992531464395,10.607050974694202],[-66.40010367838862,10.606984033680261],[-66.40031773311934,10.606943913501722],[-66.40048719695564,10.607024188361413],[-66.40068781096213,10.607091085514297],[-66.40087507498309,10.607104447320205],[-66.4010356389454,10.607082178460505],[-66.40112482098473,10.606984107118208],[-66.4013076351274,10.60685479623486],[-66.40151724028719,10.606743282641593],[-66.40167771361376,10.606703165767811],[-66.40182492772392,10.606743281118737],[-66.4019141098869,10.606823530130601],[-66.40219500654649,10.60692165167966],[-66.40240461203291,10.606903817610029],[-66.40254728548223,10.606823572797019],[-66.40273455011472,10.606600610605838],[-66.40295750590438,10.606333028643268],[-66.40314477067173,10.606252787181417],[-66.4033766266983,10.60626167003219],[-66.40351485035168,10.606163632395964],[-66.40355499152406,10.605971843123656],[-66.40357733253975,10.60574440743496],[-66.403746797346,10.60565083843252],[-66.40398755370342,10.605592822774897],[-66.40454498997516,10.605610710514227],[-66.40562408207106,10.605650775370965],[-66.40616362888443,10.605873730276793],[-66.40627506202998,10.606020938142978],[-66.4064757688914,10.606123438978143],[-66.40679680919881,10.606163605954109],[-66.40708660839799,10.606163623085914],[-66.40743444028536,10.606172545218605],[-66.40770643951983,10.606114513288126],[-66.40796508866161,10.60598078358211],[-66.40819694664704,10.605771174288966],[-66.40848674655665,10.605561582108491],[-66.40871424549186,10.605512592810008],[-66.40885692051901,10.605512583920344],[-66.40892376255542,10.605744432511553],[-66.40900404566386,10.606431123160922],[-66.4090352870575,10.60750132680981],[-66.40908432878356,10.607670811653184],[-66.40920466266624,10.607710881728694],[-66.40937412914322,10.607581623252482],[-66.40949455390498,10.607291760375457],[-66.40990477932074,10.606743258763201],[-66.41019467091449,10.60646238503802],[-66.41037748796317,10.606364261954372],[-66.41101512304483,10.605980771358817],[-66.4112647826658,10.605762240800448],[-66.41148774178643,10.605280708075682],[-66.4116572089399,10.605133526516953],[-66.41183557635176,10.605173696529661],[-66.41212537810539,10.605552685600658],[-66.41250445464135,10.605753358075953],[-66.41269617264958,10.60577122176274],[-66.41285673993656,10.605713260334438],[-66.4130038661101,10.605583912807505],[-66.41316443348336,10.605374341995795],[-66.41334725148067,10.605102364917773],[-66.41347648649362,10.604883839187856],[-66.41373513824449,10.604741138072729],[-66.41394474796533,10.604754492172942],[-66.41406508287005,10.60481247853102],[-66.41425689221948,10.604901711253259],[-66.41432818501013,10.605093433090396],[-66.41432818501013,10.605383291679546],[-66.41431483463975,10.605530407146844],[-66.41430593439298,10.605784601772424],[-66.4143549765707,10.605994170041395],[-66.41447540238045,10.60603432395557],[-66.41462697909549,10.606172545592374],[-66.41466712104831,10.606364290937591],[-66.4145645865183,10.606493563159358],[-66.41439511850447,10.606511379931115],[-66.41423455078628,10.606511418108582],[-66.41408742429665,10.606431151595224],[-66.41367719588284,10.606582762108951],[-66.41355677024087,10.606832469493893],[-66.41336505194454,10.607273921420182],[-66.41314654220707,10.607421073279674],[-66.41289688176535,10.607260539176409],[-66.41260698880262,10.607202595365186],[-66.41227704501706,10.607371984800785],[-66.41204518537731,10.60764400979789],[-66.41196490184198,10.607831282360507],[-66.412027294136,10.6080631902875],[-66.41236622881263,10.60837087285333],[-66.41298606565745,10.608834604014861],[-66.41305735828996,10.609062018954281],[-66.41299496588371,10.609164540221789],[-66.41272741424488,10.609311737577544],[-66.41260698880262,10.609543607173865],[-66.41262488006204,10.60973088046631],[-66.41254459644544,10.609962722303166],[-66.41237512902924,10.610092066664723],[-66.4119470106032,10.610221373887194],[-66.41171515109714,10.610390831859728],[-66.41151453321412,10.61066284940612],[-66.41124698226724,10.61083228638241],[-66.41116669884391,10.61109093129897],[-66.41121574075275,10.611572462952033],[-66.41110430664374,10.61178208196948],[-66.41071633084428,10.611951521289564],[-66.41047557164973,10.612103152217784],[-66.4104354299908,10.612433060315775],[-66.4104576804575,10.612642685340097],[-66.41058700563627,10.61334275930862],[-66.41066728897826,10.613592419416095],[-66.41083675588871,10.613712871159526],[-66.41094818994561,10.613730721481673],[-66.41118459005831,10.61377085225554],[-66.41121574075275,10.613873409367487],[-66.4111354573338,10.614131981976866],[-66.41117559904187,10.614323743732651],[-66.41121574075275,10.614444135028085],[-66.41132726570184,10.614502079251656],[-66.41148774178643,10.61450212374246],[-66.41158582566335,10.61440402122727],[-66.41185782687295,10.614314866499333],[-66.41218786123538,10.614350477736554],[-66.41239737957139,10.614493220582446],[-66.41250445464135,10.614582418113859],[-66.41264713061389,10.614591296444653],[-66.41277645628745,10.614511024873991],[-66.41289688176535,10.614381721732988],[-66.4131153005889,10.614261284809743],[-66.41334725148067,10.614274738935972],[-66.41343643544292,10.61430147183103],[-66.41359691211872,10.614341601414356],[-66.41374403848236,10.61433266763894],[-66.4138868055825,10.61421225052485],[-66.41400714047505,10.614060695303714],[-66.41409632454001,10.613810982157121],[-66.4142167502954,10.613663834949497],[-66.41446641131232,10.613690528849158],[-66.41475630521599,10.613663833046742],[-66.41495692423454,10.613503259844576],[-66.41505500870556,10.613262490974545],[-66.41497481556736,10.612682781771497],[-66.41500596646796,10.611822233247473],[-66.41504610844731,10.611443190336116],[-66.41518433492263,10.611251444239375],[-66.4152869603825,10.61114441730045],[-66.41563470643574,10.611041876456829],[-66.41590670956772,10.611224671713108],[-66.41609397857695,10.61152343057322],[-66.41620550447571,10.611764198012999],[-66.41632593067415,10.611813319869853],[-66.41649530843944,10.611804380171554],[-66.41668711860187,10.611643829060966],[-66.41688773829586,10.611452128901629],[-66.417025965215,10.611322789062404],[-66.41715529187648,10.61132276574427],[-66.4172846185671,10.61146100377826],[-66.41753428091955,10.611692843527491],[-66.4180247964652,10.611960437533531],[-66.41819426555135,10.612040718830762],[-66.41819426555135,10.61223243129148],[-66.41805603835085,10.612424184040782],[-66.41805603835085,10.612754161391164],[-66.4181853652444,10.613030587922564],[-66.4182968007301,10.613302641389872],[-66.4184975118062,10.613574629450245],[-66.41868478166083,10.613730654679587],[-66.41881410869597,10.613712868992632],[-66.41885416012218,10.613614734530028],[-66.41888540205295,10.61285226060969],[-66.41898793735511,10.612263615491637],[-66.41915740672547,10.612094173189147],[-66.41931797582133,10.612054050255185],[-66.41948735446938,10.612223540165298],[-66.41967471546639,10.61255352043389],[-66.41975490926129,10.612932485907017],[-66.4199467205126,10.613320432879227],[-66.42032571139765,10.613534494888459],[-66.42084738054434,10.613574593750217],[-66.42119522078505,10.61344084454474],[-66.4213557904502,10.61321340250468],[-66.42145832619308,10.612892397766048],[-66.42168573945597,10.612370658452917],[-66.4222965951751,10.61188465217879],[-66.42269792937034,10.611844501594538],[-66.42281835692955,10.611831130149316],[-66.42327763481313,10.612000556050694],[-66.42358533394426,10.612263630272018],[-66.42364772750125,10.612482122890917],[-66.42342476365697,10.612740807059774],[-66.42340696288127,10.612950325100725],[-66.4234649062246,10.61322231953197],[-66.4239955694348,10.61418108701139],[-66.42430771915036,10.614573434274604],[-66.42431661955206,10.614832118694931],[-66.42420509207943,10.615023834986811],[-66.42390638383284,10.615313668974895],[-66.42369677047654,10.615652552775616],[-66.42369677047654,10.615862124313969],[-66.42386624123444,10.615982502237129],[-66.42423633430086,10.615893316518205],[-66.42444594785354,10.615884433006755],[-66.42463766984831,10.616013771040887],[-66.42478479903961,10.616192079375962],[-66.4249453697061,10.616263502338386],[-66.42511475001079,10.61615197367891],[-66.42537785721021,10.61606281440516],[-66.42571679976494,10.616040542451703],[-66.42596646577746,10.616201026217084],[-66.42621613189813,10.616544359829483],[-66.42634546062591,10.616981335569063],[-66.42640794530253,10.617213216076987],[-66.42653727407334,10.617333626344006],[-66.42671555528459,10.61737380116365],[-66.42711689255836,10.61739158974977],[-66.42740679284022,10.617391609931788],[-66.42777688817989,10.617422853537121],[-66.42804444682363,10.617422868192213],[-66.4282049275768,10.617302469304919],[-66.4283565079104,10.617150798112213],[-66.42839665082145,10.616923422949535],[-66.42852598003809,10.615701613213872],[-66.42868655174627,10.614591275480821],[-66.42869545221556,10.614020550162934],[-66.42877573808762,10.613663839189563],[-66.42891841809823,10.613454252849916],[-66.42895856104839,10.613244650212135],[-66.42881579020671,10.613142071544344],[-66.42864640881503,10.612950330165086],[-66.42856612296094,10.61270065050388],[-66.42859736541868,10.612491067301145],[-66.42874449562025,10.612263670328328],[-66.42911459181776,10.611750850531635],[-66.42931521584339,10.611064132364511],[-66.42992617046933,10.609802244085053],[-66.4303586617071,10.60950343819582],[-66.43064856361683,10.60945438987356],[-66.43120593495902,10.609601534713576],[-66.43153588960143,10.609681835152156],[-66.43184804339606,10.609842348697876],[-66.43197737338535,10.610034120128269],[-66.43220479079625,10.610493376903943],[-66.43245890987797,10.610573613454394],[-66.43268632747821,10.610502266116299],[-66.43301628296533,10.610582567965764],[-66.43322589970616,10.610662811859356],[-66.43332843755894,10.61066282479131],[-66.43347556896492,10.610631629570047],[-66.43425591097304,10.610172303063182],[-66.43464835292285,10.609953860078507],[-66.43489802279515,10.609891387526813],[-66.4349783095285,10.609922611008187],[-66.43506749684038,10.609953816883182],[-66.43512544135383,10.61016340176308],[-66.43506749684038,10.610711847994853],[-66.4350763974079,10.61094373024468],[-66.43517893558845,10.61104184813891],[-66.43544649765796,10.61100175359645],[-66.43583894041456,10.610890215055502],[-66.43616889769842,10.610801030362001],[-66.43649885517017,10.610921420833265],[-66.43674861666236,10.611050765368166],[-66.43714541977798,10.6112915844969],[-66.43731489448051,10.611331689442547],[-66.43758690783922,10.61131386976285],[-66.4378589213255,10.611371831026538],[-66.43820668099012,10.611661675619766],[-66.43841629960896,10.611893564039926],[-66.43843855115658,10.612201250135572],[-66.43843855115658,10.61244204148895],[-66.43831821116437,10.612731831354367],[-66.4381174931952,10.612963740787265],[-66.43794810908068,10.613222371159463],[-66.43793466734073,10.613552291189835],[-66.4380773496097,10.61397144262899],[-66.43829586879876,10.614261341211625],[-66.43845644321792,10.614363887638444],[-66.43858568386018,10.614363848176454],[-66.43868831348419,10.614283602558762],[-66.43876850991984,10.614154290624645],[-66.43894688572355,10.613922454656523],[-66.4390584160401,10.613672697549376],[-66.43923679193294,10.613391806329968],[-66.4395266074643,10.613142119303753],[-66.439878818449,10.612861185779046],[-66.44007508670519,10.612713987662751],[-66.44030695761809,10.612442039952592],[-66.44046744177066,10.612143251108186],[-66.4405254776466,10.611933686317416],[-66.44081529382122,10.611282676621375],[-66.44103826437052,10.610694013842453],[-66.44128793699345,10.61036409466853],[-66.44146631357115,10.61006087882872],[-66.44162679804403,10.610002882277639],[-66.44174722954513,10.610002862690273],[-66.44210843337498,10.610020721632955],[-66.44241605169923,10.61019463910783],[-66.44268806744782,10.61054244096526],[-66.44293783160283,10.610711875142332],[-66.44310721717267,10.610711877155719],[-66.44322764898045,10.610680647789946],[-66.44349521476033,10.610622696492756],[-66.4437850324157,10.610582585499406],[-66.44407485021544,10.610573683720252],[-66.44420863328483,10.61053350397566],[-66.44436920933815,10.61025256287495],[-66.44436920933815,10.610042978478319],[-66.44442715478003,10.609690721744762],[-66.44466792814342,10.609463323364722],[-66.4451851688818,10.608910431440082],[-66.44579604940458,10.608344118851802],[-66.44587633764463,10.608210330874325],[-66.44587633764463,10.608023076082091],[-66.44587633764463,10.607853586844533],[-66.44579604940456,10.607621748976948],[-66.44568905898424,10.60729177868489],[-66.44568905898424,10.607104446114379],[-66.4457470045575,10.606952892929879],[-66.4458852383778,10.606823516700514],[-66.4460770582932,10.606662996877843],[-66.44630893159913,10.606631830680715],[-66.44648721889243,10.60649352941678],[-66.44654525536902,10.606292929817924],[-66.44654525536902,10.606110079688895],[-66.44646496703675,10.606020925336573],[-66.446215201368,10.605962897612349],[-66.4460458148936,10.60582022456448],[-66.44596552663016,10.605521495483966],[-66.44613500390507,10.604683200293971],[-66.44658530871537,10.60352377010178],[-66.44700900244588,10.602382255222096],[-66.44706694815044,10.601753558581933],[-66.44698665974627,10.601543984037033],[-66.44687521873306,10.601441418502478],[-66.44668793975151,10.601441378640226],[-66.4465273630587,10.601512738712552],[-66.44644707472891,10.601651001173378],[-66.44625534551552,10.601931871884208],[-66.4460770582932,10.602101377303253],[-66.4458272927908,10.602101370858882],[-66.44561776232287,10.602043402786897],[-66.44545718592512,10.601963128482316],[-66.44534574520452,10.601833836662404],[-66.44526545703764,10.601664352055034],[-66.44523866404323,10.60145035500578],[-66.44511832264287,10.601312120995548],[-66.44499789044373,10.601312068683512],[-66.44480616170752,10.601334401358502],[-66.44461888339139,10.601481510306392],[-66.44422652552389,10.601633174835735],[-66.44404814809938,10.6016509579672],[-66.44393661682507,10.601593034666859],[-66.44385641967607,10.601472608713271],[-66.44387867143205,10.601222872632082],[-66.4437850324157,10.60101337038354],[-66.44357550268299,10.600861705308535],[-66.4433480808132,10.600821611651696],[-66.44322764898045,10.600723460221067],[-66.44324545036592,10.600571874827528],[-66.44338813393956,10.600420292945515],[-66.44344617010717,10.600232992566038],[-66.44344617010717,10.600023434125857],[-66.44338813393956,10.599902998036962],[-66.44321874828792,10.599840596331726],[-66.44296898401224,10.599760336261568],[-66.44269705895555,10.599702333434777],[-66.44236700713708,10.599590859867309],[-66.44230906190043,10.59955076583931],[-66.44221542313684,10.59941248200409],[-66.44203704632919,10.599260877381523],[-66.44180517472574,10.599180668382365],[-66.44163578953533,10.599100344599051],[-66.44157775354846,10.598890776995631],[-66.44167584254372,10.59866335258919],[-66.44189881342325,10.598493939938677],[-66.44191670559123,10.598320043375358],[-66.441796274055,10.5981327634654],[-66.44162679804403,10.598030191325732],[-66.44123889252648,10.598030179024384],[-66.44110511014046,10.598123808538878],[-66.44086878858064,10.598413704772032],[-66.44053882862357,10.59848058732437],[-66.44030695761809,10.598382456920216],[-66.44015528333244,10.598190714678008],[-66.4399056111964,10.598003409560055],[-66.43953550810028,10.5979008640048],[-66.43917875618581,10.59782065372516],[-66.43878640199136,10.597740357040136],[-66.43845644321792,10.597660098443857],[-66.43820668099012,10.59751295319793],[-66.4379971532696,10.597472832470755],[-66.43770724767968,10.597463899467744],[-66.43737728952013,10.597463889925487],[-66.43699828743975,10.597423769345957],[-66.43673517495021,10.597361341491792],[-66.43629822865313,10.597343534897057],[-66.43608861080004,10.597281083803875],[-66.4358746335551,10.597142841341627],[-66.43591468616583,10.596991183460922],[-66.43608861080004,10.596803915291584],[-66.436396316756,10.596630073871134],[-66.43759580844542,10.596603259716783],[-66.4380773496097,10.596643379275125],[-66.43873735773569,10.596942154208474],[-66.43908511792688,10.597111584213515],[-66.4393750242053,10.597111633895091],[-66.4396068948386,10.596960050404965],[-66.4396068948386,10.596812832515512],[-66.4394150770578,10.59660328973366],[-66.43918765681644,10.59640262287256],[-66.43881755417813,10.596193030591671],[-66.43856788261753,10.595961168484243],[-66.43843855115658,10.595711429973015],[-66.43845644321792,10.595653474276766],[-66.43849658682964,10.595541986972915],[-66.43861692685886,10.59548402529703],[-66.43886668926326,10.59548402894576],[-66.4392055489009,10.595564342148377],[-66.4399056111964,10.595970116329301],[-66.44053882862357,10.596420471435884],[-66.44101592190019,10.59648287735684],[-66.44128793699345,10.596460630798688],[-66.44154660121362,10.596460614615662],[-66.441796274055,10.596433806126953],[-66.44190771409556,10.596291129364017],[-66.44204594700363,10.596161845574132],[-66.44225556700843,10.596050349124258],[-66.44247853811035,10.596032556415347],[-66.44268806744782,10.596152922397167],[-66.44275500423085,10.596322379380474],[-66.44289768768415,10.596402593336009],[-66.44304482151735,10.596380344028288],[-66.44324545036592,10.596273338152672],[-66.4433971254581,10.596112787435953],[-66.44361555582502,10.595961177607098],[-66.44382517639563,10.59596121389487],[-66.44401690480865,10.596063694449654],[-66.44409719280331,10.59627332988385],[-66.44416848927844,10.596500740128414],[-66.44436920933815,10.596661218962225],[-66.4445966316071,10.596661218110375],[-66.44490870160642,10.59676382211095],[-66.44499789044373,10.596870865870176],[-66.44499789044373,10.59708041851839],[-66.44497563864495,10.597330144785372],[-66.44479726099084,10.59761997605555],[-66.44477491837611,10.59785185341192],[-66.44487754909316,10.598043572463775],[-66.4451851688818,10.598123826118748],[-66.44550623074778,10.59811048277561],[-66.44605916599728,10.598172862752289],[-66.44630893159913,10.598213030070614],[-66.44643817398716,10.598480541970664],[-66.44658530871537,10.598672330833978],[-66.4467057412428,10.598672300385592],[-66.44689747060443,10.598663406027715],[-66.44711599310864,10.598543001657193],[-66.44742815528198,10.59826210489519],[-66.44763768640104,10.598204122877249],[-66.44782496568779,10.598262089165928],[-66.4479275061181,10.59834234331855],[-66.4482574702647,10.598400271500067],[-66.44852503835554,10.598342301021804],[-66.44867662399848,10.598270949889024],[-66.44875691263539,10.59798113957958],[-66.44880595773577,10.597544121065056],[-66.44899768778812,10.597392557158399],[-66.44926525621855,10.59738363378398],[-66.44963536550227,10.59724092255984],[-66.44986724022345,10.596982339715904],[-66.45033544034276,10.596683564232693],[-66.45101771439947,10.596300032637584],[-66.45134768029357,10.596072619128407],[-66.45157510528482,10.596041405148782],[-66.45171779089762,10.59625100209663],[-66.45190507149384,10.596692477040868],[-66.45220824457465,10.597000176243665],[-66.45266754573403,10.597191910364584],[-66.45321603734826,10.597200791322],[-66.45386707095057,10.597071477533275],[-66.45470538677107,10.596692456434763],[-66.45526723161089,10.596393676706354],[-66.45536532290886,10.596161831867963],[-66.45538757510374,10.595671322384845],[-66.4551066525586,10.595341376116611],[-66.45481682927884,10.594882066227008],[-66.45477668454255,10.594534279488066],[-66.45482573014836,10.594190877415084],[-66.45490601963043,10.593504195305528],[-66.45504870605622,10.593040468092232],[-66.45523598771943,10.59283085594054],[-66.4558870235698,10.592202159645387],[-66.45615904559956,10.591591231566577],[-66.45615904559955,10.591243416277457],[-66.4560476028362,10.59107397834198],[-66.45587812268415,10.590940218289623],[-66.45569529125684,10.590900061731988],[-66.45540546768554,10.590859963783748],[-66.45519584295438,10.590663755543407],[-66.45498630912354,10.590391784620598],[-66.45452700614265,10.589910208265405],[-66.45449576229073,10.589700601932819],[-66.45462509731652,10.58951331748249],[-66.45493726350428,10.589343864753264],[-66.45538757510374,10.588942534092897],[-66.45558829902232,10.588371780588234],[-66.45570864258119,10.587323931415652],[-66.45565514646027,10.586819989262393],[-66.45556595599449,10.586610470440208],[-66.45532517813493,10.586463270911661],[-66.45502645387423,10.58636071649121],[-66.45484807314791,10.586320597020972],[-66.45461619645006,10.586262666592459],[-66.4544467167126,10.586030750969762],[-66.45419703845353,10.585700758153889],[-66.45390721562444,10.585660670542554],[-66.45359504998643,10.585660667681678],[-66.45287716955895,10.585812270309019],[-66.45187827819437,10.586012879010328],[-66.45125849048493,10.586061946927066],[-66.45080809124181,10.586061940809275],[-66.45017495347003,10.586151157136115],[-66.44978695143374,10.58614221918077],[-66.44932774336456,10.586142236717846],[-66.44899768778812,10.586044093689233],[-66.448957634276,10.58591037442988],[-66.4489754358366,10.5855803997988],[-66.44909586885781,10.585281625093327],[-66.44923855386459,10.58520133126636],[-66.44940794126674,10.585112178398736],[-66.45047812565264,10.584652858384592],[-66.45117820150386,10.58427385092734],[-66.45148591544142,10.583992931630146],[-66.45195856727167,10.583261691579533],[-66.45253821114127,10.582681994792678],[-66.45298861171831,10.582472380997096],[-66.4533988680007,10.582383211872818],[-66.4537377360924,10.582360908414024],[-66.4538983147689,10.582231615471096],[-66.45399640583734,10.581941801383328],[-66.45399640583734,10.581313062531363],[-66.45382692627946,10.580862681468583],[-66.45362629379022,10.58042121345627],[-66.45333647124403,10.580091214492867],[-66.45300641340181,10.579743413020925],[-66.45283702495581,10.579190491708742],[-66.45245801280915,10.57830317437456],[-66.45223503788924,10.577629814564949],[-66.45227518245102,10.577380098953693],[-66.45230633535947,10.577331030351935],[-66.45235547158286,10.577232977514864],[-66.45252931030659,10.577161610252292],[-66.45283702495581,10.577143728696504],[-66.45306890094818,10.5771036437131],[-66.4532472811318,10.577090231038316],[-66.45335872336173,10.577219550764715],[-66.45350585983475,10.577491594387796],[-66.45369759143017,10.57784386474544],[-66.45387597180563,10.577933010712847],[-66.45416579461923,10.578053399950369],[-66.45448686142623,10.578280805571879],[-66.45469648590338,10.57872232849394],[-66.45475888280517,10.578949715672442],[-66.455008561304,10.579052230718446],[-66.45527613248726,10.579092392484482],[-66.45550800944663,10.57923062820936],[-66.45560610078495,10.579422344358738],[-66.4557978330687,10.579573984338573],[-66.45598511497165,10.579730074906202],[-66.45623933526456,10.579770147351795],[-66.45652915924869,10.579663176040036],[-66.45664950300093,10.57949367568813],[-66.45666739562132,10.579181556627763],[-66.45659600679406,10.578552814686084],[-66.45669854876368,10.578151514311317],[-66.45675658625488,10.57782151629115],[-66.45696612071936,10.577562950246632],[-66.45706866275378,10.577143732944167],[-66.4572470441567,10.576951997803219],[-66.45741652470491,10.576831642367734],[-66.45774649420872,10.576630943791317],[-66.45792932627639,10.576033481670185],[-66.45783568500659,10.575520688630743],[-66.45785793729533,10.575270922754303],[-66.45811660886088,10.575043500021515],[-66.45822805201787,10.574762586175204],[-66.4581790061271,10.574263225365504],[-66.45833958602182,10.573919857419328],[-66.4585892660473,10.573741486581119],[-66.45901732812091,10.5736924097995],[-66.45916891648373,10.573750401140694],[-66.45933839758769,10.57390203598422],[-66.45933839758769,10.574133869706925],[-66.45931605441685,10.574383547657407],[-66.45919571011696,10.57465112359176],[-66.45917781741939,10.57503019037416],[-66.45930715347909,10.575600908944775],[-66.4593294966496,10.57606018249912],[-66.45925810749804,10.576443690676886],[-66.45912877144914,10.576630964418207],[-66.45890588481386,10.577010005167294],[-66.45884784710977,10.577393445700727],[-66.45872750290599,10.577580786980795],[-66.45872750290599,10.577710068540055],[-66.45882559478343,10.577892902693899],[-66.45907527501592,10.578062374495765],[-66.45912877144914,10.578231783631566],[-66.45900842718771,10.578619691448699],[-66.45902622905426,10.579110224917917],[-66.45925810749803,10.579400065661725],[-66.45952568062232,10.579520467661531],[-66.45973521607677,10.57952046188793],[-66.45979770434123,10.579462492496415],[-66.46002958309002,10.579431281759089],[-66.46014547708577,10.579542798108351],[-66.46015882851154,10.579730016120928],[-66.46006963736026,10.579979735346438],[-66.4597887125702,10.580251740866798],[-66.45938744357545,10.580421238293056],[-66.45918680918103,10.580550508752184],[-66.45902622905426,10.580760132520087],[-66.45910651911215,10.581130225705431],[-66.45902622905426,10.581263999579322],[-66.45888799212513,10.581379935702795],[-66.45838863192603,10.581812451391908],[-66.45805866206064,10.582311891714964],[-66.45797837214627,10.582650719075247],[-66.45816565474642,10.582793458365044],[-66.45824594468647,10.582793453073423],[-66.45839753284983,10.582771133649493],[-66.4585357696633,10.582641836497269],[-66.45891923621139,10.58256158871791],[-66.45922686339372,10.582592823956682],[-66.45938744357545,10.58272210219515],[-66.45949888697403,10.582989607427965],[-66.45982885764997,10.583341907222067],[-66.4602078745679,10.583823518828188],[-66.4603194089484,10.58411335861232],[-66.46037735597204,10.584470031970039],[-66.46058689173069,10.584719738237894],[-66.46081877079139,10.584759899921558],[-66.46096590913828,10.5846127362358],[-66.46122903255801,10.584470054759567],[-66.46164819558446,10.584412133635],[-66.46191576979858,10.584380853159745],[-66.46213865757716,10.584380861594527],[-66.4622055965883,10.584443332887725],[-66.4622055965883,10.58484017899433],[-66.462317040522,10.58511217628232],[-66.46245972875161,10.585241494098685],[-66.46250877500022,10.585473380714241],[-66.46239733103013,10.58570080517323],[-66.4621075041458,10.585852429963685],[-66.46202721367729,10.585950527762387],[-66.46202721367729,10.586119910043962],[-66.4620361146563,10.58621358260658],[-66.46203611465629,10.586333998792814],[-66.46201831269842,10.586481098578957],[-66.46193802224211,10.586753140794595],[-66.46199596942553,10.586940445161432],[-66.4622278490428,10.587190080492125],[-66.46251767598652,10.58733281904995],[-66.46260686750973,10.58752010308943],[-66.46264701278223,10.587671684197888],[-66.46258906553456,10.587863475874268],[-66.46241958349191,10.588099781192405],[-66.46223684085119,10.58835392625516],[-66.4622590933069,10.588523384109898],[-66.46242857530324,10.588853331239296],[-66.46245972875161,10.589330503293263],[-66.46237952906132,10.589780832824387],[-66.4622055965883,10.589941417321539],[-66.46200941171969,10.590052882083008],[-66.46196926649078,10.590222313992873],[-66.46215655036501,10.59039172012569],[-66.46240623201474,10.590512187081071],[-66.46248652253507,10.590743987932628],[-66.46242857530324,10.591051727571852],[-66.4622055965883,10.591310313113132],[-66.46207625988978,10.591444082380974],[-66.4620584579307,10.591662564640407],[-66.46214764938418,10.591890028355488],[-66.46227689527205,10.592273476851027],[-66.46227689527205,10.592541052594985],[-66.46215655036501,10.592781873143016],[-66.46215655036501,10.592879973998231],[-66.46223684085119,10.59298247434391],[-66.46221894806091,10.593263447087304],[-66.46207625988978,10.593513152615422],[-66.46199596942553,10.593722720157707],[-66.46209860316573,10.594012542475683],[-66.4622679942894,10.594141823213588],[-66.46239733103013,10.59423994475554],[-66.46266935607989,10.594239993408586],[-66.46315981892526,10.594150811583553],[-66.46342739382796,10.594173074242416],[-66.4636592740102,10.594271185731927],[-66.46392675831368,10.5946234410823],[-66.46470714105858,10.595921027545291],[-66.46490777733902,10.596772728794582],[-66.46478743189323,10.597432641038884],[-66.46451985637148,10.598123857080674],[-66.4643192202234,10.598462722015622],[-66.46433702225097,10.598712436782513],[-66.46452875738824,10.598921992677841],[-66.46494792276866,10.599194032074344],[-66.46537598947742,10.599390190183396],[-66.46571931500682,10.599680027647317],[-66.4659868910742,10.599831699561689],[-66.46614738227684,10.599840576339993],[-66.46625891778471,10.599742525032847],[-66.46641940906154,10.599470511992086],[-66.46668698544723,10.599082571781464],[-66.46694557007399,10.598730255121739],[-66.46719979511282,10.598520679633152],[-66.46742722625164,10.598342364599116],[-66.46758771784695,10.598132771180847],[-66.46760997050512,10.597900851260095],[-66.46753867117482,10.597651163922725],[-66.46720869617012,10.597013485126116],[-66.46692776796749,10.596482903487061],[-66.46684747684077,10.596041420384978],[-66.46692776796749,10.59575157816765],[-66.46698571564266,10.595524155517055],[-66.46710615236513,10.595131765716753],[-66.46713730606129,10.594440593026619],[-66.46723994069883,10.59400359482293],[-66.46723994069883,10.593539876577687],[-66.46723994069883,10.593290213966293],[-66.46712840500508,10.593160846780913],[-66.4668564687198,10.592830891732307],[-66.46682967473723,10.592532152162718],[-66.46701696015955,10.59232251641796],[-66.46736918770587,10.591943496346856],[-66.4676991628005,10.591461901655316],[-66.46783740180233,10.59108292892267],[-66.46797564083661,10.590431896845045],[-66.46809607776153,10.590052886867008],[-66.46835911354435,10.589383991751323],[-66.46835911354435,10.589152103351843],[-66.46829671519711,10.588902424719192],[-66.46803812997709,10.588371822729053],[-66.46748962450677,10.586704061681898],[-66.46710615236513,10.585602686707178],[-66.46680733128152,10.584719777662409],[-66.46673603204842,10.584532464847198],[-66.46657554068524,10.584380865051168],[-66.46625891778471,10.58418026348639],[-66.46590660007583,10.583970615119972],[-66.46573720790364,10.583761109881676],[-66.46565691693935,10.583511325797303],[-66.46569706242013,10.583350862301424],[-66.46594674557363,10.583243839193655],[-66.46627671987099,10.58317249228477],[-66.46654874671546,10.583172438052552],[-66.46666918334854,10.583172466252067],[-66.4668564687198,10.583382016648562],[-66.46703921279614,10.583761073685142],[-66.46734693505682,10.583970654868947],[-66.46753867117482,10.584162395852683],[-66.46758771784697,10.584523584447277],[-66.46767691013899,10.584759912127307],[-66.46787754743183,10.58498284060628],[-66.46813622340862,10.5851523246558],[-66.46825656953908,10.585344057189936],[-66.46820752281126,10.585674014946049],[-66.46834576193238,10.586102076070697],[-66.46925984850093,10.586851201335751],[-66.46957647301451,10.586851216366178],[-66.46983960028555,10.58695376425208],[-66.46993769401692,10.587172318919643],[-66.46994659511559,10.587792101125721],[-66.47023642586048,10.588532323697866],[-66.47040591015399,10.588773142282534],[-66.47071799390008,10.58882217314108],[-66.47105687198481,10.588831061846278],[-66.47160983133593,10.588782050331071],[-66.47180601940369,10.588862294340444],[-66.47184616530338,10.588951471100456],[-66.47189966289791,10.589054020874475],[-66.47179711827698,10.589272487782008],[-66.47121745539607,10.590061809850965],[-66.47077594194795,10.590703881503696],[-66.47054860034453,10.5912702196032],[-66.47044596513078,10.592491975838005],[-66.4705575014524,10.59319205402367],[-66.47091863222799,10.593673632273124],[-66.47142699501482,10.593892161938506],[-66.4717882171504,10.593892175825792],[-66.47219839573484,10.593843065896515],[-66.47277815040697,10.593611240407398],[-66.47318832967909,10.593370472768761],[-66.47386608887906,10.593120745589461],[-66.4743076046378,10.593053849242724],[-66.47461969044612,10.593151941351609],[-66.47467772970512,10.59337041012553],[-66.47456619260522,10.593892114045252],[-66.47426745857081,10.59446295204193],[-66.47401777189414,10.595341345735529],[-66.47375909333857,10.595653496643077],[-66.47324627796947,10.59596117415133],[-66.47275580672584,10.596500761697957],[-66.47262646771021,10.596844057024475],[-66.472657712526,10.597303385524798],[-66.47276915843763,10.597780472838389],[-66.47285835151328,10.598262054081683],[-66.4728360986571,10.598864031445983],[-66.47282719751486,10.599243064357465],[-66.47296988829079,10.599702376605217],[-66.47303673770499,10.599862895044334],[-66.47303673770499,10.600032316634465],[-66.47291629977127,10.600362319777675],[-66.47286725265599,10.600562933963829],[-66.47295644574645,10.600772510962333],[-66.47322847567274,10.600964310791053],[-66.47336671597046,10.601111405520633],[-66.47351830802923,10.601160474042508],[-66.47363874608568,10.601182760637776],[-66.47380814052791,10.601111424076118],[-66.47414702038621,10.600830544742816],[-66.47441014969459,10.600812684033661],[-66.47462868244362,10.600933046769887],[-66.47484712444515,10.60119169638535],[-66.47520834867215,10.6013611479463],[-66.4752796489291,10.601601973860411],[-66.47536884238366,10.601820439779294],[-66.47575677048766,10.601972067935007],[-66.47575677048766,10.602110283906072],[-66.47562743081527,10.602351083549843],[-66.47521724985025,10.602801467552966],[-66.47465983653703,10.60334101989998],[-66.4745394891007,10.60367984838951],[-66.47455729143692,10.604201628709628],[-66.47474902989809,10.60470989776799],[-66.47529754211595,10.605262834090096],[-66.47574786930144,10.605481338103736],[-66.47603770289321,10.605481351947311],[-66.47643008203407,10.605490240941316],[-66.47661737050277,10.605512592676572],[-66.47681801083398,10.605664213859876],[-66.47709894374343,10.605851451711128],[-66.47731747748584,10.605922845394865],[-66.4776385569254,10.605851444441912],[-66.4783074200002,10.605739956839182],[-66.47847681577933,10.605432266455718],[-66.47849025844913,10.605240596139172],[-66.47849025844913,10.605071158454852],[-66.47858835361637,10.604861502746342],[-66.47872659516668,10.604790189563548],[-66.4789985369176,10.604651927376747],[-66.4792794708615,10.604594008920735],[-66.47938646740022,10.604651975388691],[-66.47948011209469,10.605271791145947],[-66.47971644920707,10.60565080806378],[-66.48014897724863,10.606043194037563],[-66.48055925245917,10.606141289231134],[-66.48098733048312,10.606123449006013],[-66.48156700293588,10.605980756527632],[-66.48202632699737,10.60579352995804],[-66.48241871010391,10.605512588820975],[-66.48251680592108,10.605481332348385],[-66.48266840032227,10.605441241025241],[-66.48287794399508,10.60547246406312],[-66.48327041849413,10.605650793023013],[-66.48372965304407,10.605842542115637],[-66.48401949053873,10.605820215926887],[-66.48420678140491,10.605699851852302],[-66.48452786457428,10.605441224912788],[-66.48474631022434,10.605133538017418],[-66.48500944423871,10.604901644415035],[-66.48525913554614,10.60483029240087],[-66.48583881216881,10.6046430814087],[-66.4862490913108,10.60437994498076],[-66.4865700847532,10.604121306368295],[-66.48685992363282,10.603742317106176],[-66.48712750926094,10.603483716680476],[-66.48712750926094,10.603341006602548],[-66.48707846096981,10.603242860786121],[-66.4867886219837,10.603242864075508],[-66.48652993785589,10.60314030776979],[-66.48630704087813,10.602970854260153],[-66.48630704087813,10.602783564417445],[-66.48633819558516,10.602591843245067],[-66.48657898610182,10.602542838256948],[-66.48676627777442,10.602623047138291],[-66.48694021747465,10.602712290354573],[-66.48708736232605,10.602743478267348],[-66.48712750926094,10.602623057694453],[-66.4871097065474,10.602333198426846],[-66.48702051132732,10.60188284957752],[-66.48696701236771,10.601544002912664],[-66.48704721539384,10.601352220620468],[-66.48721670449709,10.60128087602749],[-66.48731035042637,10.601320979041873],[-66.4874574953693,10.60138345970754],[-66.487720539753,10.601601928338079],[-66.48798812576811,10.60191407989056],[-66.48805942756093,10.602244005796113],[-66.4883403657908,10.60260075288316],[-66.48920988543928,10.60350150302681],[-66.48937038293718,10.60398309029034],[-66.4895889211957,10.60419270539486],[-66.48978066451349,10.604241730809928],[-66.49013735629723,10.604081220109483],[-66.49050749123613,10.603510434209959],[-66.49061003909176,10.603122460119593],[-66.49056989192208,10.601882841415735],[-66.49062793274067,10.601191706134031],[-66.49077062779752,10.601142661572052],[-66.49098907573874,10.601214031552127],[-66.49103812435193,10.601271996289412],[-66.49124767097263,10.601503865689462],[-66.4915375121285,10.601914058310257],[-66.49182735342524,10.602203873070767],[-66.49213953927283,10.602319837704584],[-66.49246952815693,10.602663239126004],[-66.49275936990648,10.603002123875582],[-66.49302686735274,10.603051181855758],[-66.49312051419503,10.602953053590214],[-66.493147309366,10.602743451071273],[-66.49312941564152,10.60252048853919],[-66.4928886224776,10.602190507080849],[-66.49267907528046,10.601321032455214],[-66.49243828229825,10.600959842458618],[-66.49214844070467,10.600580790159544],[-66.49186750067959,10.600170585311698],[-66.49172035464747,10.599813806753465],[-66.49172925607306,10.59955078147438],[-66.49180064914445,10.599309959803534],[-66.49209049056905,10.599051341562257],[-66.49231793125907,10.598480552286162],[-66.49257652706908,10.598123832390584],[-66.49279052495093,10.598012360428516],[-66.49284856598558,10.597981147786038],[-66.49308935913335,10.59808372057324],[-66.49342824999361,10.598391379761537],[-66.49374034584747,10.598703496998548],[-66.49387859091986,10.598703482500705],[-66.49412828594446,10.598623228954992],[-66.49473921717234,10.59781173702733],[-66.4950468629737,10.597579804105967],[-66.49533670597425,10.597579860933758],[-66.49570684413769,10.597700204323816],[-66.49594763843776,10.597753711839355],[-66.49625973560774,10.597753756595234],[-66.49642922732886,10.597731464426058],[-66.49664767734039,10.59766011549002],[-66.49693752111713,10.597521863792993],[-66.49720956201938,10.59740150126352],[-66.4974191108054,10.597312243067622],[-66.49758851202331,10.597120500747618],[-66.49761975815132,10.596933265839231],[-66.49735670940372,10.596523043311459],[-66.49704897158198,10.596063769905799],[-66.49668782491875,10.595800634289427],[-66.49644703032058,10.595702550982057],[-66.49596099067074,10.59559999756068],[-66.49533670597425,10.59518972466736],[-66.49469016825498,10.594391538734177],[-66.49452957849444,10.593892148461034],[-66.49437798107346,10.593633489294932],[-66.49426653110665,10.593481950034311],[-66.49407033561661,10.593481896427862],[-66.49392763977058,10.593602335960012],[-66.49358874862683,10.593762817794193],[-66.49331670937296,10.593811864834189],[-66.493147309366,10.593691465489337],[-66.49310716202554,10.593450692047794],[-66.49312941564152,10.593143034709703],[-66.4930403103515,10.592853196896309],[-66.49276827134759,10.592750583353855],[-66.49252747832938,10.592732778521327],[-66.49223763669247,10.592509838908732],[-66.49187640210738,10.592291293074252],[-66.49170700250932,10.592063896237297],[-66.49166685526576,10.59200151810224],[-66.49195669662537,10.59179188828692],[-66.49275936990648,10.591493150444103],[-66.49308036685639,10.591252353632482],[-66.49312051419503,10.591082882343686],[-66.49308036685639,10.590891175622597],[-66.4928886224776,10.590770788304628],[-66.49256762563084,10.590672656640926],[-66.49210829343143,10.590503232028057],[-66.49170700250932,10.59023120978564],[-66.4916579538411,10.590052892249176],[-66.49164015099215,10.589923527168786],[-66.49189874650835,10.589812039808569],[-66.49221983382623,10.589780849528776],[-66.49238923356991,10.589642665460381],[-66.49238923356991,10.589433070056932],[-66.49234018484562,10.589192251595804],[-66.49238923356991,10.589071901340523],[-66.49255872419272,10.589022796113605],[-66.49277717278882,10.589049562887489],[-66.49313840791923,10.589210072095124],[-66.49333015237826,10.58921009172467],[-66.49364669890797,10.589210072962816],[-66.4939365412291,10.5890896726054],[-66.49400793456454,10.588880163476729],[-66.49400793456454,10.588661604652033],[-66.49391873831219,10.5883316820086],[-66.49391873831219,10.58805966590039],[-66.49403908967413,10.587970445674946],[-66.49428878476584,10.588041839085948],[-66.49448052959428,10.588072987488971],[-66.49459652116651,10.588171091009041],[-66.49485956869961,10.588242493086934],[-66.49514941160933,10.588242453458871],[-66.49547050067534,10.588171161207022],[-66.49563990134122,10.587961507228044],[-66.49568895033654,10.587823308821207],[-66.4956176476317,10.587582503844443],[-66.49551954965678,10.587292698521152],[-66.4956176476317,10.587123221343923],[-66.49585844189583,10.58710091984103],[-66.49607689169882,10.587100951555339],[-66.4962508341146,10.586891334494165],[-66.49644703032058,10.586481154384227],[-66.49659862826641,10.58615118154407],[-66.49671898016808,10.58586133007567],[-66.49669672641839,10.585700808168998],[-66.4964603825647,10.585553644317349],[-66.49621958805812,10.58548231692243],[-66.49601894118196,10.585361884988883],[-66.49594763843774,10.585161260946139],[-66.49597879364852,10.585000693883037],[-66.49605018722797,10.584831282936113],[-66.4962508341146,10.584710834465247],[-66.49654067769899,10.584639483511323],[-66.49660752976472,10.584429942812793],[-66.49654067769899,10.58421142442516],[-66.49634893220954,10.583783356798675],[-66.49632658764206,10.58347126484061],[-66.49627753859441,10.583110022942654],[-66.49609033476621,10.582922792097433],[-66.49582719585985,10.5823921393429],[-66.4954481561407,10.581620725854604],[-66.49530991070506,10.581192635162077],[-66.49520736204187,10.580760067535286],[-66.49522080508973,10.580452398950536],[-66.49526985405065,10.58019377872236],[-66.49533670597425,10.580162616654333],[-66.49557750012521,10.58019376135562],[-66.49639798126304,10.580550485470729],[-66.49666993108825,10.580581754912007],[-66.49697766871495,10.58051036353006],[-66.49749041372505,10.580251725263887],[-66.49790070088136,10.580042179655607],[-66.49821724983157,10.5798727292665],[-66.49845804514227,10.57995300507544],[-66.49852053749072,10.580100190250509],[-66.49849819284212,10.580332023641416],[-66.49794084854383,10.580920621860605],[-66.497410209295,10.581540443749683],[-66.49724071729588,10.58180354082466],[-66.49728086491406,10.58211118390142],[-66.49761975815132,10.582601690408207],[-66.49809689762849,10.583029751299955],[-66.49816820062891,10.583390983058827],[-66.49834659441494,10.583961730682539],[-66.49868993902041,10.584443319812793],[-66.498997586854,10.5848312790658],[-66.49911803007016,10.58517013024621],[-66.49935882574319,10.585669607068375],[-66.49968881861261,10.585892549090673],[-66.50002771321306,10.585910355965417],[-66.50046016516464,10.586111012964226],[-66.50067870747945,10.586400834154086],[-66.50072775688773,10.586543537590734],[-66.50040666500081,10.586730804424644],[-66.4999696714815,10.586851187455103],[-66.49930087490846,10.586962729339472],[-66.49897978378638,10.58717232106242],[-66.49878803751528,10.587341731332318],[-66.49873898826583,10.58753347242349],[-66.49873898826583,10.587631589287389],[-66.49875679132627,10.587769839103352],[-66.49879693904616,10.587943696956735],[-66.49877913598453,10.588099798757534],[-66.49852943901762,10.588719633105429],[-66.49845804514227,10.589080808322283],[-66.49845804514227,10.589343871765553],[-66.49844914361641,10.589540050491786],[-66.49840009439475,10.58980318394365],[-66.49827974215488,10.589941388902322],[-66.49808799610801,10.590079587639035],[-66.49800770076602,10.590182203623192],[-66.49805674995555,10.59032043095581],[-66.4982484959924,10.590391756939328],[-66.49860964359767,10.59056122550814],[-66.49916707935067,10.590980372200013],[-66.49961742459904,10.591622488417132],[-66.49982697422799,10.592251216551581],[-66.50004996708658,10.592581193728972],[-66.50009011489315,10.592821973621461],[-66.50009011489315,10.59309393531251],[-66.50006777018599,10.593330286904667],[-66.50013916425326,10.593571123169061],[-66.50034871406471,10.59369147562752],[-66.50066980592058,10.59386093122822],[-66.50114694782786,10.594101716344898],[-66.50167749955506,10.59427114342674],[-66.50206099400799,10.594391558315266],[-66.50261843297152,10.594489703043257],[-66.50287703323362,10.594471842889362],[-66.50318922484712,10.594302357670369],[-66.50342993132283,10.5940928389313],[-66.503697524371,10.594070481247073],[-66.50390707542583,10.594132966559537],[-66.50438867071506,10.59459220865116],[-66.50466071499956,10.594730439543303],[-66.50499961240918,10.594743858130519],[-66.5052894602248,10.5948330627407],[-66.50557031571573,10.594980150513397],[-66.505820015614,10.594913243787337],[-66.5063195065549,10.594801847616369],[-66.50664051077204,10.595060464499781],[-66.50697050764592,10.59549299905052],[-66.5073495546502,10.596362500036722],[-66.50742085875031,10.596960019507831],[-66.50722020812584,10.59736135985596],[-66.50681000542782,10.597981163259842],[-66.50677875882103,10.598382450030947],[-66.50686795698776,10.5987703910081],[-66.50722910978182,10.599202919341986],[-66.50731830801536,10.599903043976038],[-66.50722020812584,10.600402426282628],[-66.50685905533712,10.600732408563317],[-66.50624811175233,10.60106236720632],[-66.50540091224251,10.601240714384778],[-66.50474982201905,10.60179364125076],[-66.50450012256563,10.602221711387013],[-66.50463837012214,10.602431336595394],[-66.50492821776342,10.602480379527142],[-66.50544106040718,10.602582974970456],[-66.50579776152647,10.602850520800652],[-66.50610986382539,10.603233994063109],[-66.50629716161579,10.603693230190217],[-66.50658701005729,10.604032133245129],[-66.50697050764592,10.604103510422664],[-66.50728706138214,10.603942923024036],[-66.50751005701231,10.603630810203002],[-66.50751005701231,10.603291961173362],[-66.50748771202893,10.60308231699287],[-66.50731830801536,10.602881685310981],[-66.50707750914844,10.602502697602905],[-66.5070908616293,10.601949734975298],[-66.50713991156151,10.601713447632756],[-66.50779990603846,10.601071312985646],[-66.50833055447642,10.6006922913241],[-66.50862040389785,10.600620935728463],[-66.50886111254887,10.600701169598551],[-66.5091777581134,10.600750229355485],[-66.50941855782085,10.600750262507654],[-66.5097797121458,10.600683388170445],[-66.51006956226499,10.600710089003044],[-66.51037721592861,10.600803748206255],[-66.5107205674128,10.600763650097381],[-66.51105946823631,10.6006699693286],[-66.5113983692504,10.600411387906968],[-66.51208062271415,10.600081405353967],[-66.51253987937483,10.599911926147016],[-66.5129501768099,10.599960973900306],[-66.51333812932367,10.600161639589697],[-66.51374833646747,10.600380144585708],[-66.51408723899259,10.600259720918928],[-66.51422993963033,10.599813850235634],[-66.51423884138988,10.599162791124227],[-66.51431014630532,10.598801610607365],[-66.51457774419042,10.598663415973615],[-66.51480065168424,10.598641062332382],[-66.5151083985958,10.5988105253349],[-66.51566130791853,10.599220743763368],[-66.51608041842745,10.599269836796902],[-66.51624092311413,10.599202955683413],[-66.51670917557051,10.59900231016547],[-66.51716843575208,10.59850285204929],[-66.51744048580663,10.59815062926291],[-66.51762778711733,10.598003480374967],[-66.51786849936224,10.598030230457407],[-66.51827880041712,10.598221913513827],[-66.51864886186848,10.598230884748203],[-66.51884061446705,10.597990024791635],[-66.51896106165383,10.597731477533332],[-66.51925082534618,10.597539700085576],[-66.51966112733842,10.597642284551606],[-66.52003118963503,10.59790084882108],[-66.52044140132092,10.597932101634683],[-66.52073125655704,10.597740327719166],[-66.52085170411995,10.597553101945953],[-66.52099885728362,10.5971026870716],[-66.52144031698907,10.596549783358894],[-66.5217300818677,10.59641155385829],[-66.52206898886547,10.596491795577405],[-66.52238119041384,10.596612207054697],[-66.52285825867087,10.596830736459276],[-66.52313031128173,10.596732579739353],[-66.52346912822652,10.596540881391274],[-66.52366088235071,10.596090521257917],[-66.5238214798827,10.595403810709062],[-66.52394183722383,10.59485082996803],[-66.52411124589918,10.594641270036531],[-66.52428074545762,10.594422751699923],[-66.52452155118179,10.594311332137789],[-66.52489161644544,10.59414185523769],[-66.5252483290523,10.59374054801451],[-66.52602870106013,10.593071663859236],[-66.52622935792866,10.592741679877847],[-66.52621155405716,10.592291372267518],[-66.52639876724228,10.591912306326076],[-66.52652811787064,10.591742828409448],[-66.52704088801315,10.591292528258984],[-66.52722819229001,10.590913470196977],[-66.52741104564797,10.590623636232959],[-66.52754920761066,10.590583485051447],[-66.52759825920259,10.590610226595992],[-66.52776775973409,10.590739592335291],[-66.52786141197728,10.59101157638178],[-66.52774096302313,10.591560060333387],[-66.52761170297293,10.592130829579496],[-66.52770081337705,10.59268375452024],[-66.52788811785724,10.593160816752901],[-66.52807987337661,10.593593403777273],[-66.5280798733766,10.593932256862423],[-66.52792826751569,10.594360318345567],[-66.52783016428252,10.594712608791752],[-66.52784796820144,10.595171899664004],[-66.52799957404233,10.595363674008981],[-66.52816017272148,10.595742676360732],[-66.5282983348544,10.596251046474292],[-66.52852133823177,10.596420489791823],[-66.52875769465014,10.596420468298325],[-66.52915010827618,10.596193015233718],[-66.52931951840363,10.595912115824385],[-66.52939981791212,10.595582115677361],[-66.52956922810907,10.595430501977843],[-66.529711932392,10.595390387053035],[-66.52993039445582,10.595390399573189],[-66.53018900640566,10.595412695249895],[-66.5306795246313,10.595510827335044],[-66.5309693847537,10.595439430496867],[-66.53128150003819,10.595163001699555],[-66.53145100159554,10.595042613126276],[-66.53177201914369,10.595073806059354],[-66.53203063187553,10.595189762142299],[-66.53239179968185,10.595501892377248],[-66.53269955551669,10.596130612674084],[-66.53294027373663,10.59630008515378],[-66.53315882779525,10.596300103129138],[-66.53332823903756,10.596251033517873],[-66.53351999626994,10.596041445157239],[-66.53384101490764,10.595992422673119],[-66.53422898078152,10.596001328922132],[-66.5345410977348,10.595952247213448],[-66.53475965236696,10.595640126726765],[-66.53497811624003,10.59521207936777],[-66.5351787760576,10.595051540552438],[-66.53562914812912,10.595051488605955],[-66.53614192593245,10.595011420333],[-66.53648084095784,10.594721548077473],[-66.5369891684296,10.594489635024456],[-66.53743063973641,10.59454315762677],[-66.53756880397017,10.594681444112043],[-66.5376714506598,10.59492221869866],[-66.53756880397017,10.595212056079717],[-66.53739939155113,10.595492973855443],[-66.53739048945212,10.595760545427467],[-66.53748859422383,10.595970065231041],[-66.53775166043015,10.596090454075005],[-66.53795232115878,10.59619305821049],[-66.53821093650919,10.596242087214238],[-66.53859890515885,10.596242100946247],[-66.53915183585119,10.59625105180754],[-66.53949075254529,10.596201983227369],[-66.53970921810965,10.596041471217793],[-66.54010163877868,10.595849691293594],[-66.54048951778908,10.595849693957218],[-66.54089983409636,10.596023582082614],[-66.54101129265815,10.59624207905293],[-66.54127881145686,10.596429345949664],[-66.5415686766097,10.596442795749681],[-66.54183174457006,10.596393698336017],[-66.54220182033812,10.596233144390071],[-66.54266109975626,10.596090473965758],[-66.54316952320022,10.596161813692293],[-66.54383836819073,10.59650072733308],[-66.54445816096063,10.596910973625102],[-66.54521176004813,10.597660053409053],[-66.5456086353494,10.598190693818829],[-66.54567994393953,10.59850284938774],[-66.54555958231131,10.598761461171236],[-66.54500219473165,10.599122700625644],[-66.54465882388665,10.599229711289356],[-66.54430209993451,10.599283231982746],[-66.5441504900467,10.59937237854571],[-66.54401223348904,10.59955968965762],[-66.54387851889788,10.599903001195468],[-66.54378931529418,10.600210734369496],[-66.5435886526526,10.60044254934097],[-66.54335229049447,10.600540658027969],[-66.54323192932289,10.600611999185306],[-66.54317842538326,10.600803798619417],[-66.54329878654434,10.601022291110873],[-66.5436288033434,10.601401272208783],[-66.54374916459288,10.601740185595434],[-66.54372236718056,10.601980922044886],[-66.54357975046359,10.60233323004268],[-66.54343259184773,10.602453630927837],[-66.54320958302496,10.602453584875859],[-66.54295096556302,10.602453626576647],[-66.54267899494626,10.602663193183302],[-66.54241147553614,10.602872788364712],[-66.54221971551469,10.602970872018892],[-66.54195210546666,10.602912878921439],[-66.54166233097077,10.602591892574049],[-66.54118070607738,10.602230631292946],[-66.5408017287776,10.60201217670921],[-66.54063222462501,10.60201216455286],[-66.54040930765974,10.602221731972964],[-66.54016849565849,10.60264983198509],[-66.5399722852711,10.602649804267719],[-66.53985192476364,10.602511613738512],[-66.53949075254529,10.60219055182873],[-66.53923213665372,10.602070174163131],[-66.53903147550514,10.602092455028622],[-66.5389110243448,10.602279717353156],[-66.53880846828504,10.602863900610974],[-66.53884861866246,10.603363291706536],[-66.53925884303156,10.603751222218348],[-66.54019974398526,10.604299711608734],[-66.5409220894718,10.604602939738067],[-66.5416488868909,10.604892747283616],[-66.5425407387204,10.605111280663568],[-66.54333003503078,10.6054501139039],[-66.54349944909106,10.605739970722087],[-66.54346820059598,10.605949541335683],[-66.54328098217486,10.606172490953476],[-66.54279045383171,10.606399894162303],[-66.54242927988035,10.606689736289487],[-66.54201905338692,10.606663054953177],[-66.54131896199632,10.6069439007334],[-66.5407793825683,10.607180256610764],[-66.54044046516061,10.607532533209602],[-66.54011944305576,10.60771983010122],[-66.53986082689848,10.607603919893883],[-66.53962001511303,10.607621682032894],[-66.53945060212574,10.607759949644006],[-66.53937030129453,10.608072079298678],[-66.53917854222553,10.608241500479922],[-66.53868810800655,10.60831292103804],[-66.53825998895891,10.60816127758469],[-66.53804152391218,10.6083039381726],[-66.53793896799826,10.608491252238233],[-66.53804152391218,10.608830153014042],[-66.5386390555225,10.609449983337953],[-66.53916073797583,10.609940474181025],[-66.53957096255425,10.61001176885935],[-66.53989207520954,10.61006085073208],[-66.54012834519447,10.610181258693983],[-66.54023090147545,10.610283798321564],[-66.5403201045611,10.61054247094472],[-66.54024879659444,10.610760912398131],[-66.53998118740766,10.610952645207504],[-66.5395219099994,10.611331665162098],[-66.53924994090549,10.611643803710775],[-66.53929009131188,10.61183112517215],[-66.53962891724449,10.61208971372102],[-66.54015959351919,10.612361773237389],[-66.54073923206423,10.612482176188532],[-66.54101129265815,10.6124910561148],[-66.5412521049909,10.61225029151644],[-66.54151962389479,10.611701818019945],[-66.54176933858996,10.611099819775998],[-66.5421795649162,10.610769866738375],[-66.54245153531134,10.610631640140555],[-66.54279045383171,10.610613816215025],[-66.5431605301787,10.610890227476697],[-66.5435618552473,10.611443189458019],[-66.54423969370295,10.611960459978127],[-66.54453846245868,10.612170020461216],[-66.54485058467084,10.612290384839259],[-66.54529197080589,10.612241370378863],[-66.5458984117099,10.612103139660743],[-66.54778023543946,10.612080834301903],[-66.54823052593615,10.612281473497106],[-66.54846243884232,10.61244198287281],[-66.54872105862582,10.612771953690974],[-66.54897077625093,10.613320483669646],[-66.54927844957923,10.613793089924696],[-66.549621823006,10.61391350875121],[-66.54999190346942,10.613842151054392],[-66.55062959786818,10.613570145470415],[-66.55099967893757,10.613449776225949],[-66.55124049518737,10.61348990704403],[-66.55165072783883,10.613712871360844],[-66.55275207123316,10.614461945440546],[-66.55317120721885,10.614511033840783],[-66.5533496171614,10.614453048963776],[-66.55354138065519,10.614310344267428],[-66.553679548515,10.613931353295769],[-66.55366174384496,10.61331156485546],[-66.553759851217,10.613003827359874],[-66.55400066854551,10.612673900515004],[-66.55409877597148,10.612513352585973],[-66.55413883650824,10.612241340205838],[-66.55415228086132,10.611893565296542],[-66.55392926815085,10.611750813431778],[-66.55359933666364,10.611590299530894],[-66.55330056350607,10.611371852206682],[-66.55302858831007,10.610961558342337],[-66.55295273686565,10.61033283372098],[-66.55297953468026,10.609570353836629],[-66.55314004907227,10.609280499793083],[-66.55336297065715,10.609070896574336],[-66.55362159249904,10.609030815650948],[-66.55407197810821,10.608990649399255],[-66.55487909392446,10.609142316855808],[-66.55543203926923,10.609119966173168],[-66.55586898180931,10.608972797577184],[-66.55621235890813,10.608642833969848],[-66.55635061820661,10.608192513504942],[-66.55647098194434,10.607630603916885],[-66.55638177651534,10.607140099194451],[-66.55630156431268,10.606453475887234],[-66.55644872600617,10.60583362222929],[-66.55679201258675,10.605213782182993],[-66.55705063586572,10.60493290626369],[-66.5571085922037,10.604683134074161],[-66.5571085922037,10.604580638252074],[-66.55693027201501,10.604393369705134],[-66.55658244332845,10.604272960492931],[-66.55608300201038,10.60424171257029],[-66.55563270577368,10.604259560439528],[-66.55501281090672,10.604549405855183],[-66.55450001733811,10.604843726846047],[-66.55369299285806,10.604892758345787],[-66.5531489513997,10.605080046752281],[-66.5526004592617,10.60509338525121],[-66.55217242135072,10.604901658218177],[-66.5517621883518,10.604522678642336],[-66.55133851133414,10.604210467832557],[-66.55095062546933,10.60414360291426],[-66.55046009100198,10.604201602126286],[-66.549621823006,10.604451309873635],[-66.54910903392474,10.604910556258075],[-66.54885041397809,10.605102370752832],[-66.54864974968272,10.605120173933354],[-66.54830192566996,10.605200414303205],[-66.5480209595897,10.605432270627887],[-66.54791840200626,10.605619595833016],[-66.54790949975445,10.606190367804698],[-66.54801205733644,10.606493562290632],[-66.54809235929919,10.606703168342277],[-66.5479898017038,10.606841411228238],[-66.54786934878372,10.606890410004516],[-66.54773118222793,10.606903827422343],[-66.54757957149343,10.606712085366793],[-66.54740116322341,10.606560438618002],[-66.54708903971472,10.606230467407345],[-66.54698203116763,10.605882646696223],[-66.5468393228541,10.605699854289288],[-66.54667881010569,10.605530398147081],[-66.54633098720849,10.605409977829488],[-66.54609017288136,10.605441201647835],[-66.54592966032874,10.60544125486855],[-66.5457825011493,10.605360924818786],[-66.5456397931145,10.60515139134423],[-66.5456397931145,10.604990851709115],[-66.5458984117099,10.604683183968312],[-66.54620163238656,10.604433463444217],[-66.54666990787187,10.604241693860825],[-66.54715144623593,10.604050002601523],[-66.5474324119187,10.603853780775484],[-66.54773118222793,10.603372227639657],[-66.5480522083165,10.603042230079637],[-66.54834207666897,10.602881695283706],[-66.54864075658095,10.602872781198004],[-66.5489618739839,10.602770184634108],[-66.54912238732852,10.602480356909794],[-66.54912238732852,10.602221734727907],[-66.54897967851808,10.60186944758566],[-66.54872996088936,10.601642080894798],[-66.54860959866363,10.601401242877655],[-66.54860959866363,10.601209561167352],[-66.54883251860821,10.601053461837713],[-66.54897077625093,10.6009509317446],[-66.54925165192569,10.600901864237875],[-66.54943006073266,10.60076365042021],[-66.54960837875183,10.600411329320485],[-66.54979123880172,10.600259772842776],[-66.54993839894095,10.600219591826754],[-66.55062060473745,10.6002196138602],[-66.55108888358797,10.600362270864993],[-66.55141881373103,10.600580791201475],[-66.55169978136284,10.600620923010009],[-66.55190035581273,10.60054961952483],[-66.55223927954474,10.600161606246179],[-66.55239979374393,10.599711240580966],[-66.5526406105411,10.599403608700756],[-66.55276097355498,10.599301032496598],[-66.5529125855659,10.599301071325298],[-66.55321135853544,10.599501690300832],[-66.55362159249904,10.599822746118981],[-66.55399167536558,10.600023434424735],[-66.55415228086132,10.600041233085545],[-66.55454907108886,10.59980940059475],[-66.55483004014746,10.599550790105166],[-66.55483004014746,10.599381284314774],[-66.55461156920657,10.599100408298465],[-66.55433950259209,10.598832866375183],[-66.55416118320335,10.59863216657089],[-66.55417898788782,10.598190708946248],[-66.55428154651409,10.597883044704423],[-66.55428154651409,10.597633315779019],[-66.55420133458439,10.597450480066813],[-66.55391146347358,10.597231992236432],[-66.55361269016478,10.597209689888617],[-66.55304194179885,10.597089361380531],[-66.55276097355498,10.596933223615851],[-66.55259155694219,10.596643396014851],[-66.55259155694219,10.596460607583452],[-66.55259155694219,10.596112806242477],[-66.55269856646484,10.595702538123355],[-66.5530195951443,10.595060449371825],[-66.5533808661587,10.594552100201053],[-66.55380890490889,10.594199823538814],[-66.55411212948346,10.594173069026008],[-66.55514216758017,10.593740507528482],[-66.5554810930941,10.593593410186507],[-66.5555211537206,10.593401674847017],[-66.55544094162975,10.593200995253424],[-66.55516896548994,10.593040452525349],[-66.55460257601773,10.592532106064143],[-66.55400957088537,10.592041614510599],[-66.553849056267,10.591863229518896],[-66.55380890490889,10.591640315595251],[-66.55392926815085,10.591470890885626],[-66.55412993416651,10.591390621327829],[-66.5542503883114,10.59143072291933],[-66.55446885912437,10.591613567897188],[-66.55483894249929,10.591769623572853],[-66.55503960881086,10.591671499162954],[-66.55515997229298,10.59143962457508],[-66.55530268253501,10.591180999268087],[-66.55551225135893,10.590793109795488],[-66.55561926138836,10.59072175282027],[-66.5557619717366,10.590779689157772],[-66.55582883031975,10.590882281624],[-66.55586007944262,10.591243405095218],[-66.55592248685262,10.591671501487692],[-66.55614995146884,10.591979229075218],[-66.55643083041564,10.592162002294863],[-66.55684106651965,10.59232256615706],[-66.55737175765009,10.592500894853114],[-66.55767044193767,10.592719412492526],[-66.5579023583956,10.593129657881747],[-66.55833040028085,10.59341059635939],[-66.55861137105981,10.593450706155373],[-66.55890115353593,10.593370447662604],[-66.55924008111208,10.593361534117033],[-66.55940059713161,10.593450733150275],[-66.55952995472379,10.59365134439091],[-66.5595923625044,10.593829736707727],[-66.55959236250442,10.594280108492132],[-66.5595700156128,10.594592217946067],[-66.55984208453091,10.594752772743412],[-66.56002040555951,10.594752733842624],[-66.56037268739618,10.594712600697745],[-66.56059116037397,10.594810747287505],[-66.56068926884649,10.59499354210084],[-66.56084088280356,10.595769430534327],[-66.56109060533387,10.596362531414034],[-66.56171931790513,10.597111608746287],[-66.56208940562091,10.59770022411481],[-66.56218306310195,10.598172856856747],[-66.56218306310195,10.599011207045221],[-66.56228117182668,10.600411362005874],[-66.56237928056693,10.60127199952549],[-66.56277171568334,10.601980997725748],[-66.56314180402775,10.60237339438724],[-66.56367240972003,10.602770210913414],[-66.56430112491088,10.603220606692012],[-66.56451069678282,10.60350153259187],[-66.56461325712219,10.603889461970907],[-66.56464005544218,10.604379959349517],[-66.56459990338351,10.605160300790606],[-66.56445273975177,10.606391035039296],[-66.56454194634412,10.607211489183472],[-66.564573195907,10.608130071172129],[-66.56451069678282,10.608732031050481],[-66.56439033148145,10.609142302031785],[-66.56401133990771,10.610399748198805],[-66.56401133990771,10.610952647800088],[-66.56414060762124,10.611443136578886],[-66.56439033148145,10.612022845197368],[-66.56463115294932,10.61278982296762],[-66.56472926206149,10.614163244029506],[-66.56500124240357,10.614711727164472],[-66.56521971701319,10.615162071917641],[-66.56562995894127,10.615451914872521],[-66.5659599876865,10.615750681239698],[-66.5671594660569,10.617779582830964],[-66.56781943450628,10.619210910543426],[-66.56830989189879,10.62060213207866],[-66.56854172149556,10.621890817681297],[-66.56884940456177,10.621752619490426],[-66.56898321540247,10.621342377890896],[-66.56898321540247,10.620860759324323],[-66.56908132520213,10.620343513816374],[-66.56888955689519,10.619861984630427],[-66.56863092867533,10.619500798885836],[-66.56843916050732,10.61916184386003],[-66.5682697396028,10.61873381876696],[-66.56832324571725,10.618421649349868],[-66.56855071488683,10.618060502431701],[-66.56882269690252,10.617280119993431],[-66.56901001391103,10.617061671796487],[-66.56929980124683,10.6169412090067],[-66.56962083853449,10.617021507268003],[-66.57005343063693,10.617092859481483],[-66.57027190702306,10.616981375416996],[-66.57051273077082,10.616713861653261],[-66.57061074996908,10.616481915890885],[-66.57055279236899,10.616272411108966],[-66.57034321845883,10.61603154748411],[-66.5699999243736,10.61579076433317],[-66.56952272864972,10.615603548397592],[-66.56888955689519,10.615179919792528],[-66.56863092867533,10.61501041725247],[-66.5685818738091,10.614729536198558],[-66.56866217844399,10.614613620030685],[-66.56916153905911,10.614613557735334],[-66.56977245467391,10.614640347558149],[-66.57020059559545,10.61476075804482],[-66.57047257833261,10.614809809238938],[-66.5706910548659,10.614742935162907],[-66.57086047642997,10.614533334230472],[-66.57086047642997,10.614221220372496],[-66.57074010989848,10.613690549176551],[-66.57057959094516,10.61314207578348],[-66.57027190702306,10.612803188164351],[-66.57010248561923,10.612112027629605],[-66.57003108336849,10.611701821794554],[-66.5699597719685,10.611340638938444],[-66.56991961956597,10.611099790209394],[-66.56968333817287,10.610863500688549],[-66.56933995360934,10.610743106093755],[-66.56892970923123,10.610622673093497],[-66.56866217844399,10.610573658832802],[-66.56842135541277,10.610542436189125],[-66.5682295873094,10.610591463116116],[-66.56804236137832,10.61061377705652],[-66.56780153858726,10.610471074590784],[-66.56763211785656,10.61037297483086],[-66.56763211785656,10.610203514203526],[-66.56781943450628,10.610011827043204],[-66.56829208680793,10.609583764402197],[-66.56867998354544,10.609231460737448],[-66.56896986156983,10.609213591740696],[-66.56928199612763,10.609231423893121],[-66.56957178359018,10.608999559335501],[-66.56966989348268,10.608379788423633],[-66.56970114330355,10.607563778482055],[-66.5700712357782,10.606663027365716],[-66.57059294481236,10.606649634249047],[-66.57088282372817,10.60656048443113],[-66.5711324594555,10.60639097860504],[-66.57131977715943,10.606011974206671],[-66.57130197198244,10.605753351763006],[-66.57119941053914,10.605650814006378],[-66.57057959094516,10.605739966166926],[-66.56995086939938,10.605543806228404],[-66.56956288102661,10.605231661861666],[-66.56946922243203,10.604852581993901],[-66.56945141730799,10.604201570584662],[-66.56958077699635,10.603720017504006],[-66.56948266711788,10.603153690467908],[-66.56927309356824,10.602672083715388],[-66.56888955689519,10.602172682119214],[-66.56846150771855,10.601610859427657],[-66.56755181335475,10.600509456545069],[-66.56721297207577,10.600259730231922],[-66.56682943667413,10.600072484628884],[-66.56644154109196,10.59988073409468],[-66.56635233422655,10.599733612021904],[-66.5663701392618,10.599519526404745],[-66.56657080931176,10.599421466206135],[-66.56694989329063,10.59940360872523],[-66.56710150877855,10.599309951325335],[-66.56711931383526,10.599073604971633],[-66.56713266762814,10.598881912200268],[-66.56713266762814,10.598681246105857],[-66.56701230181832,10.598253188072833],[-66.56706135656066,10.59770020090549],[-66.56706135656066,10.597441564852387],[-66.56703900939976,10.597151711981674],[-66.56692309487092,10.596991213131313],[-66.56699894802802,10.596630024345364],[-66.5673199841273,10.59620196729779],[-66.56768117264782,10.596081568856077],[-66.56797095936413,10.596179698010534],[-66.56802001418215,10.596259929794286],[-66.56810922128706,10.596402640848275],[-66.56813156848644,10.596919899851448],[-66.56820287967676,10.597450527014752],[-66.56799330655853,10.598199613054563],[-66.56775248378648,10.59851177063208],[-66.56779263604905,10.598939872295531],[-66.56802900756588,10.59945261724682],[-66.5682697396028,10.599969872199779],[-66.5685997697506,10.600259745629591],[-66.56875138564106,10.600340012140943],[-66.56908132520215,10.600313256957149],[-66.56957178359018,10.60039349031148],[-66.56983041220133,10.60049159167152],[-66.56995086939938,10.600612017956845],[-66.5699999243736,10.600750231949608],[-66.569932973419,10.600892968845164],[-66.56961193597024,10.601040057842654],[-66.56944251474616,10.601129280265555],[-66.5693934598159,10.601343327356192],[-66.56950937480548,10.601579672684903],[-66.5699419668304,10.602261891053192],[-66.57059294481236,10.602841594637196],[-66.57078026235394,10.603171550673425],[-66.57092288535016,10.603679868704015],[-66.57115925805664,10.604009830460512],[-66.57147139371277,10.604281827556314],[-66.57178352952536,10.604402231092743],[-66.57230969129586,10.604433461597042],[-66.57275118787574,10.604500338769718],[-66.57313018477781,10.60460291889888],[-66.57352253584038,10.604602918356012],[-66.57381241611957,10.60453154038314],[-66.57398183853255,10.604562757349676],[-66.57417360840783,10.604781278706369],[-66.57419141366688,10.605039902422247],[-66.5742493716055,10.605463523811556],[-66.57436982965818,10.60582021070955],[-66.5746329115796,10.606110076226047],[-66.57485138957173,10.606279522790901],[-66.5750698676404,10.606399957706794],[-66.57519032585151,10.60642221322702],[-66.57533294985703,10.606493536685983],[-66.57545340811895,10.606591713427907],[-66.57547121341453,10.606743269922655],[-66.57535084599252,10.606881513367572],[-66.57521258246169,10.606970702798492],[-66.57484248693271,10.607059898729272],[-66.57451254431932,10.606993030992909],[-66.57417360840783,10.606992970153179],[-66.57383022136831,10.606912714893873],[-66.5735894871809,10.607033111418174],[-66.57333975962584,10.60722039442033],[-66.57310338609187,10.607532535933094],[-66.5729028047775,10.607742090967408],[-66.5729028047775,10.608103277553914],[-66.57300082435196,10.608321829131633],[-66.57314353869971,10.608460035363883],[-66.57331296093089,10.608803355679681],[-66.5733308570084,10.608923767856963],[-66.57328180177178,10.609133353271774],[-66.57337100963089,10.60944107553417],[-66.57328180177178,10.609641667271644],[-66.57306332432964,10.609713032443926],[-66.57274219442377,10.609730858128078],[-66.57226063613962,10.609771021017222],[-66.57201990255857,10.609860180690843],[-66.57187273716995,10.610029636995598],[-66.57187273716995,10.610270459546312],[-66.57203325645666,10.610872413879582],[-66.57226953874176,10.611349530756232],[-66.57287155479594,10.611933663545777],[-66.57329960700537,10.612272538087085],[-66.57381241611957,10.612682775832665],[-66.5739327832447,10.612892363393472],[-66.5738792766481,10.613012788204431],[-66.57380351349538,10.613182245153116],[-66.57370985426299,10.613342769966655],[-66.57361174373393,10.613530016582274],[-66.57361174373393,10.613730725751873],[-66.57370095164026,10.613851052900985],[-66.57394177671385,10.614042861737287],[-66.57407994911982,10.61433266126697],[-66.57420040713976,10.614930230877777],[-66.57434303091895,10.61524232926307],[-66.57461056414687,10.615313695424296],[-66.57490044493183,10.61531368912567],[-66.57502081226696,10.615429576136613],[-66.57516352707704,10.615670401198454],[-66.57518133236437,10.615942436527389],[-66.57515017311188,10.616700491633807],[-66.57522148510597,10.617132994586484],[-66.57534185250304,10.617280122821212],[-66.57549347003473,10.617373796370252],[-66.575752101104,10.61735147705198],[-66.57617125263246,10.617119644739484],[-66.57634076652948,10.6168297806534],[-66.57638982200666,10.616522056926122],[-66.57638982200666,10.61626342882957],[-66.57656369645127,10.616022686226641],[-66.57661275194597,10.615759577577887],[-66.57706306339863,10.615179932536392],[-66.57737974419102,10.6143415949259],[-66.57760267448369,10.614011631873566],[-66.57785240374461,10.613940310793565],[-66.57821359837061,10.614060665615744],[-66.57847213972254,10.614163198510166],[-66.57862375801416,10.614181096213503],[-66.57886013363861,10.613993790998926],[-66.57898050173692,10.613761906334188],[-66.57898940443492,10.61301276579034],[-66.57921242614562,10.612232445036309],[-66.57965383676395,10.611701839786182],[-66.58016219973898,10.611452081282845],[-66.58101386308256,10.611403035586026],[-66.5815400326309,10.61142978783405],[-66.58171390850772,10.611362924854134],[-66.58186107621547,10.611153324246168],[-66.58188342390747,10.610912554325921],[-66.58181202030904,10.610413105640044],[-66.58167384619327,10.609900337362001],[-66.58134380912885,10.609521264263691],[-66.58116993335481,10.609302842450386],[-66.58119219017794,10.609133352379855],[-66.58132155230032,10.609062039159692],[-66.58185217347662,10.608950573718921],[-66.58233373915525,10.60886137162664],[-66.58289116029363,10.608861327985775],[-66.58330141384722,10.60882123699177],[-66.58378298063974,10.608749891474393],[-66.58412183091541,10.608562600491656],[-66.58432250667441,10.608393153883934],[-66.5845900441714,10.60816126884045],[-66.5845900441714,10.607800056151977],[-66.58476401173917,10.607371984605583],[-66.58496014546743,10.607229332661632],[-66.58525003104842,10.60716242363251],[-66.58551311754559,10.607042075997203],[-66.58568254312789,10.606850317026248],[-66.58571379374968,10.606560433779313],[-66.58571379374968,10.606319681426964],[-66.58576284996143,10.605922832699568],[-66.58588321938615,10.605552715720247],[-66.58636033675936,10.60512020363229],[-66.58692221288184,10.604839211246379],[-66.58762226490288,10.604562791906416],[-66.58835356845714,10.60429970881667],[-66.58908042144165,10.604041078783471],[-66.58956199266697,10.603809208715228],[-66.58968236281959,10.60371107402488],[-66.58978047586665,10.603519333231649],[-66.5900302099787,10.6031893772363],[-66.59037351505484,10.60307345923247],[-66.59085063583687,10.602810321394175],[-66.59114052413528,10.602551743968094],[-66.59119403220622,10.602293079669781],[-66.59112262754891,10.602101361718908],[-66.59103350800706,10.601829369858493],[-66.59093094333079,10.601352261135247],[-66.59074361975794,10.601089162495795],[-66.59036016076548,10.600732384867246],[-66.59029329847753,10.60046934936292],[-66.59034235504681,10.600081403829055],[-66.59054294194763,10.599849477356672],[-66.59076142548798,10.599559687570173],[-66.59117168418283,10.599131623103789],[-66.59144367603359,10.598779309311064],[-66.59159084602186,10.59835123559319],[-66.59171121656254,10.598012363348655],[-66.59198329949213,10.59766005768472],[-66.59218388691582,10.597249861555898],[-66.59220178353236,10.596991226085445],[-66.5918405808523,10.596679061216447],[-66.59153288647917,10.596460619294879],[-66.59126089458985,10.596291180414758],[-66.59117168418283,10.596050355529139],[-66.5912430888457,10.595831869542915],[-66.59161319406013,10.595720362923878],[-66.5918717409345,10.595720411963018],[-66.59221068641794,10.595929923932772],[-66.5925004844967,10.59624210331153],[-66.5928126307896,10.596460572303078],[-66.59308017190004,10.596522990278288],[-66.59327194761822,10.596420431239167],[-66.59349043210534,10.59627327223859],[-66.59393185276174,10.596059306223804],[-66.59430195955566,10.595952278660096],[-66.59467206656683,10.59592998015177],[-66.59486384276921,10.595729314725759],[-66.59489055153912,10.59525217699539],[-66.59483259169293,10.595020283164624],[-66.59464090634616,10.594560981898681],[-66.59439117040594,10.594213183750117],[-66.59410137145777,10.593852003365505],[-66.59378032161867,10.593593368945777],[-66.59370001376145,10.59333923242134],[-66.59370001376145,10.592960204444847],[-66.59377132786493,10.592639129346441],[-66.59394084651778,10.592469722382583],[-66.59433321060565,10.592411760187613],[-66.59468106033341,10.592451859270504],[-66.59518044169613,10.59257227952882],[-66.5957734859672,10.592830879937729],[-66.59639333047545,10.59310286929437],[-66.59649144456743,10.593290169764401],[-66.59660291309599,10.593459615547534],[-66.59650034751357,10.593602311287578],[-66.59629076492708,10.59359336701624],[-66.59606337652984,10.593499743078615],[-66.59596081103508,10.593459607623773],[-66.59546133820847,10.593321398882024],[-66.59513138475012,10.593379358249944],[-66.59505107672085,10.593513141874281],[-66.59524285303847,10.593802987642254],[-66.59536322427661,10.594199847335155],[-66.59553274335735,10.594891019954034],[-66.59581364002653,10.595390379117136],[-66.5960143195152,10.595822922433188],[-66.59610343976128,10.596161850097213],[-66.59598306838195,10.596420481200164],[-66.5956442117166,10.596732575041933],[-66.59518044169613,10.596991247792902],[-66.59457395275773,10.597031328730427],[-66.59424399976358,10.597049158569076],[-66.59397200670385,10.597102676427989],[-66.59358409429329,10.597450488486352],[-66.59336115832274,10.597762677551472],[-66.59332990732094,10.598052466894282],[-66.5932317937207,10.598293297283695],[-66.59304010886066,10.598600965480218],[-66.59294199530557,10.598792703251414],[-66.59295980109776,10.59900224298693],[-66.59320063357126,10.599292107124022],[-66.59320063357126,10.599702396522217],[-66.59299995497794,10.59996099094295],[-66.59274131679463,10.600130395512782],[-66.59228200035285,10.600273119441354],[-66.59199220237461,10.60033997353449],[-66.59179152416627,10.600603131227716],[-66.59179152416627,10.600812641890005],[-66.59200110525722,10.601321032436346],[-66.59236230802935,10.601963113299329],[-66.5928126307896,10.602542820186667],[-66.5932541418172,10.60312248421652],[-66.59336115832274,10.603532761449726],[-66.59342356948503,10.603960773089495],[-66.59336115832274,10.604121356727388],[-66.59319163982578,10.604299664105435],[-66.5928126307896,10.604629681466422],[-66.59233995996449,10.604879399325085],[-66.5920233624643,10.604959608135298],[-66.59138126506745,10.605463483212358],[-66.59087298384885,10.605882686120784],[-66.59040031447988,10.606020908471757],[-66.58932116158554,10.606181465839976],[-66.58860330200245,10.60635982547334],[-66.58796111725138,10.606609464719352],[-66.58738143456468,10.60697956999276],[-66.58734137188819,10.607340770310225],[-66.58740378245336,10.607572641615185],[-66.58761336208225,10.607800105375718],[-66.58788090098187,10.607853583570115],[-66.58833122053467,10.60759940709978],[-66.58908042144165,10.606912753958694],[-66.58974032219183,10.606520331056911],[-66.5904403773513,10.606431157603637],[-66.59108256463404,10.60647128479481],[-66.59135010500954,10.606529242534885],[-66.59165325700877,10.606680815638143],[-66.5920412590763,10.607073230281559],[-66.5924202676484,10.607412161051565],[-66.59279037355462,10.607702019276195],[-66.59310251999116,10.607840203816913],[-66.59352168311509,10.608000787579748],[-66.59410137145777,10.608419921017644],[-66.59443132437728,10.608781130527037],[-66.59481033438665,10.609329528774937],[-66.595251755967,10.610301657550787],[-66.59533206402183,10.610992797386567],[-66.59513138475012,10.611469929886562],[-66.59490399677067,10.611791018521034],[-66.5944714783512,10.612103084099342],[-66.59423064539217,10.612410783388505],[-66.59429305664055,10.612829954035425],[-66.59440007332245,10.613061821233368],[-66.59457395275773,10.613231242919067],[-66.59469441471435,10.613293709207879],[-66.59484158546182,10.613271438324974],[-66.5951626358412,10.613133187471558],[-66.59557280655511,10.612941441982064],[-66.59576013156342,10.612740806223181],[-66.59576013156342,10.61241968003211],[-66.59576013156342,10.61206299027809],[-66.59581364002653,10.611773132653857],[-66.59590285109057,10.611541261950288],[-66.59609008535051,10.611483278894044],[-66.59644238751953,10.611483323423306],[-66.59674999344212,10.611429803074632],[-66.59696411850386,10.611211321100031],[-66.59699082736266,10.610921447021992],[-66.59692396437136,10.610332840824539],[-66.59699082736266,10.610042990929687],[-66.5973742903883,10.609650580983283],[-66.59746350167285,10.609351829346174],[-66.59751255880008,10.608870272099793],[-66.59732078179292,10.608473423752052],[-66.59713354716801,10.608023027992418],[-66.59716025603397,10.60765290636498],[-66.5972717246806,10.607331874897431],[-66.59750365583966,10.607153558180007],[-66.59793172485354,10.606921635455631],[-66.59812341119952,10.606881537795596],[-66.59830183399278,10.606921619933528],[-66.59845345706798,10.60714014323985],[-66.59842220581402,10.60738095267851],[-66.59832409142216,10.60759049522285],[-66.59815021095395,10.608121145713298],[-66.59811005674605,10.608330742545403],[-66.59813231416868,10.608540261230218],[-66.59823042853077,10.608700853316508],[-66.59858273189359,10.609632766150348],[-66.59860053784494,10.610261505667419],[-66.59851141724653,10.610560269618494],[-66.5984043998677,10.61080108118114],[-66.59823042853077,10.610930354586008],[-66.59810115377722,10.611171185214907],[-66.59810115377722,10.611349570637788],[-66.59808334783995,10.611692852450725],[-66.59806099957244,10.611942621246312],[-66.59781126227914,10.61257132334609],[-66.59772214179205,10.61286120104698],[-66.59766418168589,10.613012780183109],[-66.59754371916247,10.613480995646661],[-66.59740109011095,10.61375298527396],[-66.59712010188899,10.614020542523107],[-66.59684365611399,10.614221168411817],[-66.59665197015637,10.614332711817337],[-66.59665197015637,10.614560125700578],[-66.59679014756357,10.614769690704149],[-66.5972405643316,10.615112986249375],[-66.59766418168589,10.615260170161827],[-66.59796288523664,10.61528245516049],[-66.59830183399278,10.61546970596139],[-66.59855148063326,10.615701627872866],[-66.59867194334876,10.615880010448818],[-66.59873435503619,10.616111841399094],[-66.59852032022116,10.616312476915219],[-66.59837314861619,10.616379367713437],[-66.5981813713478,10.616290240771859],[-66.59795398226989,10.616080647869753],[-66.59765073639555,10.615933521332597],[-66.59736093595066,10.615973613387155],[-66.59695067322843,10.616129709256194],[-66.59674109049246,10.616303614303376],[-66.59659401014842,10.616513178080998],[-66.59634427343518,10.616892210123737],[-66.59611234270194,10.617079502935331],[-66.5957823889032,10.61719983396265],[-66.59527410413507,10.617132997967476],[-66.59470331763514,10.616869891496634],[-66.59427079935331,10.616620187543306],[-66.59377132786493,10.616192132483539],[-66.59339231848013,10.615710561953707],[-66.5932317937207,10.615010458565095],[-66.59306236610445,10.614439669525199],[-66.5928527846604,10.613851080071926],[-66.59262094605707,10.613463165836494],[-66.5924202676484,10.6129503369696],[-66.59238011380516,10.612321611582269],[-66.59246042149417,10.61204066827323],[-66.5927235110086,10.611630429937772],[-66.5930222122203,10.61134064720446],[-66.59317383402703,10.611122082603503],[-66.59324069662085,10.610841209045116],[-66.59328085051892,10.610502335178174],[-66.59320063357126,10.610212503882982],[-66.59301330932325,10.609962741992758],[-66.59265210617787,10.609721946961827],[-66.59217053258807,10.609472283943331],[-66.59162209693739,10.609249262392419],[-66.59110037037367,10.608990689116933],[-66.59079267636233,10.608781082944262],[-66.59059199853637,10.608589312572974],[-66.59030220133613,10.608482349912371],[-66.58988304035539,10.608709739896735],[-66.58918298581621,10.609329531986578],[-66.58871031771722,10.609713076386203],[-66.58824210138837,10.610020717508583],[-66.58790315804318,10.610230278497585],[-66.58765351562121,10.610261496267768],[-66.58736362893036,10.610172300916576],[-66.58664122933527,10.610172317183869],[-66.58609279850751,10.610221366633397],[-66.5858029125372,10.61039079472771],[-66.58570034871452,10.610600373228275],[-66.5857315993372,10.610769819699932],[-66.58586087155159,10.611131007326083],[-66.58630237769887,10.612143259898492],[-66.586601166706,10.61264269371363],[-66.58674379331167,10.612780907175846],[-66.58702023465304,10.612883473937565],[-66.58740378245336,10.612923629952498],[-66.58772037762843,10.61293250593454],[-66.58799236798659,10.612990509681449],[-66.58812164066633,10.613159957187765],[-66.58818414215422,10.613409636473335],[-66.58831341487344,10.613623700182387],[-66.58850073772247,10.613712875161688],[-66.58871031771722,10.613730664524425],[-66.58903136497081,10.613882305784733],[-66.58928100794003,10.614069601826595],[-66.58934350954318,10.614372792300422],[-66.58923195145354,10.614551161069828],[-66.58898230850379,10.614800888207247],[-66.58885294480172,10.614992599642608],[-66.58882178486903,10.615429587737244],[-66.5887905340926,10.6162902260383],[-66.58883068770679,10.616963505277637],[-66.5888128820314,10.617431748795546],[-66.58899121134381,10.617761736697558],[-66.58914283217953,10.617953456738425],[-66.58918298581621,10.618122899577903],[-66.58908042144165,10.618292366230971],[-66.58882178486903,10.618372615015117],[-66.58829115779761,10.618372578540628],[-66.58782294178106,10.618363737534134],[-66.58746174161553,10.618323557008045],[-66.58725216203722,10.618212120027524],[-66.58674379331167,10.618189795443948],[-66.58642274722705,10.618212118614297],[-66.58617301454865,10.618180838688792],[-66.58589212218224,10.61818083773861],[-66.58553092312742,10.618051582439888],[-66.58511176532998,10.617922267524778],[-66.5845633358389,10.617690378086438],[-66.58417978977448,10.61740942332244],[-66.58401036459807,10.617222158630824],[-66.5839122524525,10.616910005001682],[-66.58366261161805,10.616531021614422],[-66.5834128800385,10.6163125515086],[-66.58326126058677,10.616080630396016],[-66.58310964117172,10.615853195751836],[-66.58299372365686,10.615719472930394],[-66.58284210430654,10.615741784887183],[-66.58271283271448,10.615813107020108],[-66.58254331709026,10.615991487875835],[-66.58244965654801,10.616263444956276],[-66.58232038503692,10.6166425048441],[-66.58236053823708,10.616869930303231],[-66.58248980975645,10.617061653294504],[-66.58287335478676,10.617382735702616],[-66.58325235782802,10.61770378437205],[-66.58356004814537,10.618060493620652],[-66.58374282734842,10.618591079531011],[-66.5839702112922,10.618849699236506],[-66.58437156277736,10.619233227517912],[-66.58444287582276,10.619393738702579],[-66.58453208527442,10.619732600471222],[-66.58453208527442,10.620031383533323],[-66.58438046555202,10.620321237510964],[-66.58419323477703,10.620570970105284],[-66.58412183091541,10.62078052586895],[-66.58410402537358,10.620842971397348],[-66.58408176844699,10.621141693632731],[-66.58420213754916,10.62130221270783],[-66.58439391055887,10.62158320359832],[-66.58465245446301,10.621873039218233],[-66.58464355168451,10.62204248314037],[-66.58445186944309,10.622171792963918],[-66.58413082453113,10.622252021719492],[-66.58365361800907,10.622140562898224],[-66.58335046987028,10.621953284663416],[-66.58316314855846,10.621650053100023],[-66.58277969419517,10.62127103697036],[-66.58251215747086,10.621213038649366],[-66.58221337041195,10.621391455109002],[-66.5819725421505,10.621712516347161],[-66.58182092304733,10.622229702015245],[-66.58169165166603,10.622992240103455],[-66.58149097674962,10.6235897714256],[-66.58123234330577,10.623910799940543],[-66.58085334148694,10.624013387406487],[-66.58046988853803,10.624053543437842],[-66.57996152531297,10.624321084087654],[-66.57934169701477,10.624543986533231],[-66.57869961259566,10.624659962103475],[-66.57836966794412,10.624602020254107],[-66.57803072993855,10.624450371663286],[-66.57782115351516,10.624263059020855],[-66.57750011200419,10.623942036387202],[-66.57719242466676,10.623580811206073],[-66.57687138347895,10.623299924068503],[-66.57653244628628,10.623241918921948],[-66.5761534473169,10.623259829244587],[-66.5758502119697,10.623362346114229],[-66.57568078904926,10.623531758428975],[-66.57563173362779,10.623861772323998],[-66.57564953892847,10.62409362414073],[-66.57564953892847,10.624321034899724],[-66.57559158085976,10.624490467558985],[-66.57542215800954,10.624740223579112],[-66.57533294985703,10.624931954919314],[-66.57548011606252,10.625163792899396],[-66.57567188639841,10.625253025169979],[-66.57579225388234,10.625270806396962],[-66.57588146210051,10.625212846471353],[-66.5760731417163,10.625061280375599],[-66.57614009333057,10.624989957912199],[-66.5765413489494,10.624963144823514],[-66.57704080672248,10.62509247289021],[-66.5775625215889,10.625261918184835],[-66.57806198017848,10.625431378802832],[-66.57842317492562,10.625502750887254],[-66.57869070990179,10.625502685968696],[-66.5790919671588,10.62544030260583],[-66.57972069791792,10.625239649382435],[-66.58005073412637,10.625083556833294],[-66.58048324261688,10.625123674848476],[-66.58085334148694,10.62512372709173],[-66.58114322516809,10.625319910527024],[-66.58147317128255,10.625453632201907],[-66.5819012293862,10.625591931085536],[-66.58240069143982,10.62559188231443],[-66.58293131353037,10.625502715612573],[-66.58333257350588,10.625400189862956],[-66.58409067121754,10.625480436820828],[-66.58449193193515,10.625582984760543],[-66.58485313039179,10.62581040166605],[-66.5850806055829,10.62588176707423],[-66.58535259479748,10.625850562069228],[-66.58608389570855,10.62582376012569],[-66.5865431167783,10.626019937457833],[-66.58691321922613,10.626193900735672],[-66.58730121836916,10.626291962795174],[-66.58757320854585,10.62612256543572],[-66.58787199815757,10.625930756888776],[-66.58830006062784,10.625930781560676],[-66.58886184763992,10.626002102620129],[-66.58956199266697,10.625912922233201],[-66.59019073392192,10.62595312379857],[-66.59064995799243,10.625921862436654],[-66.59095320050005,10.625690019727651],[-66.59146157262909,10.625070189333577],[-66.59338341557786,10.624931913976337],[-66.59382038470513,10.624909632561462],[-66.59427079935331,10.624909634640398],[-66.59461410674072,10.624793723652816],[-66.59508232780794,10.624601969573808],[-66.5955237495786,10.624691149355266],[-66.59611234270194,10.624989911669912],[-66.59639333047545,10.625030056437687],[-66.596602913096,10.62490966110269],[-66.59667422752761,10.624780343624451],[-66.59697302145666,10.624410262035097],[-66.5972717246806,10.624240776052089],[-66.59780235931453,10.62423183931164],[-66.59831073696444,10.624209619551044],[-66.5987923152405,10.624040130998862],[-66.59926053940565,10.623821605559598],[-66.59984023301712,10.62378150000635],[-66.60030391561126,10.623821623535632],[-66.60083455279006,10.623830544210348],[-66.60161047760127,10.62370127049736],[-66.60271181824409,10.623482781350882],[-66.60375083946073,10.623273179047747],[-66.60469165615417,10.62316170460445],[-66.60552109497212,10.623143883097683],[-66.60649316594146,10.623233057890365],[-66.60755445110483,10.623259760878538],[-66.60815195852079,10.623331108813614],[-66.60851317051379,10.623353410891882],[-66.60906162080609,10.623340073297108],[-66.6093113625321,10.623482788285921],[-66.60950305231923,10.623531782066811],[-66.6096948330124,10.623451551892067],[-66.60997128439286,10.623362334141149],[-66.6104840325227,10.623299886527793],[-66.61109498826649,10.623371240874189],[-66.61156313066296,10.623522898831377],[-66.61202246108807,10.62380382076421],[-66.6123836752785,10.623781491927954],[-66.6126823857597,10.623741365064653],[-66.61306140668137,10.62368341481798],[-66.61343152464458,10.623701200979363],[-66.61398443077002,10.623830576465137],[-66.61440360770195,10.623919747922177],[-66.61457304102201,10.62391972434207],[-66.61472466798308,10.623670009839001],[-66.61466225472392,10.623482764124661],[-66.6145909382708,10.62334008952728],[-66.61430103924212,10.623023493066746],[-66.61394436640929,10.622702387778693],[-66.61339136946978,10.622301085913225],[-66.61289197376306,10.621939880133613],[-66.61251295294218,10.621810596401907],[-66.61215173867845,10.621511816653332],[-66.6120447189988,10.621302256278824],[-66.6120447189988,10.621132807892016],[-66.61219189377512,10.620990112773296],[-66.61245499148465,10.620972269077095],[-66.61291432255292,10.621003528259651],[-66.61329334361254,10.621110535792866],[-66.61411379960734,10.621373585877587],[-66.61485394612156,10.621543015162482],[-66.61521071031211,10.621551975723941],[-66.61568339818837,10.62147171033818],[-66.61621404820866,10.621092651587656],[-66.61666438790591,10.620700249871463],[-66.61698099770773,10.620281108610573],[-66.61731096252328,10.61987975814453],[-66.61737337604141,10.619612242866081],[-66.61755171339108,10.618880949414619],[-66.61782371655616,10.618542040114004],[-66.61806455846664,10.618461794133589],[-66.61814477855732,10.618550997892946],[-66.61840342709493,10.618720431734726],[-66.6186130169772,10.618760559089012],[-66.61880470956082,10.61882299998051],[-66.61890282711401,10.618930030260428],[-66.61890282711401,10.619161893932555],[-66.61877354815587,10.61929117708076],[-66.61860411372118,10.619451686562746],[-66.61832320697178,10.620142909005512],[-66.61821173463166,10.620392564336676],[-66.61810471393545,10.620771641872672],[-66.61808236496381,10.621132835704485],[-66.61778365195443,10.62184182019268],[-66.61771224430315,10.62210935896058],[-66.61780145844378,10.622363521390223],[-66.61785496876423,10.622911979329249],[-66.61798424753657,10.623331130406259],[-66.61834101347617,10.62361202691889],[-66.61878245141428,10.62382159854535],[-66.61937106608912,10.624013375737425],[-66.62003099835825,10.62410257272026],[-66.62041447528276,10.624102567063618],[-66.6207712425781,10.623982204878933],[-66.62118142982116,10.623790388939026],[-66.62167192871004,10.623901884208927],[-66.62221148700677,10.624312162957377],[-66.6226618309272,10.624481569422782],[-66.62296508872235,10.62448160672818],[-66.62366518051346,10.624401351792896],[-66.6242136438224,10.624343351768832],[-66.62468188668065,10.624280909957394],[-66.62486467773786,10.624271989885983],[-66.62509207642697,10.624249736770725],[-66.62536408279539,10.624343314900631],[-66.62560483669128,10.624512809779128],[-66.62583232649327,10.624619808652504],[-66.62606417720508,10.6246599222484],[-66.62683113850275,10.62460196145431],[-66.62698276836788,10.624539558022482],[-66.62713430741805,10.624383477847179],[-66.62743311563787,10.62398220141309],[-66.62762481085969,10.623852823096636],[-66.62774527907101,10.623830526249893],[-66.62796377539426,10.623959895202985],[-66.62821343365412,10.624222954604733],[-66.6284452852254,10.624343354401157],[-66.62867277603335,10.624343380375239],[-66.62897149411747,10.624200665686047],[-66.62921224936534,10.62406238600735],[-66.62965378563905,10.62385288794299],[-66.63006397855995,10.62379045431777],[-66.63046526832167,10.62387956752501],[-66.6309022628906,10.62394206873403],[-66.63107170057356,10.623942033684989],[-66.6313125474586,10.623763692661058],[-66.63150424383663,10.623362350073311],[-66.63155330358238,10.623112663158079],[-66.63155330358238,10.622809456401159],[-66.63162462192312,10.62258202621007],[-66.63183421612433,10.622171751342211],[-66.6322623081768,10.62175261916095],[-66.63235152434072,10.621311128037265],[-66.63231136798028,10.62099011987512],[-66.6322534047314,10.620642319152214],[-66.63197249200661,10.620281076838078],[-66.63174509088348,10.620000224822178],[-66.63166477824073,10.619750436805164],[-66.63153549671128,10.619523098395149],[-66.63143292550924,10.61933134360536],[-66.63145518409465,10.619059298356847],[-66.63150424383663,10.619019149218921],[-66.63158455645937,10.618952280445894],[-66.63192343222896,10.618849719090901],[-66.63215528513702,10.61883188705904],[-66.63239158985216,10.61905934603347],[-66.63245409568904,10.619273365117593],[-66.63251205895597,10.6195498480626],[-66.63274391207588,10.61991101301662],[-66.63335479820347,10.620731486622791],[-66.63349307441206,10.621253203254868],[-66.63353313999447,10.621859624962156],[-66.6335019778746,10.622412558612217],[-66.6336134528701,10.622871851787966],[-66.63378289126608,10.623121578206394],[-66.63396568491,10.623273150088451],[-66.63418418334456,10.62338016041844],[-66.63432245973101,10.623380167164951],[-66.63481296864973,10.62336239235808],[-66.63530338708948,10.623509518760693],[-66.63566461439646,10.623643247221844],[-66.63614176908668,10.623763693585072],[-66.63671250179736,10.623620939351563],[-66.63712269920991,10.623331156759862],[-66.63758204793939,10.62329098402775],[-66.63801459556802,10.62329102234011],[-66.63824199890077,10.623152802829281],[-66.63886179376796,10.62307253706501],[-66.63977586054513,10.623032366449776],[-66.64038230154578,10.622969961947966],[-66.64083274902688,10.62280944599025],[-66.64162198682735,10.622693468399863],[-66.64257176270418,10.622720265680606],[-66.6432941347857,10.622791611421802],[-66.64367317375998,10.622920875284866],[-66.64406556836775,10.62296103264748],[-66.64461404902654,10.622960993308801],[-66.64482364743952,10.622903026558731],[-66.64510456574808,10.622720259500246],[-66.64561289009875,10.622492857157825],[-66.64629510833805,10.622243075565068],[-66.64676327636322,10.622122713571581],[-66.64710225093863,10.622100427086908],[-66.64763283599495,10.6219399088076],[-66.6479539128473,10.621962218580212],[-66.64809210132069,10.621859635454271],[-66.64816351233816,10.621672334580694],[-66.64808319765747,10.621333490963247],[-66.64785579087219,10.620990116299815],[-66.64770415610832,10.620570932950566],[-66.6476550951378,10.619870892283469],[-66.64768189696382,10.6193714334991],[-66.64773540976557,10.618720451982206],[-66.64760612502457,10.6183191363605],[-66.64731175930125,10.618100596604304],[-66.64703529186214,10.618020321953505],[-66.64654486453537,10.61798910434329],[-66.64631291561557,10.618082749697741],[-66.64603199678409,10.618412718803988],[-66.64563514917234,10.618622318878954],[-66.64505550497394,10.618631236413828],[-66.64442225790695,10.618591086974797],[-66.64380245771774,10.618461760993057],[-66.64344576851944,10.618243314710117],[-66.64306227788097,10.618051539804133],[-66.64264308226136,10.61796234314803],[-66.6423934184191,10.617859802778558],[-66.64220162795641,10.617690394071374],[-66.64195196428425,10.617329199342693],[-66.64167549912928,10.61718201623692],[-66.64144364280372,10.617182071937695],[-66.6412340454837,10.617159749802399],[-66.64101554466531,10.616972469404407],[-66.6410244482315,10.616820843268266],[-66.64117162964988,10.61659341407484],[-66.64130536489361,10.616040499052138],[-66.641193888571,10.615581229372474],[-66.64094422528731,10.615220048009578],[-66.64061424834392,10.614702754345894],[-66.6401548974605,10.613753013722592],[-66.63973579457543,10.613052893886646],[-66.63929434225282,10.612482115678029],[-66.6389331129164,10.612232414880829],[-66.63863439021719,10.612120925104163],[-66.63795208919254,10.611220217933623],[-66.63753298773514,10.610859038659399],[-66.63721191604596,10.61068956097412],[-66.6365430626321,10.610372955463445],[-66.63632456339883,10.610350665268717],[-66.63620418443496,10.61035070792366],[-66.63598568531637,10.610502275693362],[-66.63558439211741,10.61068065230441],[-66.63500466606882,10.611010602016185],[-66.63447400050919,10.611322753386037],[-66.63430456193161,10.611362943493573],[-66.63422433982166,10.611282640518834],[-66.63424214676706,10.611090866383622],[-66.63465243346153,10.610609306815826],[-66.63503137651944,10.61001176880054],[-66.63510278609687,10.609632785493531],[-66.63512504480899,10.609191315056517],[-66.63506262956507,10.60891043169356],[-66.63489319083288,10.608580403564744],[-66.63479507083672,10.608393111748486],[-66.63488428735113,10.608072089586909],[-66.63499131084394,10.607862539619944],[-66.63520535788284,10.607773357759044],[-66.63562445782972,10.607969554857576],[-66.63617293133406,10.608312865479911],[-66.63680171857676,10.608571522883297],[-66.63744377085473,10.608950514352397],[-66.63780499935895,10.609039720547612],[-66.63846495054798,10.608999569713056],[-66.63911145624817,10.609012926970934],[-66.6394726856842,10.60901295890693],[-66.6396733788861,10.60895052856021],[-66.63999436094504,10.608531354025965],[-66.64037339798841,10.608299468042782],[-66.64069447124723,10.608259343160672],[-66.64107350870059,10.608272780608278],[-66.64120279213967,10.608121122761032],[-66.64144364280372,10.607621733098647],[-66.64167549912928,10.6074700786119],[-66.64190290374863,10.607599454121008],[-66.64228194190925,10.607920467157852],[-66.64253160570856,10.608241547869389],[-66.64264308226137,10.608321806334589],[-66.64283487285472,10.608321810901819],[-66.64347247931863,10.60849125472738],[-66.64376230064588,10.60848233394358],[-66.64391393448909,10.60833073581882],[-66.64398525419394,10.608063176803846],[-66.64413243628476,10.607349747512979],[-66.64454263839937,10.60672096695534],[-66.64492167810324,10.606489148329292],[-66.64516253014902,10.606181396418352],[-66.6453140734662,10.605909451740406],[-66.64553257573338,10.60508895598742],[-66.64563514917234,10.60495075147519],[-66.645742174443,10.604781247900014],[-66.64596512867134,10.60475900336626],[-66.64606325036088,10.605053251871196],[-66.64608550944992,10.605450137634456],[-66.64585365154761,10.606609545783977],[-66.64601418951426,10.606850269780104],[-66.64610340757514,10.60714014572399],[-66.64620589025083,10.607309595618649],[-66.64652251457709,10.607438889292505],[-66.64677227086186,10.607733217855195],[-66.64673211360625,10.60804976682877],[-66.64643329645862,10.608299476967174],[-66.6460454430902,10.608522439819279],[-66.64585365154761,10.608798939095347],[-66.64582248883428,10.609432116525708],[-66.64554602202915,10.61001183660248],[-66.6450153478245,10.610453269597764],[-66.64446241501966,10.610631598518317],[-66.64401205586849,10.610569159600292],[-66.64359285963475,10.610462203812434],[-66.64331194198088,10.610310530280543],[-66.64306227788096,10.61022139148961],[-66.64283487285472,10.610239192802421],[-66.64240232200426,10.610493344746347],[-66.64185384321672,10.610760948374377],[-66.64149270330456,10.610930381413372],[-66.64134552181322,10.611131040337549],[-66.64127420239888,10.611362948090191],[-66.64148370887912,10.611621535984945],[-66.64190290374864,10.611982729471721],[-66.64194306070529,10.612169992325057],[-66.64188509659218,10.612419693398014],[-66.64181368626559,10.61270952755472],[-66.64206344073733,10.613592474622061],[-66.64222397776581,10.61408297296325],[-66.64264308226136,10.614609156136668],[-66.64311579030185,10.615242338653458],[-66.64351263637253,10.615523285062931],[-66.64376230064589,10.61562133145481],[-66.64410572545839,10.61563023511326],[-66.64453373478482,10.615460816342281],[-66.64506440859563,10.615233397431684],[-66.64516253014902,10.615081774469633],[-66.6452918144036,10.61455118041214],[-66.64544344860428,10.614319287129366],[-66.64559499198704,10.61430148685191],[-66.64578233163739,10.614372782043487],[-66.64593396595268,10.614310357618523],[-66.64605434672548,10.614221211240318],[-66.64620589025083,10.614060623267902],[-66.64648235733692,10.613909079118729],[-66.64671430631722,10.613931376671731],[-66.64692381455473,10.613980365274072],[-66.64711560641332,10.61408293672734],[-66.64743214032939,10.614319297526102],[-66.64754361772403,10.614359421713484],[-66.64769525245043,10.614341627031502],[-66.64788259270651,10.614221174149606],[-66.64826599533879,10.614239043172203],[-66.64849340226755,10.614470922273135],[-66.64855590965942,10.614791997584003],[-66.6485737169989,10.615121920149424],[-66.64884573325551,10.6153404628276],[-66.64901517563717,10.615380551527782],[-66.64935406053296,10.615509848754241],[-66.64965278816923,10.615679277732701],[-66.64982223076112,10.615911199811544],[-66.64996496232986,10.615951364482969],[-66.65009424753977,10.61604047991228],[-66.65022353277536,10.615982554637801],[-66.65043313299752,10.615701652077869],[-66.6506962463325,10.615563398596327],[-66.65084342994334,10.61552321845475],[-66.65116441752606,10.615460804389729],[-66.65198492174342,10.615322602982301],[-66.65235506206412,10.615170995563032],[-66.65249325147191,10.615220018473707],[-66.65260472973345,10.615362711232093],[-66.65281433072187,10.615621331655342],[-66.65304619110485,10.615813099701784],[-66.65319337524654,10.615893356826785],[-66.65330485362783,10.615893335151268],[-66.65344304323696,10.615871040732047],[-66.6535723291371,10.615960236191848],[-66.6535723291371,10.616129717256678],[-66.65351436398687,10.616272391198713],[-66.65342523576432,10.616379374314917],[-66.65319337524654,10.616419508863205],[-66.65280542699406,10.6164819802522],[-66.65236396578575,10.616562224326767],[-66.65193586045014,10.616852096764566],[-66.65150330354084,10.617222153528738],[-66.65140527188466,10.61744960048355],[-66.65139627732195,10.617601150459745],[-66.65141417559332,10.61783309349461],[-66.65150330354084,10.618020361977276],[-66.65154346109098,10.618212056372018],[-66.65151229810502,10.618689222955977],[-66.65151229810502,10.619340237117086],[-66.65167274661434,10.619830709079947],[-66.65203398304041,10.62012059759437],[-66.65227474686621,10.620272208686115],[-66.65252450535911,10.620339098079917],[-66.65267605039165,10.620339087235168],[-66.65277417309338,10.620303405570347],[-66.65290345886089,10.620240990739893],[-66.65330485362783,10.620410450649098],[-66.6537552192139,10.620892028553513],[-66.65398262805952,10.620941063234138],[-66.65419213863628,10.620941016405979],[-66.65468266257848,10.620941063384386],[-66.65510631783773,10.621092631780884],[-66.65542285563748,10.621279981832181],[-66.6563235900439,10.621302241975275],[-66.65670263660688,10.621239796654761],[-66.6572822911721,10.621101594643438],[-66.65779516777957,10.621119411088],[-66.65832576154007,10.621132761343864],[-66.65893221983298,10.621092657049434],[-66.6593157198167,10.621012442619902],[-66.65953413592305,10.62082067020033],[-66.65985521863438,10.620780533993157],[-66.6602342672445,10.620820660973475],[-66.66086298689952,10.620963328846006],[-66.66133561730352,10.621190767244894],[-66.66165224897406,10.621190752343635],[-66.66239244992104,10.621052499787217],[-66.66298555618059,10.620972311041347],[-66.66362318235028,10.620869713682145],[-66.664452606091,10.620860802912905],[-66.66514374791433,10.620749319126755],[-66.66571450604589,10.620669057975332],[-66.66650377395781,10.620633358630474],[-66.66696305254486,10.620633342012047],[-66.66750255765311,10.620602165879388],[-66.66779248050362,10.620513018203868],[-66.66796637976142,10.62039260477961],[-66.6679752836954,10.620183002795619],[-66.6679752836954,10.620031370800444],[-66.66780583640112,10.61991097983796],[-66.66769435555088,10.619781654011689],[-66.66769435555088,10.619692534690273],[-66.66772551930744,10.619549830184539],[-66.66789496658103,10.61940270231256],[-66.66816253890626,10.619380409475],[-66.66848362584024,10.619411585189779],[-66.66888493929982,10.619603304689663],[-66.66949576847432,10.619942188471688],[-66.66992388528853,10.620151792432136],[-66.67017355965422,10.620223151660939],[-66.67038316626356,10.62022317721944],[-66.6705526142215,10.620240983195629],[-66.67093612099399,10.620370323694189],[-66.67125266643471,10.62052192325296],[-66.67167633239892,10.620709221470767],[-66.67210435977336,10.620762695855236],[-66.67252357428721,10.620860764196784],[-66.6729248902083,10.620990134175075],[-66.6731834697154,10.62097226405915],[-66.67345549619311,10.620909840271375],[-66.67373642679487,10.620731497348105],[-66.6740129055084,10.620619969432926],[-66.67433390443614,10.620651214475904],[-66.67475312036679,10.620780537498034],[-66.67521685672153,10.620851864568206],[-66.67538630592144,10.620900926250963],[-66.67561372226177,10.620900896473113],[-66.67582323974253,10.620842963885906],[-66.67608636326432,10.620749304052557],[-66.6763360399627,10.620651227254426],[-66.67678642134895,10.620682395854004],[-66.67741515682138,10.620829603112531],[-66.67764702589217,10.62094998258104],[-66.67786553894275,10.620999028136664],[-66.6780751479951,10.620999048065654],[-66.6783248254445,10.620981197884229],[-66.67868598567726,10.621110472703762],[-66.67917652790402,10.621342345622601],[-66.67949307729465,10.621449381915887],[-66.6796447194071,10.621449362401595],[-66.67978291455601,10.621351310229382],[-66.67989439744862,10.62118184155454],[-66.68000588036001,10.620891986982421],[-66.68017533078692,10.620811764158613],[-66.6803447812572,10.620811771707814],[-66.68057665135434,10.621039151730496],[-66.6807060334501,10.621400316719498],[-66.68080406947907,10.621609953968989],[-66.68097352011017,10.621819478255764],[-66.68116532192239,10.621881906720935],[-66.68133468178755,10.621881907590955],[-66.68146406403129,10.621801680166758],[-66.68167358336443,10.621721378612031],[-66.68186538537921,10.62168129209683],[-66.68203483628166,10.62176153167089],[-66.68220428722739,10.621873030789484],[-66.68233357878242,10.621913104167781],[-66.68247622655683,10.621930976292859],[-66.68258325783704,10.62189084196301],[-66.68277506011495,10.621770441725506],[-66.68290435178122,10.621641152409916],[-66.68303364347271,10.621369111640174],[-66.68307380294912,10.62118188585691],[-66.68320309467363,10.620909845822942],[-66.68337699798863,10.620851848312443],[-66.68356425756532,10.62085188152201],[-66.68386300075481,10.621079274451661],[-66.68416628701358,10.621230878029616],[-66.68437580720017,10.621230885736933],[-66.68464338619894,10.621221960591761],[-66.6848440023747,10.621110501234273],[-66.68509377323255,10.62094997830082],[-66.68524532576684,10.620762710558889],[-66.6853345491575,10.620512947051141],[-66.68542368170131,10.620169639042384],[-66.68565555357358,10.619991286786327],[-66.68580719709493,10.620089368635314],[-66.68586516508887,10.62015176396171],[-66.68603461701238,10.62016074396427],[-66.68618626062025,10.620111665741174],[-66.68631555295073,10.620200869417724],[-66.68635571262563,10.62039260421818],[-66.68637352098901,10.620602152057504],[-66.68654742513418,10.620851859912708],[-66.68681500500755,10.621172924934214],[-66.68704687736516,10.621302280587669],[-66.68715381852289,10.621230875784715],[-66.68730546238602,10.621213057051541],[-66.6875551433097,10.621409289222298],[-66.68780491518629,10.621681275655916],[-66.68803678788902,10.621850710230339],[-66.68818388899115,10.621873015052495],[-66.68839350130341,10.621873027215408],[-66.68876357122959,10.62173030420535],[-66.68916489698726,10.62175257563393],[-66.68937450960844,10.621712508925546],[-66.68952606311817,10.621609957197895],[-66.68952606311817,10.621382475612876],[-66.68944583424751,10.621213096830129],[-66.68931654130868,10.621101608128672],[-66.68934325397284,10.620851846192542],[-66.68946364269361,10.620731472451213],[-66.6894056743861,10.620499628991384],[-66.6892852856758,10.620352446688567],[-66.6890266998856,10.620263250438692],[-66.68879482683798,10.620240983911506],[-66.68837560202667,10.620049236464899],[-66.68811701658986,10.619790596289166],[-66.68788514385916,10.619500778956375],[-66.68776475542388,10.619268878344707],[-66.68772459566391,10.618822981935958],[-66.68781381938733,10.618412754220717],[-66.68817498478515,10.618051563268258],[-66.68842466603515,10.6180114155693],[-66.68864318263539,10.618011396100712],[-66.68887505563018,10.617850912616367],[-66.68889731616882,10.617659163394631],[-66.68889731616882,10.617512005046951],[-66.68898654004947,10.617262322572813],[-66.68922731738381,10.616990321818076],[-66.68954396242584,10.616820822728563],[-66.68969551597414,10.616611270415293],[-66.68969551597414,10.616450727959545],[-66.68969551597414,10.616259007161343],[-66.68965544695712,10.616031619443609],[-66.68957512721144,10.615732804095325],[-66.68927638145507,10.615460790840114],[-66.68893747599957,10.615121927174696],[-66.68841576182592,10.614783070119913],[-66.68762655861298,10.61450213223542],[-66.68685507385354,10.61413201117038],[-66.6864537494892,10.614042834044824],[-66.68617726558203,10.614042822387205],[-66.68583400047709,10.613909044729981],[-66.68567345277711,10.613699518658802],[-66.6855040009457,10.613449786702919],[-66.68546384132229,10.61319114835028],[-66.68546384132229,10.613070769464043],[-66.6853345491575,10.61294142599527],[-66.68527658120986,10.612919111291156],[-66.68495548611813,10.612812152236824],[-66.68489306612256,10.612540078962875],[-66.68485299739486,10.61206297756878],[-66.68462557788192,10.611661666447091],[-66.68430448310494,10.611420871165981],[-66.68388535198424,10.611211298818692],[-66.68361332121859,10.611001742023465],[-66.68350628977221,10.61060037346046],[-66.68345722612686,10.61013220262571],[-66.68295341538571,10.609699649344812],[-66.68244506210415,10.609449947164997],[-66.68210616013289,10.609360761877246],[-66.68207490483918,10.609289403062286],[-66.68202584129968,10.609169051892339],[-66.68211506425754,10.608941601171814],[-66.68289544764599,10.608821192065768],[-66.68310496743136,10.608821185020778],[-66.6832744186505,10.608723086115168],[-66.68342606162807,10.608549227752258],[-66.68368464523957,10.608549199690339],[-66.68389425613277,10.60879002167855],[-66.68404589925198,10.608932718868829],[-66.68423315901738,10.60893273795873],[-66.68438471135528,10.609039685470822],[-66.68461658286483,10.609499029590486],[-66.68479502948924,10.609672910914835],[-66.68499564571081,10.609699697645489],[-66.6852052570179,10.609659545686116],[-66.68541477753227,10.609610490571235],[-66.68556642099867,10.609619432388056],[-66.68571352155429,10.60972194693808],[-66.68581610126924,10.609909226685208],[-66.68596329273905,10.610100948178374],[-66.68602571283517,10.610310582528538],[-66.68602571283517,10.610502285625852],[-66.6859543885628,10.610689548054978],[-66.68606587249255,10.610921444093293],[-66.68623523360826,10.61105078279639],[-66.68644484530638,10.611300512656136],[-66.6867346856047,10.61166165173157],[-66.68705578155605,10.611790966422273],[-66.68732327077484,10.611790992981776],[-66.6874971751684,10.611750860057091],[-66.68771569146406,10.611670607450954],[-66.6880768568086,10.611269277883284],[-66.68826420856898,10.610899193245254],[-66.68861646999933,10.609971661324288],[-66.68896427950786,10.609351860383953],[-66.68921396105392,10.609182430448211],[-66.68947699902851,10.609200215777095],[-66.68978473996174,10.6092715766099],[-66.69004332604628,10.609271623083114],[-66.69023513047671,10.609249311307686],[-66.69048481249918,10.609302840713832],[-66.6905962971879,10.60951237594656],[-66.69054723301942,10.609690719632175],[-66.69033316791179,10.609860204865916],[-66.68933434975132,10.610462188254067],[-66.68907576394207,10.610841225740756],[-66.68890631124381,10.61114891274056],[-66.68883489580321,10.611550162602683],[-66.68896427950786,10.611799890329898],[-66.68923622160388,10.612062982077783],[-66.68953496734224,10.61231269740638],[-66.68995419288352,10.612571330057646],[-66.69024403471026,10.612660539012488],[-66.69055613725713,10.612852230160875],[-66.69087723505181,10.612999420024973],[-66.69112691731486,10.613209006169651],[-66.69157730873692,10.613449796640865],[-66.69195628468805,10.613721806732203],[-66.69216589818723,10.613980368111763],[-66.69222386673482,10.614399585763993],[-66.69232644745287,10.614729551356305],[-66.69257613025856,10.61507291673268],[-66.69268761529695,10.615322627624266],[-66.69274558388987,10.615509894737436],[-66.69269651956324,10.615790766032012],[-66.69265635950597,10.616040512356337],[-66.69273667962291,10.616192093871478],[-66.69292394183357,10.616522102055578],[-66.69290613329501,10.616901117666352],[-66.69285706895657,10.617240024353656],[-66.69287487749382,10.61761011935955],[-66.69302652265925,10.617801815697979],[-66.69321378495123,10.61787317502409],[-66.69340549943362,10.617971332659115],[-66.69344565953597,10.618060471468576],[-66.69346346808891,10.61818978724568],[-66.6935972139711,10.618461766810233],[-66.69380682798574,10.618591139948736],[-66.69405651134525,10.618608937774031],[-66.6943151899461,10.618608921363133],[-66.69446674457859,10.618533136188749],[-66.69467635886619,10.618341407369082],[-66.69482346143324,10.61827898097942],[-66.69494394200335,10.618452859225982],[-66.69503752798155,10.618510818878022],[-66.69520698223756,10.618533177113186],[-66.69532737201659,10.618622324553215],[-66.69528721180109,10.618809641483141],[-66.69511330537544,10.618930013752484],[-66.69473432763179,10.619242149701495],[-66.69451580903532,10.619451700804618],[-66.6943062856582,10.619491862261315],[-66.69415464020206,10.619549845502123],[-66.69411448005707,10.61970141306732],[-66.69413683163069,10.61989320762946],[-66.69429729051036,10.62016070640607],[-66.69444448385403,10.62024986419448],[-66.694596129376,10.620272198035734],[-66.69476558352004,10.620232036343516],[-66.69485471732567,10.620129497160027],[-66.69519362578792,10.619830745399872],[-66.69551463495374,10.619589912356947],[-66.6958937040002,10.619531957335113],[-66.69629503404708,10.619549803390665],[-66.69663394323963,10.61967916720374],[-66.69682565870343,10.619661260342705],[-66.69706643886617,10.619661288985549],[-66.69725370229037,10.619772809663312],[-66.6974855782769,10.619893181801492],[-66.69761487279804,10.61987088534501],[-66.69771745434382,10.619852997506841],[-66.69782448807264,10.619750489425922],[-66.69805636425697,10.619563214643156],[-66.69833730525878,10.619460646534462],[-66.69859589465506,10.619549835849869],[-66.69892590066354,10.619630087923369],[-66.69918449028714,10.619821800338237],[-66.69937620648152,10.62004925780417],[-66.69954566183645,10.620142877114338],[-66.69966605239617,10.620062651080156],[-66.69979543819917,10.619910983433455],[-66.69981769910179,10.619638977025799],[-66.69988457267492,10.619389288766717],[-66.69997379802335,10.619050364728299],[-66.7001877753585,10.618912189562172],[-66.70035723091868,10.618872021850024],[-66.70069614216756,10.618800663632959],[-66.70097708427642,10.618970149002939],[-66.70118660974212,10.619121719993787],[-66.70139622613434,10.619121717451323],[-66.70158794296135,10.61901915768204],[-66.70176630326242,10.619032588313297],[-66.7019535680004,10.619010240854724],[-66.70216763682849,10.619202005685933],[-66.70220779745664,10.619309025015077],[-66.70229693225306,10.619482950238158],[-66.70256451843576,10.619670233804952],[-66.70275623559661,10.619732642296984],[-66.70290788300103,10.619692526480874],[-66.70305498737632,10.619612216431598],[-66.7031664741603,10.619460671272863],[-66.70326460435223,10.619322433088346],[-66.70333593047296,10.618751645459179],[-66.70346522612256,10.618501931468556],[-66.70370600867065,10.618350289834211],[-66.70387546511945,10.6183592563484],[-66.70410734339642,10.61855096535623],[-66.70427679994647,10.618782857180662],[-66.70439719135518,10.618863107703316],[-66.7045264872091,10.618863090697152],[-66.70461571317479,10.618822994802622],[-66.7046736828004,10.618680260870086],[-66.70482523977626,10.61839933440628],[-66.70506602281178,10.61818083668866],[-66.70527564041521,10.61818090976671],[-66.70558774997185,10.618493023291876],[-66.705904402756,10.618921085339379],[-66.70609612086994,10.619130667354975],[-66.70630564793281,10.619322400178547],[-66.70664456218393,10.61940269798366],[-66.70691660232565,10.61938928182715],[-66.70719754703636,10.619139600473773],[-66.7074739487711,10.618889885077671],[-66.70751410971637,10.618662471217903],[-66.70760778831067,10.61851081495302],[-66.70766575819418,10.618399341114625],[-66.70773708478184,10.618171953245339],[-66.70786638127784,10.617610084402914],[-66.70803583877506,10.617462974125088],[-66.70816513532843,10.6175120125672],[-66.70828552743313,10.617721560850473],[-66.70845498503583,10.618011409332832],[-66.70862444268118,10.618390479534515],[-66.708776000547,10.618559894743992],[-66.70894545827312,10.618582165191606],[-66.70902578034156,10.618582174967498],[-66.70906585051729,10.618412709639301],[-66.70917733829769,10.618163039102434],[-66.70945383170717,10.61789104173898],[-66.70971687762922,10.6176190377834],[-66.70988633559195,10.61757886038779],[-66.71009595469646,10.617712638782795],[-66.71036790537,10.618301229070026],[-66.71057752462426,10.618533129054349],[-66.71072463067644,10.618533134120081],[-66.71089408889243,10.618510832682837],[-66.71110816056559,10.618319097000475],[-66.71130433241738,10.617819663213835],[-66.7114960520683,10.61747187198117],[-66.71164770144213,10.617382688092825],[-66.71181715989,10.617449606001813],[-66.71198661838044,10.617699295386805],[-66.71229427878332,10.618212113435446],[-66.71261529612224,10.618399388769525],[-66.71288733867387,10.618399351353982],[-66.71314593366587,10.618301266757989],[-66.7134446900554,10.618149636107695],[-66.71361414895429,10.618029291378775],[-66.71361414895429,10.617841948113245],[-66.71359633986695,10.617730495035326],[-66.71355617855944,10.617672532721082],[-66.71346704227234,10.617520970005913],[-66.71325742212059,10.617329154097906],[-66.71321726083323,10.616932343135357],[-66.71323516077324,10.616361537601154],[-66.71332429702974,10.615871078317303],[-66.71361414895429,10.615581195547735],[-66.71425627590219,10.615228982050537],[-66.71485824207528,10.615090714463948],[-66.71546466106845,10.615010428072807],[-66.71583474592649,10.614952448093163],[-66.71642780892374,10.614680491573168],[-66.71653484562853,10.614390627465571],[-66.71655719794764,10.61398931485228],[-66.71639664289148,10.613779769548936],[-66.71620492185001,10.613610282513065],[-66.7160354623017,10.613458722832743],[-66.71586600279585,10.613351652836803],[-66.71558505447537,10.613119825251012],[-66.71533536311645,10.612700614903467],[-66.71514809465776,10.612508873355907],[-66.71491621258184,10.612321592884472],[-66.71472449196001,10.612169986297287],[-66.7146441692133,10.611942570566635],[-66.71468433058546,10.611768708479948],[-66.71496527853172,10.61143869681866],[-66.71509457641295,10.611269293415047],[-66.71511683782157,10.610961616358372],[-66.71507676728659,10.610640508521584],[-66.71482707611536,10.610372972724418],[-66.71452831911463,10.610261530244413],[-66.7143142463571,10.610172314425375],[-66.71410462594251,10.609980604364315],[-66.71393525778333,10.609650634239058],[-66.71373454203162,10.609062046502245],[-66.71360524441057,10.608758767746453],[-66.7134848513563,10.608321764129828],[-66.71335555378302,10.607751013703284],[-66.71317719041089,10.607309582440736],[-66.71291405227701,10.607140165949781],[-66.71234779680628,10.606859217859691],[-66.71173683748903,10.606689728677708],[-66.71124636222086,10.606480168261347],[-66.71090744565443,10.60627062870956],[-66.71061768575451,10.606199251787682],[-66.71019399503689,10.606350845597596],[-66.70945383170717,10.606712073569403],[-66.70915507708497,10.606698664503135],[-66.70911491604184,10.606640713240678],[-66.708927649309,10.606301837857007],[-66.70888748827944,10.605949574256252],[-66.70880725708953,10.605499214050118],[-66.7088652270763,10.605298544843997],[-66.7091238205263,10.60507109973199],[-66.70946718844061,10.60486155661345],[-66.71006469809416,10.60449146475479],[-66.7103947097357,10.604549380784192],[-66.71059533363196,10.604638579566286],[-66.71084502323839,10.604910574460511],[-66.71118393977346,10.60495964624981],[-66.71152730873693,10.60499976696938],[-66.71171457619181,10.604981966973057],[-66.7119062959593,10.60486151956082],[-66.7121872427501,10.60475002268175],[-66.71249490324443,10.604741114363097],[-66.71285608194225,10.6048927473885],[-66.71314593366587,10.605080025501012],[-66.71363641031415,10.605530434246562],[-66.71398423279923,10.60614126746974],[-66.71432760318677,10.606712084380245],[-66.71455503278267,10.607131204401329],[-66.71461745554173,10.60755038359929],[-66.7147869147347,10.607849171052422],[-66.71501434448514,10.6080586924465],[-66.71547801792086,10.608460068504462],[-66.71625844018266,10.608950559733191],[-66.71665523922589,10.609311706638753],[-66.71680688975749,10.609539139860262],[-66.7168246989294,10.609980593374493],[-66.71709674317486,10.610301651676188],[-66.71728846446895,10.610930359221518],[-66.71766745492144,10.611202358033054],[-66.7178369148783,10.611229102932782],[-66.7180465364493,10.61112214283646],[-66.71815802571179,10.610890266426653],[-66.71823825801228,10.610622689961119],[-66.71851475512972,10.609672935081784],[-66.71868412443519,10.609191305390544],[-66.71892491241549,10.608219222382374],[-66.7189561694275,10.607572703740622],[-66.7189561694275,10.607131201041605],[-66.71885803695275,10.606462354234003],[-66.71881796619631,10.605539292747357],[-66.71892491241549,10.605120152202739],[-66.71893836019956,10.604651975685849],[-66.71882687080866,10.603978663808652],[-66.71855482586824,10.603291901308644],[-66.71832739492807,10.60293074905308],[-66.71809551176284,10.602569573247655],[-66.7177878487202,10.601851681597477],[-66.71772542566866,10.60131205937746],[-66.7178146533802,10.601062361314646],[-66.71788598103994,10.601008840715117],[-66.71800637487756,10.600928600702078],[-66.7182649718268,10.601111426981474],[-66.71870647682523,10.60149042845913],[-66.71900523567021,10.601749079133064],[-66.71940648863274,10.602302009160447],[-66.71950462118689,10.60273902127516],[-66.71952688274051,10.603238422255407],[-66.71964727686965,10.60362186657068],[-66.71981673732164,10.603688757154242],[-66.72011549665592,10.604000961782022],[-66.72040535148862,10.60446909730383],[-66.72040535148862,10.604660907511219],[-66.72029831417235,10.605008705399237],[-66.72029831417235,10.605262877508618],[-66.72052574577374,10.60549916281364],[-66.72058816908319,10.605731022512686],[-66.72052574577374,10.605869322385391],[-66.72018691542138,10.60627058183692],[-66.72004416876152,10.606881484443528],[-66.72006652119642,10.607340840410066],[-66.72033847587987,10.607822355665501],[-66.72070856340073,10.608451150689314],[-66.72097615688493,10.608798951038445],[-66.72108764662919,10.609039691587515],[-66.72106529416065,10.609222558289495],[-66.72088692875725,10.609449951344208],[-66.7206952064452,10.61003854671195],[-66.72079779150495,10.610270421628277],[-66.72100732312781,10.610480003496386],[-66.72128827369679,10.61063157971379],[-66.72138640652318,10.61077878106015],[-66.72130608298644,10.610930363767597],[-66.72104748487732,10.611162253994182],[-66.72093599513967,10.611411932193052],[-66.72095825674026,10.611848943437364],[-66.72116787927635,10.612499992422945],[-66.72128827369679,10.612878999202495],[-66.72156477205786,10.613110881253945],[-66.72177430391751,10.61315990646606],[-66.72192595559434,10.61318221860215],[-66.72217564938174,10.613030595546624],[-66.72245660043421,10.612910184956286],[-66.72283559377485,10.612870117240211],[-66.72313435443793,10.612829973394051],[-66.72332607743873,10.612892360510493],[-66.72319677798723,10.613119817535713],[-66.72244760491036,10.613851090923175],[-66.72221572033651,10.614082983697354],[-66.72225588215751,10.61419000508693],[-66.72242534326092,10.61425242490248],[-66.72259480440663,10.61417215125386],[-66.72276871792666,10.61400268008023],[-66.72293817915804,10.613980365147647],[-66.72304512602662,10.614069580780285],[-66.72306747856032,10.614172169236365],[-66.72295598849098,10.614319326939727],[-66.72269738975345,10.614511062380137],[-66.72241643860134,10.614841024988868],[-66.722287139323,10.615219996933122],[-66.7222247158573,10.615469740997725],[-66.72224697750015,10.615741714707694],[-66.72217564938174,10.615951324539553],[-66.72204635014921,10.616138621752995],[-66.72202844997632,10.616281286476122],[-66.72208642109636,10.616473071844716],[-66.72221572033651,10.616749539364418],[-66.72242534326092,10.616959072960869],[-66.72257699508316,10.617061636958242],[-66.72282668910991,10.617168632442446],[-66.72299615035574,10.617168686722403],[-66.72320568265702,10.617052733056767],[-66.72341530588693,10.616869926201217],[-66.72392805166717,10.616250088369897],[-66.72424462217722,10.616022700631106],[-66.72447650744344,10.615888925312976],[-66.72469503575455,10.615920135993685],[-66.72490456857952,10.61611186318834],[-66.72511864468069,10.616379383184768],[-66.72530591589235,10.616722740445793],[-66.72538614903763,10.61703042447392],[-66.72561803469303,10.6173291591528],[-66.72589453481567,10.617391583576305],[-66.72603719184038,10.617422818363464],[-66.72635830655192,10.617329180150925],[-66.7267150402772,10.61742286655669],[-66.7269245737241,10.617440630541914],[-66.72724559798964,10.61740053723057],[-66.72739725088664,10.617262270893756],[-66.72754881295285,10.617110689131158],[-66.72769601355301,10.617070524546877],[-66.72782531385953,10.617280138867558],[-66.7279055473017,10.617721553802525],[-66.72813743381508,10.618002496066199],[-66.72834705856415,10.618060512902618],[-66.72862792130043,10.618131855098717],[-66.72904708029996,10.61821212508552],[-66.72940826780845,10.618261102080645],[-66.72968476946936,10.618341404294766],[-66.72991665658786,10.618238805989723],[-66.73027784455681,10.618051594298015],[-66.73044730765717,10.61785089306259],[-66.73051863664232,10.617569993559906],[-66.73053644617352,10.617320282500152],[-66.730366983051,10.617092866984764],[-66.73017525806769,10.61690107850317],[-66.72996572362148,10.616860950061906],[-66.72977836026396,10.616771800040048],[-66.72969812660139,10.61658003685943],[-66.72961789294826,10.61635267864597],[-66.72957773069281,10.615929058932094],[-66.72969812660139,10.615781862458462],[-66.72991665658786,10.615830947165929],[-66.73018861520934,10.616040524165275],[-66.73050518862925,10.616272336140653],[-66.73096896350269,10.616531004656474],[-66.73157539687485,10.617039374570568],[-66.73193658572143,10.61765027367159],[-66.73258763477888,10.618528683246964],[-66.73279717002967,10.61866245620927],[-66.73294882416063,10.618600025482241],[-66.73307812546244,10.618430585369953],[-66.73326539886,10.618350323422513],[-66.73341705309485,10.618332468916146],[-66.73354635448523,10.618439468564532],[-66.73373808041475,10.618631263585524],[-66.73387628667504,10.618751624933779],[-66.73409481799828,10.618631223439632],[-66.73417505217732,10.618439520426634],[-66.73417505217732,10.618292320172547],[-66.73413498051933,10.618060462700972],[-66.7340190362342,10.617699310509568],[-66.73395661169384,10.617409432718734],[-66.73403684585666,10.61731137451298],[-66.73431780179884,10.617498648851202],[-66.7346968017342,10.61771263945497],[-66.7350758018795,10.617752812951682],[-66.73543699257533,10.617971270621542],[-66.73572685392568,10.618261143355944],[-66.73593639013814,10.618332458861333],[-66.73613711244168,10.618221009952263],[-66.73615492211925,10.617948999457887],[-66.73607914012706,10.617721575906435],[-66.73586506058767,10.617471840460501],[-66.73554848468522,10.617208754448416],[-66.73501782965475,10.616660341311118],[-66.7347057065542,10.616178734711255],[-66.7343267066139,10.616009327280256],[-66.73413498051933,10.61590228285906],[-66.73383621503457,10.615558896852479],[-66.73377824291487,10.615269053379713],[-66.73341705309485,10.615202211702501],[-66.73324758925763,10.615072850975729],[-66.73310493072483,10.614800869443231],[-66.73310493072483,10.614421823932707],[-66.73323868445662,10.614239026127919],[-66.73355525929024,10.61413203038463],[-66.73382721936049,10.614181019668354],[-66.73408591318623,10.614091884733998],[-66.73436677828312,10.61381984287074],[-66.73446491299312,10.613530050214498],[-66.73447827021862,10.613302605630912],[-66.73447827021862,10.612919154313515],[-66.73447827021862,10.612611464542297],[-66.73447827021862,10.61237961566386],[-66.73443819854289,10.61188907137791],[-66.73469680173419,10.611559101369762],[-66.73543699257533,10.611349501204504],[-66.73572685392568,10.611331732396902],[-66.73583834608279,10.611090923843454],[-66.73583834608279,10.610890262615875],[-66.73560645695491,10.61063163470224],[-66.73522745651576,10.610399720953351],[-66.73494650020001,10.610158922765024],[-66.7349063376313,10.60994936779831],[-66.73499556759484,10.609771045179576],[-66.73533885772592,10.609619384339993],[-66.73590522321263,10.609632746021525],[-66.73643587893093,10.609668420553907],[-66.73677471736066,10.609592649121716],[-66.73701551173414,10.609400943152634],[-66.73712700410101,10.60922250638097],[-66.73735889374368,10.608758821897284],[-66.73770663748888,10.60827272506164],[-66.7379162651728,10.607862545219762],[-66.73825519520051,10.607519180831442],[-66.73879911918222,10.607091070833594],[-66.73909788683184,10.60671203406368],[-66.7395572150871,10.606462365211804],[-66.74032866916902,10.60638206733836],[-66.74066750952214,10.606301795555565],[-66.74094846818254,10.606261674763747],[-66.74125614167276,10.606101136626547],[-66.74153700970754,10.605762308154288],[-66.7418581316971,10.605530424351981],[-66.74209892785451,10.605539286248206],[-66.74241550678002,10.605352021063307],[-66.74258497288359,10.605142495205586],[-66.74286584146142,10.604598440250914],[-66.74305756999682,10.603911737417805],[-66.74333852963436,10.603340998339783],[-66.7436372992584,10.603068975164971],[-66.74370862961666,10.603068988185722],[-66.74399849446071,10.60305111562912],[-66.74429726437134,10.603198273028115],[-66.74488580876267,10.60392069689252],[-66.74523809966347,10.604678718268627],[-66.74569743202171,10.605619595873756],[-66.745648363862,10.605949601595537],[-66.74602737005307,10.606390972563618],[-66.74622800443856,10.606792344584893],[-66.74612550642998,10.606961790816904],[-66.74601846508622,10.606961806357976],[-66.74574640931796,10.606890388680112],[-66.74557703330274,10.607001883256872],[-66.74548780196383,10.60714013222109],[-66.74550561188391,10.607291754471921],[-66.74563500641914,10.607421027238932],[-66.74560820066722,10.607541442417682],[-66.74543873381906,10.607670807795136],[-66.74509543863729,10.607559295668752],[-66.74492597191534,10.607670782475802],[-66.74460939183442,10.607871442750335],[-66.74435523737999,10.60825044395896],[-66.74405646744418,10.608330710033718],[-66.74377550751342,10.608370832607683],[-66.74326719931447,10.608428789709869],[-66.74305756999684,10.608531378622162],[-66.74297733477859,10.608660705459512],[-66.7429951446337,10.608830126137555],[-66.74300859289194,10.60903969378972],[-66.7429684298512,10.609142314401183],[-66.74262504503537,10.609182389532927],[-66.74247793209052,10.60911995982462],[-66.7421880678874,10.609008507467752],[-66.74167530840678,10.609088800785186],[-66.74111793392429,10.609280504857454],[-66.74086814234421,10.609481140159458],[-66.74071657732647,10.609730863296626],[-66.74075674023558,10.609900339277592],[-66.74079681228073,10.610011765661838],[-66.74094846818254,10.610092027655101],[-66.74111793392429,10.610158923862011],[-66.74117590666485,10.610279359460534],[-66.74117590666485,10.610368508791504],[-66.74094846818254,10.610408699476872],[-66.74070767242839,10.610381870770075],[-66.74036874118919,10.610261545908982],[-66.74007887787607,10.610341774607063],[-66.74007887787607,10.610609301463386],[-66.74021717628167,10.61093039919311],[-66.74034647895547,10.611099837392807],[-66.74053820678787,10.611202379763956],[-66.74072548222468,10.611291588264983],[-66.74080571717998,10.611411993851931],[-66.74065860462468,10.611559127296573],[-66.74038664184295,10.61159921946879],[-66.74014584628581,10.61154128186271],[-66.73993621792053,10.61158141282505],[-66.73985598306683,10.611719638307006],[-66.7398470781799,10.61180881713959],[-66.74001645278359,10.611982738279442],[-66.74033757406218,10.612169989855333],[-66.74041780897217,10.612312684706675],[-66.74039554673688,10.612459831671321],[-66.7402483434032,10.612522296757641],[-66.74001645278359,10.612562378470011],[-66.7398470781799,10.612410823416262],[-66.73971777560017,10.612312734362746],[-66.73950814736563,10.612241345942245],[-66.73944572232507,10.612330529668112],[-66.73946798452957,10.61245091550322],[-66.73954831020406,10.612731833530713],[-66.73977574822251,10.613021714596913],[-66.74013685052891,10.61347208130609],[-66.74023498606523,10.613868957357509],[-66.74015920362206,10.614158739134558],[-66.74004771076224,10.614350496396932],[-66.74010568341242,10.61462254738707],[-66.7402974111776,10.614809761918565],[-66.74044906696909,10.614832066994676],[-66.7408458800943,10.614881147327909],[-66.74097518288652,10.614961362513],[-66.74124723676769,10.615170944750654],[-66.74143896485157,10.615148664157106],[-66.74148803271102,10.615032781524896],[-66.7414656795746,10.614921282716336],[-66.74135872982228,10.61476070836317],[-66.74133637669007,10.614569035644164],[-66.74144786975913,10.614341598427252],[-66.74157717266463,10.614230116069082],[-66.74174663856148,10.614212275434681],[-66.74191610450013,10.614279178896522],[-66.74229510863532,10.614568997385202],[-66.74260723518984,10.61470280407314],[-66.74279896365313,10.614680441627431],[-66.74288819464337,10.614510999637465],[-66.74288819464337,10.614279133727814],[-66.74280786857831,10.614091849124137],[-66.74276779641589,10.613819906201446],[-66.74278560626556,10.613489932012234],[-66.74282576929562,10.613342730652356],[-66.7429951446337,10.613342760015803],[-66.74308882811383,10.613449785390866],[-66.74336524443122,10.613672689350429],[-66.74364620419443,10.614051727662511],[-66.74385574282476,10.614149809404694],[-66.74402520928322,10.614132047048207],[-66.74415896514476,10.61401160777915],[-66.74436859479803,10.613949185386167],[-66.74457813364833,10.613989299873078],[-66.74474760028467,10.614011624534438],[-66.74478776342926,10.613828822468358],[-66.74466736486934,10.61364154681302],[-66.74445773512508,10.613360580707393],[-66.74430616931593,10.613039556251119],[-66.74430616931593,10.612749726479596],[-66.74448899330571,10.612419681731602],[-66.7448457364792,10.612272573342233],[-66.74507753786094,10.612339430651836],[-66.74515786419097,10.612482135488968],[-66.74528716779393,10.612780901968701],[-66.74568843619218,10.613200083181088],[-66.74597830186985,10.613409601218185],[-66.74619683704603,10.613458671663315],[-66.74648661207054,10.613311561656804],[-66.74678538306065,10.613231295759753],[-66.74700837098257,10.61308861051053],[-66.74715548489557,10.612829942030565],[-66.74730714219884,10.612629273282627],[-66.74745870866826,10.612540121401784],[-66.74766833932567,10.612540150827634],[-66.74783771585484,10.612691708013848],[-66.74800718329287,10.612758606954879],[-66.74810531995163,10.612758623268787],[-66.74825688659648,10.612669390266875],[-66.74834611829385,10.612441976486636],[-66.74844861663257,10.612321587032387],[-66.74864934259001,10.612281476271448],[-66.74891685613423,10.612321604148118],[-66.74931821751242,10.612580279097394],[-66.74973729828586,10.612852279866612],[-66.7501253026112,10.612981555112869],[-66.75033929572228,10.6129592318709],[-66.75039726923897,10.612878993301823],[-66.75052657382423,10.612589187170748],[-66.75063806838065,10.612379616428472],[-66.75084760913603,10.612442013510005],[-66.75109740433464,10.612758576097344],[-66.75128913515945,10.613182232461766],[-66.75136937134506,10.613280356408424],[-66.7515655547645,10.613311569136412],[-66.75175728571917,10.61289239612375],[-66.75196691768166,10.612531221447668],[-66.75205605899058,10.611880137932792],[-66.75220771737024,10.611652762619121],[-66.75239944850298,10.611701826268343],[-66.75258672716312,10.612080794087955],[-66.7526669634993,10.61245095963489],[-66.7527471998448,10.613168860922718],[-66.75272938973785,10.613900150860124],[-66.75286759981444,10.614238993921616],[-66.75314856344772,10.614430746046798],[-66.75350531109736,10.61444862872554],[-66.75367914159031,10.61437282688693],[-66.75378618412154,10.614252382191923],[-66.7538976792035,10.61378863272703],[-66.75395565301851,10.61353007166926],[-66.7538976792035,10.612919168226046],[-66.75385751552889,10.61233948074681],[-66.75394674794943,10.612210115839279],[-66.75407605319839,10.612250236651112],[-66.75445951655236,10.612678380126088],[-66.7548385275784,10.612990481935],[-66.75519972864136,10.6129994042697],[-66.75553866716857,10.612981579020135],[-66.75570804562605,10.61278980920301],[-66.75580618337787,10.612620402869888],[-66.75589532518116,10.612018371684654],[-66.75604698440186,10.611929216954833],[-66.75613612623613,10.611911371842746],[-66.75634575952454,10.612018432237004],[-66.75659546583897,10.61245983031531],[-66.75673812923947,10.612972608626881],[-66.75693876673392,10.613191144804222],[-66.75710823640193,10.613191171271618],[-66.75736684810384,10.613070720937166],[-66.75751850764638,10.612959274121701],[-66.75759874455377,10.612981548325175],[-66.75766562379512,10.613030606782674],[-66.7578573564385,10.613030599416096],[-66.75817839514912,10.612780938442603],[-66.7584593609356,10.612419757250372],[-66.75860647728379,10.612299296569898],[-66.75874914109778,10.612299321839028],[-66.75885618441187,10.612401855401224],[-66.7588785381111,10.612718463865196],[-66.75908808135941,10.613200046552466],[-66.75927981439568,10.613329371592688],[-66.75944928463531,10.613391778191101],[-66.7596588280558,10.613400691547271],[-66.75988627269865,10.613311570404214],[-66.76016714830722,10.613208962391582],[-66.76048818808557,10.613110839102799],[-66.76075579707158,10.613088583740739],[-66.76099659981259,10.612901313591495],[-66.76099659981259,10.612691717197158],[-66.76099659981259,10.612361768296237],[-66.76108574228239,10.612152206360529],[-66.76123740263701,10.61212991711591],[-66.76135771321145,10.6123216019487],[-66.76150937362536,10.612379574857766],[-66.76167884440864,10.61233942604699],[-66.7618259614384,10.612241331921236],[-66.76197753108532,10.612259206393862],[-66.7620578593768,10.61236174876962],[-66.7620578593768,10.6124910830051],[-66.76192855264065,10.61275862450972],[-66.76169665474535,10.613159955242068],[-66.76166984837138,10.61336947452413],[-66.76175908179654,10.613458678849117],[-66.76185712953456,10.61344978263673],[-66.762187166137,10.61314211509064],[-66.76269994082739,10.612370680136683],[-66.76297636497988,10.612058524162777],[-66.76312802574661,10.612058524181293],[-66.7632260736775,10.612178881152754],[-66.7632885008659,10.612388519988935],[-66.76318600033242,10.61278980824812],[-66.7632885008659,10.613070719505622],[-66.76343570910524,10.613209011905816],[-66.76362744334017,10.61320900020815],[-66.76379691463919,10.613088585762815],[-66.76396629511007,10.61290129075114],[-66.76409560222476,10.612780881556704],[-66.76430969051516,10.612821014232257],[-66.76466644389906,10.613008307078342],[-66.76489825191402,10.61300828143133],[-66.76510788784495,10.61297261438605],[-66.76528626471838,10.612852248520898],[-66.76551807293946,10.612660501138983],[-66.76577668776864,10.612522234729733],[-66.76585701649827,10.612290410158453],[-66.76596842264769,10.61203173377492],[-66.76626720203346,10.611719621710634],[-66.76647683837598,10.611532324536062],[-66.76662840903478,10.611202359146647],[-66.76680678629712,10.610872392341673],[-66.7670386858933,10.610760913896545],[-66.76712782913631,10.610841207598188],[-66.76724823159782,10.610952635819956],[-66.76761834435105,10.611389688239209],[-66.76773874689715,10.61159926331995],[-66.76773874689715,10.611871249242139],[-66.76746668260742,10.612120973498667],[-66.76739980242417,10.61234839293533],[-66.76754701153163,10.612620353224795],[-66.76781898498281,10.612838903718943],[-66.76800626779846,10.612879035937231],[-66.76807760066477,10.612861164658272],[-66.76824707304522,10.612798718299018],[-66.76853694815051,10.612740736052615],[-66.76889806545624,10.612820996810685],[-66.76919684609587,10.612910205857132],[-66.76963829290736,10.612910186769808],[-66.76983893411925,10.612789780007544],[-66.76996824232212,10.612620369541558],[-66.77023585494725,10.612219060808732],[-66.77045875953115,10.612178885231682],[-66.77076644612205,10.612388501771536],[-66.77117672541054,10.612522294459534],[-66.77138627235591,10.61240185555131],[-66.77201945708902,10.612419693655742],[-66.77248771247027,10.612281502850175],[-66.77268835449934,10.61203174970476],[-66.77292016517603,10.61184006755152],[-66.77399934438903,10.61166168288499],[-66.77450767508586,10.611688417106768],[-66.77486879547227,10.611688400449324],[-66.77510960308044,10.611648326455311],[-66.77535931611386,10.61143870459218],[-66.77569826444193,10.61147882226769],[-66.77593007611394,10.61175976415275],[-66.77615752605706,10.612098666117324],[-66.77645630979393,10.61221906173369],[-66.77673719206642,10.612250259755974],[-66.77707605018885,10.612210101097512],[-66.77751750196502,10.612018412614646],[-66.7779277852046,10.611902486997984],[-66.7783781428969,10.6118088377651],[-66.77848964191008,10.611661687985427],[-66.77855652315223,10.611469936096837],[-66.77853871238604,10.611309376901286],[-66.77851635805767,10.610970525520603],[-66.77838704827789,10.610439898921788],[-66.7783781428969,10.609748707182382],[-66.77824883314256,10.609521278146682],[-66.77797685564133,10.60924035382169],[-66.77771823630414,10.60903079202157],[-66.77737038163251,10.608839080308018],[-66.77725888279694,10.608709742758789],[-66.77721880864767,10.608419885640656],[-66.77725888279694,10.608112196482516],[-66.77739709773755,10.607648468970888],[-66.77752649820624,10.607291747383647],[-66.77795004864305,10.606850332831312],[-66.77822656969464,10.606752162051183],[-66.77873935614558,10.606770075978337],[-66.77892664188043,10.606752218734217],[-66.77910047870857,10.606712068271088],[-66.77946614502574,10.606631800191392],[-66.77983626423276,10.606551556147666],[-66.78038921705677,10.606529283309818],[-66.7807102661185,10.606538164206857],[-66.78104912615598,10.606792353576173],[-66.78141034077619,10.60735860265198],[-66.78161989077665,10.607742125277504],[-66.78182944083945,10.607889256585805],[-66.78205689269112,10.60791156203053],[-66.78218620314532,10.607889283144468],[-66.78233786807232,10.607742122512935],[-66.78252960748151,10.607701995618548],[-66.78269899248167,10.607911523117929],[-66.78277923227867,10.608330721487723],[-66.78306911338817,10.608758817471855],[-66.7833679000609,10.609008544552577],[-66.7836398796453,10.609048660795683],[-66.78384052485866,10.609030795757768],[-66.7839386665599,10.609030795429005],[-66.784090240992,10.609289465693598],[-66.78414821731216,10.609539107670669],[-66.78433995721375,10.609579250881254],[-66.78446926808675,10.609400920552014],[-66.7846565553454,10.609169032433986],[-66.78491962996299,10.609079831205285],[-66.78514708281158,10.609249285866861],[-66.78520951195225,10.609481151526014],[-66.78518715741215,10.609690719680849],[-66.78508910640934,10.60986907224047],[-66.78504894094223,10.610190168157322],[-66.78524068108858,10.610462146250526],[-66.78563751974652,10.610631602556161],[-66.78580699636524,10.610631606444331],[-66.78599873671749,10.61063165434485],[-66.78631978833383,10.610640536578284],[-66.78656950534435,10.610551339097736],[-66.78675679316018,10.610390815891],[-66.78703767954084,10.610181262123993],[-66.78735873162934,10.609949404221938],[-66.78782699722115,10.609931537104128],[-66.78805881288508,10.610038542447743],[-66.78822829008456,10.610118817172765],[-66.78837986543735,10.610132184885774],[-66.78847800776941,10.61013218338589],[-66.78866084333549,10.609940437283392],[-66.78884813170541,10.609918163662055],[-66.78907994770404,10.609998384104111],[-66.78920925944463,10.610109864192555],[-66.78953930891355,10.610430992229528],[-66.78970869559502,10.610560258954997],[-66.78994950827528,10.610560262685153],[-66.79017696274248,10.610448801955432],[-66.7903107274493,10.610288288951578],[-66.7904578504814,10.610118788297562],[-66.79064959209475,10.61010094865213],[-66.79089931063396,10.610158980771756],[-66.7911981006175,10.610172303145989],[-66.79138984243126,10.61010987473406],[-66.79176878256646,10.61009204518418],[-66.79225931496566,10.610069802261577],[-66.79251793963142,10.610029643793764],[-66.7927096818022,10.609900331171032],[-66.79297721219729,10.609802240370279],[-66.79338750442247,10.609891414625771],[-66.79365948786,10.610020701379765],[-66.7939181130363,10.610100994924732],[-66.79416783272674,10.610078668593687],[-66.79439965046562,10.610020709325974],[-66.79460038960369,10.609851272063455],[-66.79478758866996,10.609788807818756],[-66.79555010731823,10.609842352395068],[-66.79597821223571,10.609842363782452],[-66.79621012143903,10.609762114401375],[-66.79645984193536,10.609539133284292],[-66.79664704149162,10.609329586598653],[-66.79678080741832,10.609271555806712],[-66.79687895091315,10.609338514418928],[-66.79711086041033,10.609548094089265],[-66.79742746425039,10.60980225816568],[-66.797917909685,10.609909273515541],[-66.79843071041482,10.609909274567809],[-66.79922885554295,10.609788816163714],[-66.79991113720658,10.609610446377205],[-66.80071828052995,10.60953021664159],[-66.80175724490363,10.609539179271982],[-66.8021005678467,10.60940981861011],[-66.80247960456472,10.608999562979816],[-66.80256875228527,10.608491280192144],[-66.80243053242972,10.60788035956775],[-66.8022610518413,10.60738090033647],[-66.8019890651152,10.606828025506207],[-66.80175724490363,10.606350847381576],[-66.80152978672926,10.60609222331248],[-66.80140047274561,10.606029829490687],[-66.80137820856947,10.605918315698029],[-66.80137820856947,10.605762255580586],[-66.8015075225491,10.605690963404953],[-66.80160112298469,10.605668628197538],[-66.80177950909159,10.605699860783666],[-66.80220761775529,10.606101150234936],[-66.80260891874401,10.606440056657934],[-66.80309046205353,10.606801226174516],[-66.803710316639,10.607140160735636],[-66.80406699907729,10.60738988314822],[-66.80466004650147,10.607840224541638],[-66.80499001226735,10.608130063880013],[-66.80517730493868,10.608509092266702],[-66.80545828947507,10.608718626686686],[-66.80581942564878,10.608888101092022],[-66.80636794586292,10.609021899348344],[-66.8066577457284,10.609030814995277],[-66.80693863997159,10.609111060413767],[-66.80718836422474,10.609200277721163],[-66.80738011034435,10.60918242223815],[-66.80758076226292,10.609160124150856],[-66.80776805561264,10.60899066305023],[-66.80793753750702,10.608888072227458],[-66.80801778015517,10.608888117803126],[-66.80808021130441,10.60898174104762],[-66.80838791425342,10.609338514709535],[-66.80874905190564,10.609601586599686],[-66.80911028061506,10.609659508231],[-66.8095383027933,10.609619386856572],[-66.80993969877106,10.609458900934634],[-66.81027857275203,10.609360777062927],[-66.81051039572586,10.609400884673223],[-66.8108894369002,10.609570384019548],[-66.81117033280256,10.60965953065923],[-66.81149139577231,10.609659556692339],[-66.81191060444574,10.609659571091838],[-66.81228964635973,10.609579234479337],[-66.81266859759822,10.60966844193622],[-66.81328846047475,10.610221381370005],[-66.81366750311595,10.610511191250453],[-66.81409107509805,10.610618216139514],[-66.81438987479274,10.610537992527691],[-66.81455926737554,10.610350688096949],[-66.81488033186008,10.609949360397973],[-66.81508989171701,10.609539149683428],[-66.81543776484932,10.609240397232067],[-66.81570975668153,10.60917798338126],[-66.81604863338475,10.609351825153878],[-66.81653909158297,10.609628288913783],[-66.81716786366215,10.609909217592946],[-66.81778763953977,10.61003858046285],[-66.81839860094505,10.61003852654233],[-66.81928146517278,10.609998423610197],[-66.81991914554513,10.60977104086663],[-66.82044977383485,10.60931174036772],[-66.8206682412215,10.609102161102465],[-66.82079755867827,10.608847976649594],[-66.82098930842842,10.608558124848951],[-66.82131037577815,10.608518032036802],[-66.82164925511418,10.608500172625597],[-66.82230029647299,10.608861337690078],[-66.82270160869162,10.609070893230355],[-66.82315199468061,10.609102176996931],[-66.82353104250905,10.608981712154812],[-66.8236781723718,10.608790021104545],[-66.8236781723718,10.608451138968384],[-66.82358002520864,10.607817911233983],[-66.82330803040851,10.607059895304237],[-66.8230806562839,10.606578286899119],[-66.82279075892261,10.606119029518513],[-66.82241180235921,10.605739981166264],[-66.82213971712186,10.605499225309945],[-66.82190789040227,10.604750044253171],[-66.82193906114072,10.60381808342532],[-66.8223582758966,10.603372214294321],[-66.82270160869162,10.603131402822079],[-66.82300032107872,10.603118040461267],[-66.82371824913392,10.603581787751638],[-66.82415972980327,10.603938474555997],[-66.82498916529286,10.604491470612057],[-66.82561785385396,10.604919526650034],[-66.82686196451169,10.605650782153942],[-66.82758880239142,10.606391000065859],[-66.82803919142077,10.606810158249653],[-66.82836916790289,10.607260501069819],[-66.82843150993759,10.607550395061393],[-66.82857873167345,10.607782214102382],[-66.82874812758422,10.607911557759412],[-66.82902012442716,10.608040906719374],[-66.8292296883857,10.608210339151492],[-66.82939917532619,10.608419902334841],[-66.8295106823054,10.608589362072983],[-66.82963100444398,10.60869188649932],[-66.82980049147817,10.608709745064047],[-66.83012156273502,10.608549240666477],[-66.83054959737974,10.608089887974996],[-66.8308305918102,10.608009698517828],[-66.83112040150965,10.60816128151626],[-66.83149945350488,10.608348571812595],[-66.8316108699285,10.608330729431763],[-66.83197211008176,10.60825049559972],[-66.83238233370867,10.608139000950269],[-66.83269895307738,10.607920473004338],[-66.8331002710516,10.607648503339984],[-66.83338117558964,10.60760832838783],[-66.83368879844492,10.607630621757597],[-66.83407230481589,10.607800125204609],[-66.83446026442844,10.607969572874275],[-66.83473226340868,10.608058733085425],[-66.83487939554222,10.608018547010161],[-66.83511131728558,10.607911529733219],[-66.83535205431436,10.607719847209328],[-66.83573110851371,10.607291734401281],[-66.83607890068448,10.60673879603004],[-66.8364713144174,10.606159152296739],[-66.83663180606052,10.605838050737729],[-66.83693061505758,10.605739977252844],[-66.83718034967825,10.605739974939661],[-66.83749242719554,10.605820277738758],[-66.83775997424735,10.6058380972281],[-66.83817020113342,10.605980781798275],[-66.83854925679732,10.606118968561944],[-66.83879899197184,10.606368751215854],[-66.83891931564538,10.606520283398291],[-66.83899965261065,10.606680833534154],[-66.8390888048415,10.60686813613225],[-66.8392403909226,10.606979575501596],[-66.83932063704421,10.606979609861163],[-66.83944105168266,10.606908233534227],[-66.83970859944846,10.606640728902434],[-66.83995833501935,10.606658532800699],[-66.84021252375027,10.606761147555225],[-66.84048007179851,10.606921669053696],[-66.84087248789693,10.606939445324038],[-66.84126036024561,10.606881546830051],[-66.84142984998459,10.606770008374902],[-66.84157253038511,10.606618453032807],[-66.84178209795377,10.606390975817195],[-66.84219232709756,10.606141324779964],[-66.84252230998955,10.606069958735274],[-66.84306186096536,10.605958496458255],[-66.84376190554754,10.605771212903173],[-66.843989377013,10.605771165454279],[-66.84423902316523,10.605829145181314],[-66.84430145743649,10.605909459267329],[-66.84436834481303,10.60615913404303],[-66.84452892906944,10.606270626516238],[-66.8448009317979,10.60626167113285],[-66.84502831270618,10.606199287827408],[-66.84517099380771,10.606127944440928],[-66.84539846571046,10.605940669938233],[-66.84557231863455,10.605971848490094],[-66.84576852802181,10.606101177591531],[-66.84588894372084,10.60623940300935],[-66.84611187185581,10.606440027789606],[-66.8464418565126,10.606631769612989],[-66.84666033170161,10.606729933696284],[-66.8468520882647,10.606747737695407],[-66.84714190432169,10.606747698961597],[-66.84739164242683,10.606658564976367],[-66.84752987086868,10.606560482819974],[-66.84785094992048,10.606448951229083],[-66.84804270679449,10.60644894551222],[-66.84830126057348,10.606341961442654],[-66.84870258711153,10.606020928151551],[-66.8490103072912,10.605708777017904],[-66.8495498630382,10.604981941461212],[-66.84982186762672,10.604500334853064],[-66.84994228399019,10.604259529716554],[-66.85016076022,10.603898362002932],[-66.85037923651471,10.603621903820109],[-66.85062006944385,10.60326070068961],[-66.85091879326583,10.60305117191635],[-66.85111945722166,10.603028826307145],[-66.85140036867557,10.602997604864004],[-66.8518418660915,10.603028855595214],[-66.85223865053264,10.603131411025476],[-66.85282283103783,10.603318727111333],[-66.85329995453824,10.603608547296098],[-66.8540000088731,10.604241697825783],[-66.85447267997404,10.60470990931997],[-66.85480266838034,10.604999751771564],[-66.85498997390053,10.605088920772532],[-66.85519954529582,10.605071112484584],[-66.85556961253634,10.605079993514199],[-66.85626076268046,10.60552146668215],[-66.85682268049322,10.606061010485485],[-66.85742013328301,10.606431148946243],[-66.85765206215052,10.6067611520588],[-66.85774121664443,10.607229332982449],[-66.85795969518462,10.607528055889851],[-66.85832985468895,10.607768875252239],[-66.85890949594462,10.60791157451887],[-66.85972106717061,10.608049825716888],[-66.86042112758903,10.608250453113913],[-66.86095178527819,10.608428835362615],[-66.86164294045093,10.608669610186153],[-66.8623207366427,10.608758765233171],[-66.86325263925644,10.608928219785039],[-66.86408202811413,10.608981758622123],[-66.86440311436274,10.609030813797288],[-66.864759826534,10.609030795249433],[-66.8651611620122,10.608901446853306],[-66.8653127534585,10.608821224393505],[-66.86545989170843,10.608611649059991],[-66.86562938701081,10.608241499202853],[-66.86580324469895,10.608130023549917],[-66.86603962942016,10.60824152370371],[-66.86610206553553,10.608451095153473],[-66.86614214461673,10.608718629567992],[-66.86628928303085,10.608847942336956],[-66.866481044689,10.60884800514078],[-66.86665054022423,10.60883013999296],[-66.86688238109662,10.608789976765324],[-66.86710976880411,10.608789985111482],[-66.86718111148446,10.608749849483289],[-66.86735060717922,10.60870975996318],[-66.86752001203014,10.608161246560872],[-66.86776085053803,10.607831265891509],[-66.86823353041727,10.607349761015335],[-66.86855007433039,10.606890445529409],[-66.86866158724828,10.606390975455382],[-66.8685991509181,10.605909433821452],[-66.8682022668282,10.605441200557973],[-66.86793916196655,10.605271805759157],[-66.86754236911099,10.605209371819301],[-66.86731043715048,10.605080013116755],[-66.86716329853434,10.604928406298988],[-66.86693145757437,10.604718829242568],[-66.86676196197512,10.604611866349922],[-66.86668171286573,10.604491423204983],[-66.86672188286052,10.604090110266625],[-66.86692255110225,10.603711068791709],[-66.86713212587263,10.603479206883113],[-66.86764043127434,10.602881737233758],[-66.86818000061007,10.602141476351115],[-66.86845201204717,10.60210135991719],[-66.86852335485621,10.60211922607696],[-66.86881317940794,10.602190553385082],[-66.86908964432536,10.602319813831198],[-66.86932148595749,10.602658705402561],[-66.86933039245832,10.602810377662395],[-66.86939282884978,10.603211676615706],[-66.86960240431559,10.603448008625977],[-66.86988332277961,10.603568390824737],[-66.87005281908945,10.603599617285925],[-66.87017323874318,10.603657618424377],[-66.87024003757837,10.603889420014971],[-66.8704006274556,10.604228351861689],[-66.8706592799282,10.60442010313177],[-66.87089112204859,10.604478049557585],[-66.87114077728589,10.604509292456724],[-66.87157337993351,10.604741120417156],[-66.87209950143266,10.604968541690097],[-66.87258109060284,10.60524948603873],[-66.87287991415808,10.605441216107252],[-66.87315183642662,10.605508116703223],[-66.8734104898528,10.605490231974107],[-66.87370031630358,10.605378800180112],[-66.8740035935849,10.6052004521352],[-66.87428006042568,10.605160274272336],[-66.87447173325596,10.605240549710578],[-66.87464123060772,10.60545012844432],[-66.87476165100163,10.605789019457378],[-66.87506038454558,10.606061056046764],[-66.87551961830356,10.606337470963933],[-66.87592986615401,10.606471301177955],[-66.87629112801626,10.606448985830236],[-66.87646053489676,10.606261733556005],[-66.87658986217095,10.606069940766321],[-66.87709372071714,10.605311920652353],[-66.87724086129089,10.605271777828401],[-66.87730329834359,10.605271786842719],[-66.87741035926993,10.605338706064485],[-66.8779320315748,10.605797974664474],[-66.8781906866537,10.60607887130393],[-66.87834228074706,10.606078867385188],[-66.87842253110985,10.60600756139584],[-66.87881051401558,10.605579481453654],[-66.87921176616611,10.605369856132821],[-66.8794213443849,10.605369836409976],[-66.8797201706715,10.605561646748196],[-66.88006343933563,10.605860391651229],[-66.88031318851797,10.606127925052744],[-66.88048259630762,10.60619925980081],[-66.88054058031308,10.606221550383781],[-66.8806921748814,10.606087794858277],[-66.8811024255634,10.605739973917322],[-66.88146359903433,10.605338697071417],[-66.88153048976164,10.605111265626032],[-66.88163309796772,10.604959605293086],[-66.88182041023833,10.604950722643162],[-66.8820299891855,10.605048825939374],[-66.8823331789541,10.605280687559432],[-66.88260964886771,10.605410033343441],[-66.88290393220768,10.605369855528664],[-66.88341224832845,10.605271747590495],[-66.8838002338126,10.605129123234363],[-66.88454039688415,10.604558279453052],[-66.88474997658946,10.604469113556505],[-66.88499082064203,10.604357649014583],[-66.8853519959808,10.60429968378099],[-66.88560165603567,10.604299702963147],[-66.8858112360364,10.60438889760034],[-66.88608325387804,10.60476790870346],[-66.88686359026939,10.605450146593352],[-66.88707317062116,10.605579461813608],[-66.88726048424593,10.605579481614015],[-66.88747006470804,10.60557945524553],[-66.88758148955681,10.605521461546905],[-66.8877108187453,10.605271800405621],[-66.88784014795597,10.605191518989418],[-66.88799174399504,10.605137990372121],[-66.8881835112104,10.60508002065373],[-66.88835292077202,10.605039902419424],[-66.88843317220316,10.604959602680955],[-66.88865175060648,10.604620787703668],[-66.88888359828768,10.604540476041773],[-66.88905300800647,10.604540475169195],[-66.88920015092076,10.604647476117236],[-66.88944990313493,10.604839265409574],[-66.88966393757636,10.604879377676845],[-66.88975309589024,10.604861547188204],[-66.88986015858892,10.604799122794955],[-66.88996267704465,10.604647524918843],[-66.88996267704465,10.604437945638946],[-66.88999394154101,10.60392066546343],[-66.89010091338865,10.603541621255754],[-66.89035066590073,10.603269640717867],[-66.89050226244396,10.6032518142535],[-66.89061368774034,10.603287453749905],[-66.89076083095868,10.603421251035968],[-66.89097041239266,10.603777951250462],[-66.89128260340489,10.604099004668676],[-66.89156352998346,10.604201566972206],[-66.8917507538369,10.604201574754986],[-66.891920255084,10.604179272478936],[-66.89211193241137,10.604018747067489],[-66.89239285929801,10.603871608813318],[-66.89258017424223,10.603849316517064],[-66.89281202312873,10.603960767284986],[-66.89309295027532,10.60410794079988],[-66.89330253235553,10.604107987800965],[-66.89348094073755,10.603889466838378],[-66.89352102128152,10.603639729830284],[-66.8935700995015,10.603430164765616],[-66.89372169669005,10.603278579687883],[-66.89389119837863,10.603260688154126],[-66.89399371738081,10.603309761386763],[-66.89420329971037,10.6035193884693],[-66.89450204097162,10.603688796767425],[-66.89471162344181,10.603711068119921],[-66.89486322085882,10.603519361787047],[-66.8953537314141,10.603211704970855],[-66.8958620559172,10.603051133999747],[-66.89625004779745,10.602801439448156],[-66.89642391257654,10.602248532104644],[-66.89664240240245,10.601481545803237],[-66.89668257399958,10.601200604737835],[-66.8966023216934,10.600991012845235],[-66.89628122166762,10.600741338827099],[-66.89594230814507,10.600438138427588],[-66.89571045830041,10.60013044129566],[-66.89569264467359,10.599978785818836],[-66.89574172303425,10.599711295580006],[-66.89591113428884,10.599479404985958],[-66.89623214327203,10.599421443096093],[-66.89673156153835,10.599421451267219],[-66.89714182093883,10.599439294227452],[-66.89750300208331,10.599381299401939],[-66.8975609873963,10.599091466899965],[-66.89750300208331,10.598859607362913],[-66.89731132339213,10.598560872048816],[-66.89721316647086,10.598288847891142],[-66.89725333809822,10.598141666480997],[-66.8974940952488,10.597958844760168],[-66.89781074236866,10.5977894170232],[-66.89871142419223,10.596719221935539],[-66.89871142419223,10.596429417421792],[-66.89871142419223,10.596028089546849],[-66.8985642794298,10.59576048013284],[-66.89844385523222,10.595608862488588],[-66.89801132802643,10.5953815130516],[-66.8976501466401,10.595189752252926],[-66.89751190891793,10.595038126973396],[-66.89742274969036,10.594908819451817],[-66.89742274969036,10.594788391888088],[-66.8975922522064,10.594699244890618],[-66.8977839309685,10.594748281237974],[-66.89825217630353,10.594868703925878],[-66.89899235352439,10.595278949885877],[-66.8995230384958,10.595680269518757],[-66.89975043607424,10.59597901942505],[-66.8998306887131,10.596460593128336],[-66.89981287498958,10.596799493767572],[-66.89974152921337,10.597129454060411],[-66.89966127658394,10.597321205697217],[-66.89970135745445,10.597468318093997],[-66.899803968128,10.59767794153089],[-66.899844049006,10.597798336305036],[-66.89972362460563,10.597967735086488],[-66.89954085221251,10.598239761786717],[-66.89950068046419,10.598431476687265],[-66.89958093307666,10.598699074522068],[-66.89967018344387,10.598957658691974],[-66.899563119359,10.599461553093995],[-66.89955421250033,10.599938678510428],[-66.89968354373396,10.600027847466183],[-66.89985295586807,10.599880759057903],[-66.9002319520344,10.599590883331935],[-66.90053078655484,10.599278777472854],[-66.90064221332517,10.599238585972385],[-66.90072246605811,10.599260902374487],[-66.90077154474382,10.599341153304463],[-66.90077154474382,10.599488308853724],[-66.90070019887769,10.59972023003916],[-66.90055305373032,10.600179477568133],[-66.90031229561048,10.60070123388144],[-66.90029439098927,10.600999945355522],[-66.90035237651527,10.601249627779884],[-66.90052187968482,10.601481513901431],[-66.90086070436429,10.601628729207494],[-66.90121298039811,10.601691125722045],[-66.90142256472059,10.601597442489718],[-66.90161433533507,10.601579656039263],[-66.90182391976805,10.601401238872706],[-66.90189081229653,10.601191676291359],[-66.90193089328449,10.600910799583367],[-66.90204241114643,10.600620909560185],[-66.9023902342812,10.59992975395505],[-66.90269343221,10.599568550188733],[-66.90294309798118,10.599367948045396],[-66.90309024359051,10.599327780907798],[-66.90322402887577,10.599350052184702],[-66.9033310934756,10.599430361894285],[-66.90341134649195,10.599430371534877],[-66.90356294564445,10.599309987681725],[-66.90366101249836,10.599078116879944],[-66.90394194365757,10.598828410437715],[-66.90426304691779,10.598618790617756],[-66.90477137737665,10.59852069288916],[-66.9050523089449,10.598418141687365],[-66.9051816411122,10.598351243655504],[-66.9052618943233,10.598351252165747],[-66.90545357501681,10.598587568650045],[-66.90568097436572,10.598627726856472],[-66.90579249277623,10.59856972554861],[-66.9058816529841,10.59844043326522],[-66.90628301037913,10.597940993858789],[-66.90662192850671,10.597691338435865],[-66.90676462135416,10.597709157786102],[-66.9069027698688,10.597941025307541],[-66.90696075589752,10.598177306098211],[-66.90689386292433,10.598391363675407],[-66.90668427709792,10.598779293863428],[-66.90653267732525,10.599158375126153],[-66.90614031762165,10.599867379406321],[-66.90593073200206,10.600161671118153],[-66.90546248194447,10.600268636565316],[-66.90520390842359,10.600371226492708],[-66.90510129702255,10.600540646145676],[-66.90508348317577,10.600678891378875],[-66.90520390842359,10.600870645043543],[-66.90537332178556,10.601017791378752],[-66.90571223950931,10.601187236427435],[-66.90592182506894,10.6012496969348],[-66.90626074303623,10.601258578559891],[-66.90662192850671,10.60125858477109],[-66.90755379508023,10.601240725675636],[-66.90825390001342,10.601169366081638],[-66.90928392703972,10.600821565331309],[-66.90957385813022,10.60075027351833],[-66.90981461917252,10.600821634292922],[-66.91012227354027,10.601138160385252],[-66.91046119336946,10.60132991200807],[-66.91122364992387,10.601539470658619],[-66.91173198501095,10.6016910817948],[-66.91205309154313,10.601691120545176],[-66.91224477393851,10.601700039335505],[-66.91233402578618,10.601570743595598],[-66.91246326829685,10.600999974152533],[-66.91259260171718,10.600121478773273],[-66.91289135018606,10.59975139057693],[-66.91306085613816,10.599711253293618],[-66.91319464316807,10.59980935128348],[-66.91331052529506,10.600148246283418],[-66.91337296531897,10.600799268456875],[-66.91385458075418,10.601428039969184],[-66.91432274505719,10.601691142464823],[-66.91455460055738,10.601691119171676],[-66.91499159065158,10.601468174175329],[-66.91523244428316,10.60108021092569],[-66.91534387319638,10.599818271842251],[-66.9153929528207,10.599118228620927],[-66.91556236843688,10.598707995616182],[-66.91592355829269,10.598177329598062],[-66.91627138773798,10.597321211554156],[-66.91649433677013,10.596910934187967],[-66.9167619120494,10.59695112734825],[-66.91693132796729,10.597200815907005],[-66.9171141954055,10.597998965121194],[-66.91722117105924,10.598507289887594],[-66.91717209131822,10.599657753996919],[-66.91718099838208,10.600460419224522],[-66.91729251846614,10.600839431715904],[-66.9174708415681,10.601089100297257],[-66.91779195049969,10.601160470220956],[-66.9179836343271,10.601031198114173],[-66.91809070099023,10.600821577567189],[-66.91811296867671,10.600567385582213],[-66.91822448889582,10.600317744695404],[-66.91841171929185,10.600299912848755],[-66.91871501445233,10.600549580448483],[-66.91890224496763,10.600950881139939],[-66.91915200691035,10.601160475574106],[-66.91945075792856,10.601169373383613],[-66.9198342173456,10.600999986436479],[-66.92047189287348,10.600540669108817],[-66.92098468763011,10.600438140227329],[-66.92155092541256,10.600527268003672],[-66.92189430384,10.60058975555],[-66.92200137104635,10.600638771007471],[-66.92212170806002,10.600638733510909],[-66.92219305592064,10.600598649065383],[-66.92225104310394,10.600469341665754],[-66.92225104310394,10.600348968438507],[-66.92219305592064,10.600219634029719],[-66.9221529738733,10.600130439344346],[-66.92200137104635,10.599969898939019],[-66.92187203604429,10.59985842092475],[-66.92183186312465,10.599711280778703],[-66.92186312892619,10.599421426860467],[-66.9221350687417,10.598569765645271],[-66.92228221803343,10.598190699310702],[-66.92235356590888,10.597249850035752],[-66.92246508674143,10.597000128095932],[-66.92263450391312,10.59691985047645],[-66.92277274617143,10.596960027933875],[-66.92299124351905,10.597187421461456],[-66.92326327462101,10.597570926060829],[-66.92334352972217,10.597949934113316],[-66.92342378483168,10.598489519439307],[-66.9234817721074,10.59910041923475],[-66.92361110737907,10.599341176077928],[-66.92371363036455,10.599479397148071],[-66.92390086209299,10.59952848719472],[-66.92431113604879,10.599470452463596],[-66.92463215693873,10.599488358928426],[-66.92473477094894,10.599550752215158],[-66.924792758323,10.599639962080614],[-66.924792758323,10.599809368567366],[-66.92490418861826,10.600041286706428],[-66.9250736063247,10.600157217340298],[-66.92532337026431,10.600188413960302],[-66.92549278806256,10.600188383361271],[-66.92577372720783,10.600041257471625],[-66.92604130570567,10.599880743377797],[-66.9263623273136,10.59979151451995],[-66.92683495279968,10.599840596877925],[-66.926915299161,10.599858421618427],[-66.92723186754131,10.59981828250585],[-66.92738347139372,10.59972017606232],[-66.92741464653012,10.599229678964212],[-66.92737456421214,10.598899733650192],[-66.92720505511248,10.598600990427437],[-66.92699110105251,10.59839135330206],[-66.92695538145524,10.59827095726582],[-66.92697319580888,10.597927660033355],[-66.92706244936247,10.597597649423903],[-66.92717387998451,10.597160691360086],[-66.92723186754131,10.596879714264116],[-66.92711143884279,10.596420492868013],[-66.92698210298586,10.596077107347467],[-66.92703118335066,10.595889818294447],[-66.92720505511248,10.5957114954982],[-66.92741464653012,10.595617854563473],[-66.927682225595,10.595787233420742],[-66.92798097991147,10.596068229832335],[-66.92823510749491,10.596598813830308],[-66.92850268684306,10.597388117355408],[-66.92869446421803,10.597981160844093],[-66.92896195283491,10.598360154207995],[-66.9292428932383,10.598600951320908],[-66.92957291426917,10.598721381016347],[-66.92974233299667,10.598699036239797],[-66.92979141353621,10.598600977313602],[-66.92987166931407,10.598311112476289],[-66.93007226335003,10.59775822502835],[-66.93033538972412,10.59725878541109],[-66.93041119195,10.596968901492756],[-66.93056279642397,10.596759325401482],[-66.9306519595007,10.596670131217175],[-66.93101315641175,10.596487363401295],[-66.93131191201091,10.596219779338522],[-66.93163302669086,10.595631234694014],[-66.93168201645982,10.59520760124085],[-66.93176227243308,10.595020299714964],[-66.9319317825284,10.594940017996787],[-66.93210120177055,10.595069338010141],[-66.93216364331386,10.595140670169261],[-66.93252484092768,10.595510813352279],[-66.93284141159639,10.595827368167406],[-66.93292166768934,10.59607710366326],[-66.93292166768934,10.596420493635286],[-66.93289494595419,10.597147272149808],[-66.93291276044418,10.597798357262198],[-66.93293502855725,10.598239770800522],[-66.93312235340312,10.598427055576222],[-66.93342556343848,10.5984805740319],[-66.93359498300609,10.598480536070507],[-66.93376440261059,10.598418141770928],[-66.9340542520088,10.59823083630324],[-66.9343530087765,10.598039079787217],[-66.93510212801485,10.597379129095598],[-66.9355926642618,10.596830725367159],[-66.93591368981797,10.596291183553285],[-66.9360832008176,10.596210897045767],[-66.93623480639704,10.596210848166551],[-66.93640422657585,10.596308953826911],[-66.9366628105571,10.596380296277555],[-66.93687240452539,10.596380296136658],[-66.93700174202829,10.596277736525499],[-66.93732276816473,10.595979026406727],[-66.93768396817158,10.595880907194246],[-66.93806298295341,10.595778379850668],[-66.9382725772979,10.595778377749191],[-66.93842418330289,10.595778327116593],[-66.93853570644406,10.595867562482342],[-66.93872294174541,10.596028029998745],[-66.93889236246457,10.596036974168214],[-66.9389727100717,10.595930000597615],[-66.9389727100717,10.595680254636392],[-66.93898161738612,10.595149590253925],[-66.93906187411146,10.594989082302074],[-66.93921348026971,10.594757183024266],[-66.93921348026971,10.594507520397736],[-66.93927146872412,10.593990268666044],[-66.93921348026971,10.593869844770488],[-66.93925356319775,10.59341951231361],[-66.93951223901422,10.592986960802822],[-66.93966384525987,10.592879933362278],[-66.93980209054911,10.59304047547438],[-66.93993133764636,10.59317865822435],[-66.94045305258815,10.593950120642393],[-66.94093468486182,10.594369251983606],[-66.94119327034343,10.594601172030176],[-66.94129588653894,10.594850867763274],[-66.94156337948382,10.595229857106956],[-66.94178188211355,10.595341366571846],[-66.94190231308156,10.59534132248382],[-66.94203165141727,10.595220941272522],[-66.94233486491494,10.59494893536124],[-66.94254436951358,10.594819633305587],[-66.94269152266865,10.594797327353067],[-66.94290557193374,10.594819652116456],[-66.94318206368247,10.59471709036396],[-66.94365469937647,10.594320238621792],[-66.94382421205542,10.59423994285204],[-66.94393564507507,10.594239927100915],[-66.94412297256062,10.594409386200532],[-66.94447517743998,10.594668010398442],[-66.94500580279315,10.594819657216505],[-66.94547407678436,10.59473938703601],[-66.94585309533988,10.594529781764612],[-66.94617412510854,10.594297898929163],[-66.94641489752121,10.594280061566854],[-66.94698569840197,10.59423993453577],[-66.94741370844291,10.594239946972575],[-66.94794433578282,10.59424889369908],[-66.94830554068956,10.594079403633538],[-66.94882280749202,10.593901047203369],[-66.94931335233862,10.593709318078478],[-66.94964329095673,10.593571127634036],[-66.95003567268354,10.59325001992384],[-66.95016501235978,10.592799700369474],[-66.95016501235978,10.592478600202906],[-66.95031216694349,10.592251236218456],[-66.95055294062374,10.592077296391407],[-66.95113265196115,10.591921226693191],[-66.95182379786367,10.591600210040546],[-66.95234552071139,10.591328203808462],[-66.95301439899293,10.590739585743224],[-66.9534245973555,10.59019111443542],[-66.95370554654541,10.589620351265916],[-66.95372336150875,10.589299261013622],[-66.95379471225878,10.58884890508363],[-66.95394186752027,10.58851889690756],[-66.9541246527536,10.588130956114197],[-66.95442341717192,10.587689571305049],[-66.95466428300071,10.587310508171912],[-66.95474454132903,10.586708525796041],[-66.95480244003755,10.586226971538206],[-66.95493623424363,10.585781022968252],[-66.95502540009602,10.585290559558652],[-66.95513247184643,10.584889267331123],[-66.95541333075138,10.584826818835092],[-66.95555603256334,10.584907035881654],[-66.95564528937858,10.584960597510218],[-66.9558860646871,10.58514785868833],[-66.95615356259609,10.585486761147415],[-66.95624272858586,10.585660613093475],[-66.95630517205258,10.585959370851803],[-66.95624272858586,10.586240350627232],[-66.95604212784623,10.586677321178843],[-66.9558236212535,10.587207936130625],[-66.95554267130979,10.587627099129204],[-66.95498531636296,10.588180073811182],[-66.95435206636506,10.58889799434921],[-66.95411574526736,10.589277009216605],[-66.95413365113266,10.58954009301623],[-66.95432534389893,10.589829935717898],[-66.95460629340955,10.590048391062616],[-66.95479353254365,10.590137577914403],[-66.95509229721512,10.589990397492056],[-66.95540442325058,10.589820969281684],[-66.95600195316867,10.589548996289379],[-66.95624272858586,10.589268066894853],[-66.95654594756215,10.588906865438373],[-66.95671546301774,10.588866761625843],[-66.95686261882341,10.588978226104006],[-66.9569963224853,10.589169955518631],[-66.95705431225186,10.589428579259183],[-66.95705431225186,10.589620309325133],[-66.95718365307881,10.58978979577932],[-66.95744224390309,10.589767451007743],[-66.95759385360667,10.58968720743857],[-66.95791488815885,10.589308188056412],[-66.95826273633284,10.58892914189755],[-66.95845452099375,10.588567960591439],[-66.95873538107865,10.588269239525268],[-66.95897615732785,10.588188942537089],[-66.95906541452905,10.58835839633241],[-66.95903414723949,10.588799887075002],[-66.95905196232292,10.589566817783869],[-66.95889589856998,10.59034720124627],[-66.95863285350212,10.591047217988256],[-66.95820474647769,10.59153776082054],[-66.9580041452404,10.591939044125148],[-66.95770537946834,10.592616818498522],[-66.95752250251354,10.593000364647903],[-66.95752250251354,10.593187608804927],[-66.95758494608131,10.593397229726703],[-66.95771428699506,10.593637997379421],[-66.95784353703677,10.59395901892922],[-66.95803532159609,10.594168632087136],[-66.95822256154246,10.594320189472672],[-66.95839207735735,10.594387074376863],[-66.95874428861696,10.594467360324439],[-66.95908322961317,10.594520862345886],[-66.95960495725474,10.59454764100595],[-66.96021585167732,10.594569955267],[-66.96112551352014,10.594659134291534],[-66.96275305458813,10.594708130449533],[-66.96390349708444,10.594449563554107],[-66.9644564045038,10.594529775885484],[-66.96479534794017,10.594578857479906],[-66.96530362702464,10.594828528625868],[-66.96564257082208,10.595087181118906],[-66.96608404328968,10.595127285840059],[-66.96638272132205,10.59508714857359],[-66.96674393464905,10.594948996282039],[-66.96710514813992,10.59479735852681],[-66.96757334433023,10.594699209406002],[-66.96817533723474,10.594601145041096],[-66.96867471082716,10.594578831321241],[-66.96923662011055,10.59462794168859],[-66.96959329000666,10.594779515614292],[-66.96988315258554,10.59514067089065],[-66.97011502454555,10.595640088567079],[-66.97034244273875,10.595787273844314],[-66.97051632407887,10.595849677012058],[-66.97089535462742,10.595787292699882],[-66.97142599769761,10.595769465507813],[-66.97164450858128,10.596010201976311],[-66.97187638105274,10.596317866888601],[-66.97214388434428,10.596389229279287],[-66.97250510027993,10.596407107822683],[-66.97293321499984,10.596349133562118],[-66.97314272770107,10.596291140680279],[-66.97335678520304,10.596139501040515],[-66.97357529661444,10.596099376495541],[-66.97393651319662,10.596108342446593],[-66.9747034854333,10.596090522412432],[-66.9750735193504,10.595970126268933],[-66.9753856532272,10.595720381390596],[-66.97580486175865,10.595238772879705],[-66.97625524757831,10.594940004630146],[-66.97647366888532,10.594868724121591],[-66.97679480194287,10.594779484747292],[-66.97704449139181,10.594779476420584],[-66.97754387052284,10.594699269091567],[-66.97798534956573,10.594507533398495],[-66.97831530008989,10.594168605434993],[-66.97848472928227,10.593807397556608],[-66.97870324209177,10.59346850147363],[-66.97885485583978,10.593428369119827],[-66.97899310796949,10.593660288303651],[-66.97910454592963,10.593887661103881],[-66.97928297395184,10.594587755295102],[-66.97977344670203,10.595158500690284],[-66.98025501197299,10.595559835766233],[-66.98078566124096,10.595689206475031],[-66.98117360443544,10.595559816253441],[-66.98183350823726,10.595207599767626],[-66.98242660405803,10.594859803051229],[-66.98295725475813,10.59456990244259],[-66.98330502294687,10.594297907910502],[-66.98345663756227,10.59397689866708],[-66.9835368987881,10.593539877794127],[-66.98377322860479,10.593227781358287],[-66.98394720375259,10.593107323239922],[-66.9841745349715,10.5932499978365],[-66.98436632585377,10.593606760157705],[-66.98474536294488,10.593909987863269],[-66.98525365469054,10.594128497422153],[-66.98569513796342,10.594190884520833],[-66.98608308352179,10.594239930013718],[-66.9866850903185,10.594280120290307],[-66.98708639813348,10.594280099193483],[-66.98756351384496,10.594208752382313],[-66.98847311586835,10.594208729743759],[-66.98938726375135,10.594128456079156],[-66.9898955584173,10.594079404594382],[-66.99077407632761,10.594048248083702],[-66.99183529814697,10.594097256457742],[-66.9925353871691,10.59397686009892],[-66.99336482346503,10.59374950280997],[-66.99378395044619,10.593566600782406],[-66.99431460860006,10.593379330232652],[-66.99519749437162,10.592928959752612],[-66.99574596934727,10.592679310706599],[-66.99623645208838,10.5920683802233],[-66.99653523221302,10.591359418530406],[-66.99692763694259,10.590690553621185],[-66.9972442332522,10.59069051198224],[-66.99743593633163,10.590846580919804],[-66.99764554629373,10.591577841044177],[-66.99784615743984,10.592398329908804],[-66.99820738488422,10.593129677199048],[-66.99877367785356,10.59370039045597],[-66.99938460205851,10.59380746451353],[-66.9998839949864,10.593847538598528],[-67.00061526894655,10.59371826493159],[-67.00134654356228,10.593530945302609],[-67.00220716690765,10.59333925280317],[-67.00310342327786,10.592848753471072],[-67.00352710018613,10.59257673954415],[-67.00389714728568,10.592206603367599],[-67.00417366011345,10.591916800098067],[-67.00451698336997,10.591827601924217],[-67.00508773474193,10.591577858964081],[-67.00549350566797,10.591238957470445],[-67.00560503816877,10.591060615961819],[-67.00560503816877,10.590770804783844],[-67.00555595295873,10.590338267548526],[-67.00559613011193,10.589789748587291],[-67.00559613011193,10.58950885270048],[-67.00544451136314,10.5892502128663],[-67.00524380745111,10.58901831727734],[-67.00493611608732,10.588728529751748],[-67.00485585274616,10.588590240286502],[-67.00487375974231,10.588469912227955],[-67.00503428643603,10.588238013056813],[-67.00522599134536,10.58768956308918],[-67.00530625472281,10.587248092003172],[-67.0054266043545,10.587199035103854],[-67.00556486101516,10.58728822210512],[-67.00580565127082,10.587587003622657],[-67.00590373082521,10.587769765826987],[-67.00594390799547,10.588260290318706],[-67.00608661877455,10.588536788154691],[-67.00621587658443,10.588777575843794],[-67.00635413337834,10.589027242723297],[-67.0064343968664,10.58931710046985],[-67.0066038319338,10.589517780767073],[-67.0069561551797,10.590200030791532],[-67.00721476199297,10.590690538879063],[-67.00737528914551,10.590788584598181],[-67.0075045471587,10.590797530015102],[-67.00766507436799,10.590636990980116],[-67.00781669352772,10.59057901009523],[-67.00792377230368,10.590628081312353],[-67.00807539151126,10.590739573469655],[-67.00817792537974,10.590886721285994],[-67.00813774809995,10.591078484345172],[-67.00804412231986,10.591230103944424],[-67.00793713442697,10.591399485164162],[-67.00790586524086,10.59151991906676],[-67.00794604250929,10.591586823204716],[-67.00807539151126,10.591667066413109],[-67.00818683346465,10.5916893380633],[-67.00842762449071,10.59168933267918],[-67.00866396154237,10.591707209694386],[-67.00881558088672,10.591747333168948],[-67.00895383811904,10.591778564608743],[-67.0091856303754,10.591707220044313],[-67.00934615791364,10.591600145609203],[-67.0095156844816,10.591568985594375],[-67.0096672130843,10.591640331569948],[-67.00983673971854,10.591769656765628],[-67.00999726738411,10.591809740198636],[-67.0101265258103,10.591760720865942],[-67.01033613902572,10.591617988818685],[-67.01070618919962,10.591568961367942],[-67.01095597997865,10.591479806149193],[-67.01123685834705,10.5912791114462],[-67.0113438466699,10.59102944257469],[-67.01135720884884,10.590730610311336],[-67.01119668091759,10.590449681572048],[-67.01100497461269,10.590298107506046],[-67.01083553863648,10.590200022588313],[-67.01072409632354,10.590128700965522],[-67.01065719458337,10.589959236794888],[-67.01066610269521,10.589807625386214],[-67.01072409632354,10.589678321099122],[-67.01072409632354,10.589477617827416],[-67.0105769306822,10.589218993551025],[-67.01023805894125,10.588920230026265],[-67.01004626196098,10.588679462327407],[-67.01000617548877,10.588518961158243],[-67.01008643933417,10.588389599521923],[-67.01031386875528,10.588340556114773],[-67.0105769306822,10.588420844602938],[-67.01076418283077,10.588590295435035],[-67.01091580256292,10.588617006962421],[-67.01099606649719,10.588608145200201],[-67.01118777280001,10.588447583287767],[-67.01133493855073,10.588380667178136],[-67.01150437462988,10.588358407490377],[-67.01162481607003,10.588398544575664],[-67.01179425220892,10.588518943566887],[-67.01184779185448,10.58875080323653],[-67.01196814244568,10.589187764463476],[-67.01208412989013,10.589437497834583],[-67.01225802018818,10.589459814983334],[-67.0123159230295,10.5893483250964],[-67.01232492205858,10.589227949735069],[-67.01218666425902,10.588947047046592],[-67.01206622273659,10.588398569637906],[-67.01217775613073,10.588148852616634],[-67.01254780713352,10.587908025538844],[-67.01268606499377,10.587818829998092],[-67.01290458699779,10.587930304138402],[-67.01305620712452,10.58815771636566],[-67.01305620712452,10.588710694320403],[-67.01328800053773,10.589018352969674],[-67.01344407480603,10.589276939092521],[-67.013524338987,10.58970955048955],[-67.01372504492333,10.58991905455102],[-67.01398810794116,10.589990433555691],[-67.0142646241686,10.589896817397126],[-67.01457668220542,10.58963813202662],[-67.01481747510283,10.589299242094171],[-67.01481747510283,10.589027243664397],[-67.01467485370662,10.588688361951023],[-67.0146480383417,10.588429725395597],[-67.01464803834172,10.588278152897376],[-67.01475511800751,10.588077463177436],[-67.01503599767236,10.587867930837572],[-67.01522779581563,10.587640494736917],[-67.01528569886575,10.587497774388288],[-67.01524561213832,10.58729713086928],[-67.01522779581563,10.587020642384964],[-67.01527679070394,10.58683782253373],[-67.01523670397692,10.586659498779857],[-67.01495573334411,10.586467781259854],[-67.01473721079587,10.586347320033278],[-67.01449641792192,10.586146719676792],[-67.0143269812268,10.586128843602962],[-67.01416645271628,10.586048550015269],[-67.01408618847275,10.585928163888818],[-67.01409509662169,10.585807784879586],[-67.0142646241686,10.585629464858187],[-67.01457668220542,10.585549165032962],[-67.01492455479062,10.585509018005531],[-67.0150939916086,10.585428791369186],[-67.01528569886575,10.585259313628423],[-67.01524561213832,10.584889206671187],[-67.01514753146871,10.584688543672923],[-67.01498700279836,10.584519143701268],[-67.01494682518586,10.58440761032407],[-67.01498700279836,10.584260486496214],[-67.01512517016849,10.584099994991425],[-67.01544622759428,10.583948371769976],[-67.01576728514509,10.583939402433034],[-67.01610615916218,10.583868055846565],[-67.01655656730534,10.583859196779867],[-67.01687762528826,10.584099973675245],[-67.01701588387486,10.584416585934106],[-67.01692671117434,10.584808987606765],[-67.01663683178936,10.58519693745077],[-67.01659665409649,10.585486722329147],[-67.0167170962812,10.585767696154267],[-67.0171540515848,10.586048588066058],[-67.01786752455493,10.586307227669204],[-67.01831793365898,10.58636966193756],[-67.01849627937007,10.586289391093448],[-67.01864790052473,10.58611996744131],[-67.01901795443088,10.585977226901388],[-67.01920529939714,10.585910328869122],[-67.01963780191224,10.585067576296373],[-67.01960662318197,10.584416598455032]]]},"id":"00000000000000000039","properties":{"acronimo":"PN","ajuste":"1990","ambito":"nacional","cat_UICN":2,"categoria":"Parque Nacional","creacion":1958,"estatus":"creada","fuente":"Provita, 2023","institucio":"Provita","km2_gaceta":851.92,"km2_sig":0.0,"nombre":"Waraira Repano","norma":"DS 473 del 12/12/1958","obs":"","pais":"Venezuela","poligonal":"poligonal cerrada","uso":"indirecto"}}]}